-- --------------------------------------------------------
-- Host:                         127.0.0.1
-- Server version:               8.0.30 - MySQL Community Server - GPL
-- Server OS:                    Win64
-- HeidiSQL Version:             12.4.0.6659
-- --------------------------------------------------------

/*!40101 SET @OLD_CHARACTER_SET_CLIENT=@@CHARACTER_SET_CLIENT */;
/*!40101 SET NAMES utf8 */;
/*!50503 SET NAMES utf8mb4 */;
/*!40103 SET @OLD_TIME_ZONE=@@TIME_ZONE */;
/*!40103 SET TIME_ZONE='+00:00' */;
/*!40014 SET @OLD_FOREIGN_KEY_CHECKS=@@FOREIGN_KEY_CHECKS, FOREIGN_KEY_CHECKS=0 */;
/*!40101 SET @OLD_SQL_MODE=@@SQL_MODE, SQL_MODE='NO_AUTO_VALUE_ON_ZERO' */;
/*!40111 SET @OLD_SQL_NOTES=@@SQL_NOTES, SQL_NOTES=0 */;

-- Dumping structure for table isp_management.activity_logs
CREATE TABLE IF NOT EXISTS `activity_logs` (
  `id` bigint unsigned NOT NULL AUTO_INCREMENT,
  `author_id` bigint unsigned NOT NULL,
  `role_id` varchar(50) COLLATE utf8mb4_unicode_ci NOT NULL DEFAULT '',
  `email` varchar(255) COLLATE utf8mb4_unicode_ci NOT NULL,
  `name` varchar(255) COLLATE utf8mb4_unicode_ci DEFAULT NULL,
  `ip_address` varchar(255) COLLATE utf8mb4_unicode_ci DEFAULT NULL,
  `activity` text COLLATE utf8mb4_unicode_ci NOT NULL,
  `action` varchar(255) COLLATE utf8mb4_unicode_ci NOT NULL,
  `status` varchar(255) COLLATE utf8mb4_unicode_ci NOT NULL DEFAULT 'active',
  `created_at` timestamp NULL DEFAULT NULL,
  `updated_at` timestamp NULL DEFAULT NULL,
  PRIMARY KEY (`id`),
  KEY `activity_logs_author_id_foreign` (`author_id`),
  CONSTRAINT `activity_logs_author_id_foreign` FOREIGN KEY (`author_id`) REFERENCES `users` (`id`) ON DELETE CASCADE
) ENGINE=InnoDB AUTO_INCREMENT=3 DEFAULT CHARSET=utf8mb4 COLLATE=utf8mb4_unicode_ci;

-- Dumping data for table isp_management.activity_logs: ~2 rows (approximately)
INSERT INTO `activity_logs` (`id`, `author_id`, `role_id`, `email`, `name`, `ip_address`, `activity`, `action`, `status`, `created_at`, `updated_at`) VALUES
	(1, 1, 'user', 'admin@gmail.com', 'Admin', '127.0.0.1', 'Created a new offer with title: User Activity Logs', 'create', 'active', '2024-10-07 05:22:15', '2024-10-07 05:22:15'),
	(2, 1, 'admin', 'admin@gmail.com', 'Admin', '127.0.0.1', 'Update a new offer with title: User Activity Logs update', 'update', 'active', '2024-10-07 05:56:39', '2024-10-07 05:56:39');

-- Dumping structure for table isp_management.categories
CREATE TABLE IF NOT EXISTS `categories` (
  `id` bigint unsigned NOT NULL AUTO_INCREMENT,
  `title` varchar(255) COLLATE utf8mb4_unicode_ci NOT NULL,
  `created_at` timestamp NULL DEFAULT NULL,
  `updated_at` timestamp NULL DEFAULT NULL,
  PRIMARY KEY (`id`)
) ENGINE=InnoDB AUTO_INCREMENT=11 DEFAULT CHARSET=utf8mb4 COLLATE=utf8mb4_unicode_ci;

-- Dumping data for table isp_management.categories: ~10 rows (approximately)
INSERT INTO `categories` (`id`, `title`, `created_at`, `updated_at`) VALUES
	(1, 'tempore', '2024-10-02 05:59:32', '2024-10-02 05:59:32'),
	(2, 'id', '2024-10-02 05:59:32', '2024-10-02 05:59:32'),
	(3, 'magni', '2024-10-02 05:59:32', '2024-10-02 05:59:32'),
	(4, 'commodi', '2024-10-02 05:59:32', '2024-10-02 05:59:32'),
	(5, 'laudantium', '2024-10-02 05:59:32', '2024-10-02 05:59:32'),
	(6, 'incidunt', '2024-10-02 05:59:32', '2024-10-02 05:59:32'),
	(7, 'sit', '2024-10-02 05:59:32', '2024-10-02 05:59:32'),
	(8, 'maiores', '2024-10-02 05:59:32', '2024-10-02 05:59:32'),
	(9, 'aut', '2024-10-02 05:59:32', '2024-10-02 05:59:32'),
	(10, 'optio', '2024-10-02 05:59:32', '2024-10-02 05:59:32');

-- Dumping structure for table isp_management.category_offer
CREATE TABLE IF NOT EXISTS `category_offer` (
  `category_id` bigint unsigned NOT NULL,
  `offer_id` bigint unsigned NOT NULL,
  KEY `category_offer_category_id_foreign` (`category_id`),
  KEY `category_offer_offer_id_foreign` (`offer_id`),
  CONSTRAINT `category_offer_category_id_foreign` FOREIGN KEY (`category_id`) REFERENCES `categories` (`id`),
  CONSTRAINT `category_offer_offer_id_foreign` FOREIGN KEY (`offer_id`) REFERENCES `offers` (`id`)
) ENGINE=InnoDB DEFAULT CHARSET=utf8mb4 COLLATE=utf8mb4_unicode_ci;

-- Dumping data for table isp_management.category_offer: ~2,550 rows (approximately)
INSERT INTO `category_offer` (`category_id`, `offer_id`) VALUES
	(3, 1),
	(4, 1),
	(1, 1),
	(7, 1),
	(8, 1),
	(6, 2),
	(3, 2),
	(4, 2),
	(5, 2),
	(2, 2),
	(5, 3),
	(6, 3),
	(10, 3),
	(1, 3),
	(4, 3),
	(5, 4),
	(4, 4),
	(2, 4),
	(9, 4),
	(1, 4),
	(9, 5),
	(7, 5),
	(6, 5),
	(5, 5),
	(1, 5),
	(8, 6),
	(4, 6),
	(1, 6),
	(5, 6),
	(2, 6),
	(8, 7),
	(4, 7),
	(5, 7),
	(6, 7),
	(1, 7),
	(3, 8),
	(6, 8),
	(10, 8),
	(8, 8),
	(1, 8),
	(8, 9),
	(9, 9),
	(10, 9),
	(2, 9),
	(1, 9),
	(8, 10),
	(2, 10),
	(5, 10),
	(6, 10),
	(3, 10),
	(4, 11),
	(8, 11),
	(6, 11),
	(9, 11),
	(3, 11),
	(8, 12),
	(4, 12),
	(1, 12),
	(3, 12),
	(7, 12),
	(4, 13),
	(6, 13),
	(7, 13),
	(2, 13),
	(10, 13),
	(9, 14),
	(3, 14),
	(10, 14),
	(5, 14),
	(6, 14),
	(1, 15),
	(4, 15),
	(6, 15),
	(9, 15),
	(2, 15),
	(8, 16),
	(9, 16),
	(1, 16),
	(10, 16),
	(6, 16),
	(7, 17),
	(8, 17),
	(9, 17),
	(2, 17),
	(4, 17),
	(4, 18),
	(6, 18),
	(3, 18),
	(1, 18),
	(8, 18),
	(4, 19),
	(5, 19),
	(6, 19),
	(8, 19),
	(9, 19),
	(3, 20),
	(4, 20),
	(8, 20),
	(5, 20),
	(1, 20),
	(4, 21),
	(10, 21),
	(8, 21),
	(6, 21),
	(5, 21),
	(9, 22),
	(8, 22),
	(5, 22),
	(2, 22),
	(7, 22),
	(10, 23),
	(8, 23),
	(3, 23),
	(6, 23),
	(1, 23),
	(2, 24),
	(10, 24),
	(5, 24),
	(4, 24),
	(8, 24),
	(2, 25),
	(9, 25),
	(10, 25),
	(3, 25),
	(6, 25),
	(10, 26),
	(9, 26),
	(1, 26),
	(3, 26),
	(5, 26),
	(10, 27),
	(5, 27),
	(9, 27),
	(2, 27),
	(8, 27),
	(5, 28),
	(3, 28),
	(10, 28),
	(9, 28),
	(6, 28),
	(3, 29),
	(10, 29),
	(1, 29),
	(4, 29),
	(6, 29),
	(7, 30),
	(6, 30),
	(3, 30),
	(1, 30),
	(2, 30),
	(1, 31),
	(8, 31),
	(3, 31),
	(2, 31),
	(4, 31),
	(3, 32),
	(4, 32),
	(9, 32),
	(2, 32),
	(1, 32),
	(8, 33),
	(9, 33),
	(10, 33),
	(6, 33),
	(7, 33),
	(6, 34),
	(3, 34),
	(5, 34),
	(7, 34),
	(4, 34),
	(1, 35),
	(3, 35),
	(5, 35),
	(10, 35),
	(6, 35),
	(9, 36),
	(10, 36),
	(7, 36),
	(6, 36),
	(1, 36),
	(6, 37),
	(7, 37),
	(8, 37),
	(1, 37),
	(9, 37),
	(7, 38),
	(2, 38),
	(4, 38),
	(9, 38),
	(8, 38),
	(10, 39),
	(2, 39),
	(3, 39),
	(8, 39),
	(6, 39),
	(6, 40),
	(9, 40),
	(7, 40),
	(3, 40),
	(2, 40),
	(7, 41),
	(10, 41),
	(8, 41),
	(1, 41),
	(2, 41),
	(10, 42),
	(9, 42),
	(3, 42),
	(2, 42),
	(6, 42),
	(9, 43),
	(5, 43),
	(10, 43),
	(3, 43),
	(6, 43),
	(7, 44),
	(2, 44),
	(3, 44),
	(8, 44),
	(4, 44),
	(2, 45),
	(10, 45),
	(6, 45),
	(9, 45),
	(5, 45),
	(4, 46),
	(6, 46),
	(5, 46),
	(3, 46),
	(7, 46),
	(2, 47),
	(8, 47),
	(3, 47),
	(1, 47),
	(4, 47),
	(9, 48),
	(7, 48),
	(6, 48),
	(5, 48),
	(8, 48),
	(1, 49),
	(2, 49),
	(10, 49),
	(9, 49),
	(6, 49),
	(9, 50),
	(3, 50),
	(7, 50),
	(5, 50),
	(1, 50),
	(7, 51),
	(2, 51),
	(6, 51),
	(4, 51),
	(5, 51),
	(6, 52),
	(4, 52),
	(5, 52),
	(1, 52),
	(8, 52),
	(4, 53),
	(10, 53),
	(6, 53),
	(5, 53),
	(3, 53),
	(5, 54),
	(7, 54),
	(2, 54),
	(8, 54),
	(3, 54),
	(3, 55),
	(9, 55),
	(8, 55),
	(2, 55),
	(7, 55),
	(4, 56),
	(6, 56),
	(5, 56),
	(2, 56),
	(7, 56),
	(3, 57),
	(4, 57),
	(9, 57),
	(2, 57),
	(8, 57),
	(8, 58),
	(3, 58),
	(9, 58),
	(4, 58),
	(10, 58),
	(3, 59),
	(1, 59),
	(9, 59),
	(7, 59),
	(10, 59),
	(5, 60),
	(4, 60),
	(8, 60),
	(7, 60),
	(1, 60),
	(8, 61),
	(3, 61),
	(2, 61),
	(4, 61),
	(10, 61),
	(2, 62),
	(7, 62),
	(9, 62),
	(10, 62),
	(8, 62),
	(1, 63),
	(10, 63),
	(4, 63),
	(9, 63),
	(8, 63),
	(2, 64),
	(7, 64),
	(5, 64),
	(6, 64),
	(1, 64),
	(3, 65),
	(5, 65),
	(8, 65),
	(10, 65),
	(2, 65),
	(7, 66),
	(1, 66),
	(3, 66),
	(8, 66),
	(2, 66),
	(7, 67),
	(8, 67),
	(4, 67),
	(9, 67),
	(3, 67),
	(2, 68),
	(3, 68),
	(6, 68),
	(5, 68),
	(9, 68),
	(3, 69),
	(1, 69),
	(9, 69),
	(10, 69),
	(7, 69),
	(8, 70),
	(10, 70),
	(2, 70),
	(6, 70),
	(1, 70),
	(3, 71),
	(7, 71),
	(4, 71),
	(2, 71),
	(9, 71),
	(6, 72),
	(1, 72),
	(7, 72),
	(2, 72),
	(5, 72),
	(9, 73),
	(5, 73),
	(2, 73),
	(8, 73),
	(1, 73),
	(3, 74),
	(8, 74),
	(1, 74),
	(9, 74),
	(5, 74),
	(8, 75),
	(2, 75),
	(5, 75),
	(7, 75),
	(4, 75),
	(5, 76),
	(3, 76),
	(9, 76),
	(6, 76),
	(8, 76),
	(6, 77),
	(3, 77),
	(8, 77),
	(5, 77),
	(2, 77),
	(10, 78),
	(5, 78),
	(4, 78),
	(6, 78),
	(9, 78),
	(2, 79),
	(5, 79),
	(8, 79),
	(6, 79),
	(10, 79),
	(9, 80),
	(8, 80),
	(2, 80),
	(3, 80),
	(1, 80),
	(5, 81),
	(6, 81),
	(7, 81),
	(9, 81),
	(1, 81),
	(9, 82),
	(7, 82),
	(2, 82),
	(6, 82),
	(8, 82),
	(4, 83),
	(6, 83),
	(10, 83),
	(9, 83),
	(5, 83),
	(1, 84),
	(4, 84),
	(10, 84),
	(8, 84),
	(5, 84),
	(7, 85),
	(5, 85),
	(6, 85),
	(10, 85),
	(3, 85),
	(4, 86),
	(7, 86),
	(1, 86),
	(9, 86),
	(10, 86),
	(10, 87),
	(6, 87),
	(3, 87),
	(7, 87),
	(9, 87),
	(3, 88),
	(9, 88),
	(7, 88),
	(5, 88),
	(1, 88),
	(6, 89),
	(7, 89),
	(2, 89),
	(8, 89),
	(9, 89),
	(6, 90),
	(2, 90),
	(1, 90),
	(10, 90),
	(5, 90),
	(4, 91),
	(3, 91),
	(2, 91),
	(9, 91),
	(8, 91),
	(1, 92),
	(4, 92),
	(7, 92),
	(10, 92),
	(8, 92),
	(1, 93),
	(4, 93),
	(7, 93),
	(3, 93),
	(5, 93),
	(1, 94),
	(3, 94),
	(10, 94),
	(6, 94),
	(7, 94),
	(8, 95),
	(6, 95),
	(2, 95),
	(7, 95),
	(9, 95),
	(8, 96),
	(9, 96),
	(1, 96),
	(2, 96),
	(10, 96),
	(2, 97),
	(10, 97),
	(5, 97),
	(9, 97),
	(7, 97),
	(1, 98),
	(2, 98),
	(5, 98),
	(9, 98),
	(8, 98),
	(6, 99),
	(4, 99),
	(7, 99),
	(9, 99),
	(1, 99),
	(4, 100),
	(8, 100),
	(7, 100),
	(3, 100),
	(9, 100),
	(8, 101),
	(7, 101),
	(4, 101),
	(6, 101),
	(5, 101),
	(3, 102),
	(10, 102),
	(1, 102),
	(7, 102),
	(4, 102),
	(8, 103),
	(1, 103),
	(6, 103),
	(9, 103),
	(2, 103),
	(10, 104),
	(9, 104),
	(1, 104),
	(5, 104),
	(4, 104),
	(9, 105),
	(7, 105),
	(8, 105),
	(10, 105),
	(4, 105),
	(2, 106),
	(1, 106),
	(9, 106),
	(3, 106),
	(8, 106),
	(7, 107),
	(9, 107),
	(1, 107),
	(2, 107),
	(5, 107),
	(3, 108),
	(6, 108),
	(10, 108),
	(2, 108),
	(1, 108),
	(10, 109),
	(1, 109),
	(7, 109),
	(6, 109),
	(2, 109),
	(8, 110),
	(2, 110),
	(4, 110),
	(3, 110),
	(9, 110),
	(5, 111),
	(6, 111),
	(7, 111),
	(1, 111),
	(10, 111),
	(7, 112),
	(8, 112),
	(10, 112),
	(9, 112),
	(5, 112),
	(3, 113),
	(8, 113),
	(1, 113),
	(5, 113),
	(6, 113),
	(5, 114),
	(6, 114),
	(1, 114),
	(4, 114),
	(7, 114),
	(1, 115),
	(9, 115),
	(5, 115),
	(7, 115),
	(8, 115),
	(7, 116),
	(8, 116),
	(9, 116),
	(5, 116),
	(6, 116),
	(7, 117),
	(6, 117),
	(3, 117),
	(8, 117),
	(1, 117),
	(4, 118),
	(7, 118),
	(8, 118),
	(2, 118),
	(10, 118),
	(4, 119),
	(6, 119),
	(9, 119),
	(10, 119),
	(3, 119),
	(7, 120),
	(9, 120),
	(8, 120),
	(1, 120),
	(3, 120),
	(9, 121),
	(2, 121),
	(7, 121),
	(10, 121),
	(4, 121),
	(3, 122),
	(6, 122),
	(1, 122),
	(2, 122),
	(8, 122),
	(5, 123),
	(3, 123),
	(1, 123),
	(2, 123),
	(9, 123),
	(2, 124),
	(5, 124),
	(9, 124),
	(4, 124),
	(3, 124),
	(1, 125),
	(7, 125),
	(6, 125),
	(3, 125),
	(5, 125),
	(7, 126),
	(9, 126),
	(1, 126),
	(4, 126),
	(2, 126),
	(3, 127),
	(1, 127),
	(9, 127),
	(5, 127),
	(4, 127),
	(9, 128),
	(2, 128),
	(1, 128),
	(3, 128),
	(5, 128),
	(7, 129),
	(4, 129),
	(3, 129),
	(8, 129),
	(9, 129),
	(9, 130),
	(7, 130),
	(4, 130),
	(2, 130),
	(5, 130),
	(10, 131),
	(8, 131),
	(6, 131),
	(5, 131),
	(3, 131),
	(5, 132),
	(6, 132),
	(3, 132),
	(10, 132),
	(2, 132),
	(2, 133),
	(7, 133),
	(8, 133),
	(3, 133),
	(10, 133),
	(7, 134),
	(10, 134),
	(1, 134),
	(2, 134),
	(8, 134),
	(8, 135),
	(5, 135),
	(4, 135),
	(9, 135),
	(1, 135),
	(5, 136),
	(2, 136),
	(1, 136),
	(7, 136),
	(3, 136),
	(1, 137),
	(5, 137),
	(7, 137),
	(10, 137),
	(6, 137),
	(2, 138),
	(3, 138),
	(10, 138),
	(1, 138),
	(7, 138),
	(7, 139),
	(8, 139),
	(3, 139),
	(6, 139),
	(5, 139),
	(7, 140),
	(8, 140),
	(5, 140),
	(9, 140),
	(1, 140),
	(5, 141),
	(4, 141),
	(10, 141),
	(3, 141),
	(6, 141),
	(8, 142),
	(7, 142),
	(6, 142),
	(9, 142),
	(5, 142),
	(2, 143),
	(8, 143),
	(6, 143),
	(10, 143),
	(7, 143),
	(7, 144),
	(5, 144),
	(10, 144),
	(1, 144),
	(8, 144),
	(5, 145),
	(8, 145),
	(3, 145),
	(7, 145),
	(6, 145),
	(6, 146),
	(10, 146),
	(7, 146),
	(4, 146),
	(9, 146),
	(2, 147),
	(4, 147),
	(3, 147),
	(5, 147),
	(7, 147),
	(10, 148),
	(4, 148),
	(3, 148),
	(5, 148),
	(2, 148),
	(1, 149),
	(2, 149),
	(4, 149),
	(7, 149),
	(3, 149),
	(5, 150),
	(6, 150),
	(9, 150),
	(8, 150),
	(3, 150),
	(10, 151),
	(5, 151),
	(2, 151),
	(8, 151),
	(9, 151),
	(8, 152),
	(7, 152),
	(6, 152),
	(3, 152),
	(4, 152),
	(2, 153),
	(5, 153),
	(8, 153),
	(3, 153),
	(9, 153),
	(5, 154),
	(2, 154),
	(9, 154),
	(4, 154),
	(8, 154),
	(9, 155),
	(7, 155),
	(3, 155),
	(8, 155),
	(4, 155),
	(1, 156),
	(9, 156),
	(2, 156),
	(8, 156),
	(10, 156),
	(8, 157),
	(3, 157),
	(2, 157),
	(10, 157),
	(6, 157),
	(5, 158),
	(9, 158),
	(10, 158),
	(1, 158),
	(3, 158),
	(5, 159),
	(8, 159),
	(3, 159),
	(1, 159),
	(10, 159),
	(10, 160),
	(1, 160),
	(7, 160),
	(3, 160),
	(2, 160),
	(6, 161),
	(2, 161),
	(10, 161),
	(7, 161),
	(1, 161),
	(7, 162),
	(1, 162),
	(4, 162),
	(10, 162),
	(8, 162),
	(5, 163),
	(9, 163),
	(8, 163),
	(6, 163),
	(4, 163),
	(10, 164),
	(3, 164),
	(7, 164),
	(1, 164),
	(9, 164),
	(6, 165),
	(7, 165),
	(5, 165),
	(3, 165),
	(8, 165),
	(7, 166),
	(2, 166),
	(4, 166),
	(5, 166),
	(9, 166),
	(6, 167),
	(4, 167),
	(1, 167),
	(5, 167),
	(10, 167),
	(8, 168),
	(6, 168),
	(1, 168),
	(5, 168),
	(4, 168),
	(10, 169),
	(8, 169),
	(2, 169),
	(4, 169),
	(1, 169),
	(7, 170),
	(8, 170),
	(9, 170),
	(5, 170),
	(4, 170),
	(10, 171),
	(5, 171),
	(6, 171),
	(9, 171),
	(4, 171),
	(9, 172),
	(4, 172),
	(5, 172),
	(2, 172),
	(8, 172),
	(7, 173),
	(9, 173),
	(2, 173),
	(6, 173),
	(3, 173),
	(4, 174),
	(1, 174),
	(9, 174),
	(10, 174),
	(7, 174),
	(6, 175),
	(2, 175),
	(10, 175),
	(8, 175),
	(3, 175),
	(6, 176),
	(2, 176),
	(9, 176),
	(1, 176),
	(4, 176),
	(10, 177),
	(3, 177),
	(4, 177),
	(2, 177),
	(8, 177),
	(3, 178),
	(7, 178),
	(6, 178),
	(8, 178),
	(1, 178),
	(7, 179),
	(3, 179),
	(1, 179),
	(8, 179),
	(4, 179),
	(5, 180),
	(8, 180),
	(3, 180),
	(7, 180),
	(1, 180),
	(3, 181),
	(7, 181),
	(6, 181),
	(1, 181),
	(2, 181),
	(6, 182),
	(10, 182),
	(1, 182),
	(9, 182),
	(7, 182),
	(4, 183),
	(7, 183),
	(2, 183),
	(3, 183),
	(8, 183),
	(9, 184),
	(4, 184),
	(3, 184),
	(6, 184),
	(1, 184),
	(7, 185),
	(2, 185),
	(3, 185),
	(6, 185),
	(8, 185),
	(2, 186),
	(6, 186),
	(3, 186),
	(5, 186),
	(8, 186),
	(8, 187),
	(7, 187),
	(4, 187),
	(10, 187),
	(2, 187),
	(8, 188),
	(1, 188),
	(2, 188),
	(9, 188),
	(10, 188),
	(9, 189),
	(8, 189),
	(1, 189),
	(6, 189),
	(10, 189),
	(4, 190),
	(7, 190),
	(6, 190),
	(3, 190),
	(10, 190),
	(6, 191),
	(10, 191),
	(5, 191),
	(8, 191),
	(7, 191),
	(2, 192),
	(6, 192),
	(9, 192),
	(4, 192),
	(7, 192),
	(4, 193),
	(10, 193),
	(8, 193),
	(3, 193),
	(9, 193),
	(10, 194),
	(8, 194),
	(2, 194),
	(7, 194),
	(6, 194),
	(10, 195),
	(1, 195),
	(4, 195),
	(8, 195),
	(3, 195),
	(1, 196),
	(6, 196),
	(8, 196),
	(9, 196),
	(2, 196),
	(4, 197),
	(10, 197),
	(2, 197),
	(5, 197),
	(8, 197),
	(10, 198),
	(9, 198),
	(6, 198),
	(2, 198),
	(4, 198),
	(8, 199),
	(6, 199),
	(10, 199),
	(2, 199),
	(1, 199),
	(9, 200),
	(5, 200),
	(6, 200),
	(10, 200),
	(2, 200),
	(4, 201),
	(1, 201),
	(6, 201),
	(3, 201),
	(10, 201),
	(10, 202),
	(7, 202),
	(6, 202),
	(5, 202),
	(3, 202),
	(7, 203),
	(10, 203),
	(6, 203),
	(1, 203),
	(8, 203),
	(7, 204),
	(4, 204),
	(1, 204),
	(8, 204),
	(2, 204),
	(3, 205),
	(9, 205),
	(2, 205),
	(5, 205),
	(6, 205),
	(3, 206),
	(8, 206),
	(2, 206),
	(9, 206),
	(1, 206),
	(1, 207),
	(3, 207),
	(8, 207),
	(5, 207),
	(4, 207),
	(10, 208),
	(9, 208),
	(6, 208),
	(7, 208),
	(5, 208),
	(3, 209),
	(7, 209),
	(5, 209),
	(8, 209),
	(10, 209),
	(9, 210),
	(8, 210),
	(6, 210),
	(4, 210),
	(5, 210),
	(8, 211),
	(3, 211),
	(7, 211),
	(5, 211),
	(9, 211),
	(2, 212),
	(6, 212),
	(4, 212),
	(7, 212),
	(1, 212),
	(8, 213),
	(7, 213),
	(1, 213),
	(4, 213),
	(3, 213),
	(9, 214),
	(7, 214),
	(4, 214),
	(10, 214),
	(8, 214),
	(9, 215),
	(2, 215),
	(7, 215),
	(5, 215),
	(8, 215),
	(3, 216),
	(8, 216),
	(10, 216),
	(9, 216),
	(5, 216),
	(8, 217),
	(4, 217),
	(9, 217),
	(3, 217),
	(10, 217),
	(1, 218),
	(5, 218),
	(6, 218),
	(10, 218),
	(7, 218),
	(3, 219),
	(7, 219),
	(10, 219),
	(8, 219),
	(5, 219),
	(1, 220),
	(2, 220),
	(9, 220),
	(6, 220),
	(3, 220),
	(6, 221),
	(2, 221),
	(10, 221),
	(7, 221),
	(3, 221),
	(10, 222),
	(9, 222),
	(6, 222),
	(2, 222),
	(7, 222),
	(9, 223),
	(6, 223),
	(8, 223),
	(5, 223),
	(7, 223),
	(5, 224),
	(7, 224),
	(9, 224),
	(3, 224),
	(10, 224),
	(7, 225),
	(10, 225),
	(6, 225),
	(8, 225),
	(2, 225),
	(3, 226),
	(6, 226),
	(4, 226),
	(10, 226),
	(5, 226),
	(1, 227),
	(6, 227),
	(10, 227),
	(8, 227),
	(3, 227),
	(7, 228),
	(10, 228),
	(9, 228),
	(3, 228),
	(6, 228),
	(2, 229),
	(7, 229),
	(3, 229),
	(4, 229),
	(6, 229),
	(10, 230),
	(4, 230),
	(8, 230),
	(6, 230),
	(7, 230),
	(7, 231),
	(2, 231),
	(3, 231),
	(6, 231),
	(1, 231),
	(1, 232),
	(5, 232),
	(8, 232),
	(4, 232),
	(2, 232),
	(7, 233),
	(9, 233),
	(5, 233),
	(1, 233),
	(4, 233),
	(2, 234),
	(5, 234),
	(9, 234),
	(8, 234),
	(10, 234),
	(5, 235),
	(10, 235),
	(3, 235),
	(6, 235),
	(7, 235),
	(8, 236),
	(3, 236),
	(6, 236),
	(2, 236),
	(4, 236),
	(9, 237),
	(7, 237),
	(3, 237),
	(1, 237),
	(6, 237),
	(7, 238),
	(4, 238),
	(5, 238),
	(10, 238),
	(8, 238),
	(3, 239),
	(5, 239),
	(9, 239),
	(6, 239),
	(2, 239),
	(9, 240),
	(8, 240),
	(1, 240),
	(10, 240),
	(4, 240),
	(3, 241),
	(1, 241),
	(6, 241),
	(4, 241),
	(8, 241),
	(5, 242),
	(7, 242),
	(10, 242),
	(3, 242),
	(4, 242),
	(5, 243),
	(3, 243),
	(6, 243),
	(4, 243),
	(1, 243),
	(2, 244),
	(8, 244),
	(7, 244),
	(9, 244),
	(4, 244),
	(2, 245),
	(8, 245),
	(6, 245),
	(9, 245),
	(4, 245),
	(8, 246),
	(3, 246),
	(10, 246),
	(2, 246),
	(4, 246),
	(6, 247),
	(10, 247),
	(9, 247),
	(5, 247),
	(8, 247),
	(6, 248),
	(9, 248),
	(5, 248),
	(3, 248),
	(7, 248),
	(5, 249),
	(4, 249),
	(3, 249),
	(8, 249),
	(1, 249),
	(5, 250),
	(4, 250),
	(3, 250),
	(1, 250),
	(2, 250),
	(10, 251),
	(5, 251),
	(3, 251),
	(4, 251),
	(2, 251),
	(3, 252),
	(8, 252),
	(6, 252),
	(7, 252),
	(2, 252),
	(1, 253),
	(10, 253),
	(5, 253),
	(2, 253),
	(3, 253),
	(9, 254),
	(1, 254),
	(2, 254),
	(6, 254),
	(4, 254),
	(3, 255),
	(8, 255),
	(2, 255),
	(1, 255),
	(10, 255),
	(1, 256),
	(5, 256),
	(2, 256),
	(10, 256),
	(4, 256),
	(7, 257),
	(3, 257),
	(1, 257),
	(4, 257),
	(9, 257),
	(3, 258),
	(1, 258),
	(4, 258),
	(5, 258),
	(7, 258),
	(6, 259),
	(3, 259),
	(7, 259),
	(2, 259),
	(9, 259),
	(9, 260),
	(7, 260),
	(5, 260),
	(2, 260),
	(8, 260),
	(8, 261),
	(3, 261),
	(2, 261),
	(9, 261),
	(1, 261),
	(8, 262),
	(3, 262),
	(2, 262),
	(6, 262),
	(1, 262),
	(7, 263),
	(2, 263),
	(8, 263),
	(1, 263),
	(9, 263),
	(7, 264),
	(2, 264),
	(1, 264),
	(4, 264),
	(8, 264),
	(9, 265),
	(5, 265),
	(7, 265),
	(6, 265),
	(10, 265),
	(9, 266),
	(10, 266),
	(5, 266),
	(2, 266),
	(1, 266),
	(10, 267),
	(9, 267),
	(4, 267),
	(5, 267),
	(2, 267),
	(4, 268),
	(3, 268),
	(2, 268),
	(6, 268),
	(5, 268),
	(3, 269),
	(7, 269),
	(4, 269),
	(10, 269),
	(2, 269),
	(1, 270),
	(5, 270),
	(4, 270),
	(3, 270),
	(6, 270),
	(6, 271),
	(5, 271),
	(7, 271),
	(4, 271),
	(2, 271),
	(1, 272),
	(5, 272),
	(4, 272),
	(10, 272),
	(7, 272),
	(5, 273),
	(3, 273),
	(7, 273),
	(2, 273),
	(10, 273),
	(3, 274),
	(4, 274),
	(5, 274),
	(9, 274),
	(6, 274),
	(1, 275),
	(10, 275),
	(6, 275),
	(4, 275),
	(2, 275),
	(8, 276),
	(9, 276),
	(5, 276),
	(1, 276),
	(7, 276),
	(6, 277),
	(4, 277),
	(10, 277),
	(2, 277),
	(3, 277),
	(9, 278),
	(2, 278),
	(1, 278),
	(6, 278),
	(3, 278),
	(3, 279),
	(8, 279),
	(9, 279),
	(10, 279),
	(6, 279),
	(6, 280),
	(10, 280),
	(4, 280),
	(5, 280),
	(3, 280),
	(5, 281),
	(2, 281),
	(9, 281),
	(7, 281),
	(4, 281),
	(9, 282),
	(3, 282),
	(7, 282),
	(8, 282),
	(6, 282),
	(6, 283),
	(8, 283),
	(4, 283),
	(3, 283),
	(5, 283),
	(2, 284),
	(5, 284),
	(7, 284),
	(6, 284),
	(3, 284),
	(4, 285),
	(10, 285),
	(9, 285),
	(3, 285),
	(8, 285),
	(2, 286),
	(1, 286),
	(4, 286),
	(3, 286),
	(10, 286),
	(5, 287),
	(9, 287),
	(7, 287),
	(3, 287),
	(6, 287),
	(7, 288),
	(4, 288),
	(8, 288),
	(1, 288),
	(5, 288),
	(5, 289),
	(2, 289),
	(6, 289),
	(8, 289),
	(7, 289),
	(7, 290),
	(1, 290),
	(6, 290),
	(10, 290),
	(8, 290),
	(7, 291),
	(3, 291),
	(2, 291),
	(5, 291),
	(10, 291),
	(9, 292),
	(1, 292),
	(6, 292),
	(8, 292),
	(7, 292),
	(4, 293),
	(10, 293),
	(9, 293),
	(6, 293),
	(1, 293),
	(4, 294),
	(8, 294),
	(6, 294),
	(1, 294),
	(7, 294),
	(4, 295),
	(7, 295),
	(8, 295),
	(9, 295),
	(3, 295),
	(2, 296),
	(4, 296),
	(9, 296),
	(10, 296),
	(1, 296),
	(2, 297),
	(7, 297),
	(8, 297),
	(4, 297),
	(5, 297),
	(8, 298),
	(1, 298),
	(2, 298),
	(3, 298),
	(7, 298),
	(3, 299),
	(5, 299),
	(1, 299),
	(7, 299),
	(2, 299),
	(3, 300),
	(5, 300),
	(4, 300),
	(2, 300),
	(6, 300),
	(8, 301),
	(9, 301),
	(4, 301),
	(7, 301),
	(10, 301),
	(1, 302),
	(9, 302),
	(3, 302),
	(4, 302),
	(10, 302),
	(9, 303),
	(2, 303),
	(10, 303),
	(8, 303),
	(1, 303),
	(6, 304),
	(3, 304),
	(5, 304),
	(1, 304),
	(9, 304),
	(6, 305),
	(3, 305),
	(7, 305),
	(1, 305),
	(8, 305),
	(6, 306),
	(10, 306),
	(8, 306),
	(1, 306),
	(7, 306),
	(3, 307),
	(9, 307),
	(1, 307),
	(4, 307),
	(10, 307),
	(3, 308),
	(2, 308),
	(4, 308),
	(9, 308),
	(8, 308),
	(8, 309),
	(10, 309),
	(9, 309),
	(5, 309),
	(4, 309),
	(6, 310),
	(1, 310),
	(4, 310),
	(2, 310),
	(10, 310),
	(3, 311),
	(10, 311),
	(9, 311),
	(8, 311),
	(2, 311),
	(5, 312),
	(10, 312),
	(3, 312),
	(7, 312),
	(8, 312),
	(2, 313),
	(7, 313),
	(6, 313),
	(3, 313),
	(5, 313),
	(7, 314),
	(3, 314),
	(4, 314),
	(6, 314),
	(1, 314),
	(3, 315),
	(2, 315),
	(1, 315),
	(5, 315),
	(10, 315),
	(7, 316),
	(3, 316),
	(6, 316),
	(1, 316),
	(10, 316),
	(8, 317),
	(1, 317),
	(10, 317),
	(4, 317),
	(6, 317),
	(7, 318),
	(5, 318),
	(3, 318),
	(9, 318),
	(1, 318),
	(4, 319),
	(9, 319),
	(6, 319),
	(7, 319),
	(3, 319),
	(6, 320),
	(2, 320),
	(4, 320),
	(9, 320),
	(3, 320),
	(1, 321),
	(6, 321),
	(5, 321),
	(2, 321),
	(8, 321),
	(10, 322),
	(1, 322),
	(5, 322),
	(7, 322),
	(2, 322),
	(4, 323),
	(3, 323),
	(8, 323),
	(7, 323),
	(10, 323),
	(6, 324),
	(5, 324),
	(2, 324),
	(1, 324),
	(8, 324),
	(1, 325),
	(9, 325),
	(7, 325),
	(3, 325),
	(6, 325),
	(5, 326),
	(9, 326),
	(10, 326),
	(2, 326),
	(6, 326),
	(10, 327),
	(5, 327),
	(6, 327),
	(8, 327),
	(2, 327),
	(8, 328),
	(5, 328),
	(7, 328),
	(10, 328),
	(3, 328),
	(2, 329),
	(5, 329),
	(3, 329),
	(10, 329),
	(1, 329),
	(9, 330),
	(5, 330),
	(7, 330),
	(10, 330),
	(3, 330),
	(7, 331),
	(8, 331),
	(4, 331),
	(6, 331),
	(5, 331),
	(9, 332),
	(8, 332),
	(3, 332),
	(5, 332),
	(6, 332),
	(5, 333),
	(4, 333),
	(1, 333),
	(2, 333),
	(7, 333),
	(1, 334),
	(7, 334),
	(2, 334),
	(8, 334),
	(9, 334),
	(5, 335),
	(7, 335),
	(10, 335),
	(4, 335),
	(8, 335),
	(7, 336),
	(6, 336),
	(2, 336),
	(4, 336),
	(10, 336),
	(10, 337),
	(9, 337),
	(5, 337),
	(7, 337),
	(8, 337),
	(7, 338),
	(5, 338),
	(8, 338),
	(10, 338),
	(6, 338),
	(5, 339),
	(6, 339),
	(9, 339),
	(1, 339),
	(10, 339),
	(1, 340),
	(4, 340),
	(6, 340),
	(2, 340),
	(10, 340),
	(10, 341),
	(3, 341),
	(9, 341),
	(7, 341),
	(1, 341),
	(3, 342),
	(6, 342),
	(10, 342),
	(2, 342),
	(7, 342),
	(7, 343),
	(3, 343),
	(1, 343),
	(4, 343),
	(6, 343),
	(8, 344),
	(2, 344),
	(3, 344),
	(4, 344),
	(6, 344),
	(7, 345),
	(9, 345),
	(4, 345),
	(5, 345),
	(8, 345),
	(6, 346),
	(9, 346),
	(5, 346),
	(2, 346),
	(1, 346),
	(2, 347),
	(4, 347),
	(6, 347),
	(9, 347),
	(10, 347),
	(8, 348),
	(2, 348),
	(5, 348),
	(3, 348),
	(9, 348),
	(9, 349),
	(7, 349),
	(1, 349),
	(5, 349),
	(2, 349),
	(8, 350),
	(6, 350),
	(5, 350),
	(1, 350),
	(10, 350),
	(5, 351),
	(1, 351),
	(4, 351),
	(9, 351),
	(10, 351),
	(4, 352),
	(7, 352),
	(10, 352),
	(9, 352),
	(2, 352),
	(5, 353),
	(4, 353),
	(6, 353),
	(9, 353),
	(2, 353),
	(6, 354),
	(2, 354),
	(7, 354),
	(10, 354),
	(3, 354),
	(1, 355),
	(7, 355),
	(6, 355),
	(3, 355),
	(8, 355),
	(9, 356),
	(3, 356),
	(5, 356),
	(10, 356),
	(8, 356),
	(8, 357),
	(10, 357),
	(1, 357),
	(4, 357),
	(6, 357),
	(6, 358),
	(9, 358),
	(4, 358),
	(10, 358),
	(5, 358),
	(10, 359),
	(3, 359),
	(5, 359),
	(8, 359),
	(6, 359),
	(1, 360),
	(7, 360),
	(6, 360),
	(4, 360),
	(10, 360),
	(6, 361),
	(4, 361),
	(7, 361),
	(1, 361),
	(9, 361),
	(3, 362),
	(2, 362),
	(1, 362),
	(7, 362),
	(9, 362),
	(1, 363),
	(2, 363),
	(4, 363),
	(3, 363),
	(8, 363),
	(5, 364),
	(7, 364),
	(10, 364),
	(6, 364),
	(4, 364),
	(6, 365),
	(8, 365),
	(1, 365),
	(5, 365),
	(10, 365),
	(10, 366),
	(9, 366),
	(4, 366),
	(3, 366),
	(6, 366),
	(4, 367),
	(10, 367),
	(3, 367),
	(5, 367),
	(8, 367),
	(3, 368),
	(2, 368),
	(4, 368),
	(1, 368),
	(9, 368),
	(6, 369),
	(9, 369),
	(3, 369),
	(7, 369),
	(1, 369),
	(2, 370),
	(8, 370),
	(7, 370),
	(9, 370),
	(6, 370),
	(5, 371),
	(8, 371),
	(6, 371),
	(2, 371),
	(1, 371),
	(9, 372),
	(3, 372),
	(8, 372),
	(2, 372),
	(6, 372),
	(7, 373),
	(1, 373),
	(3, 373),
	(6, 373),
	(2, 373),
	(9, 374),
	(5, 374),
	(8, 374),
	(7, 374),
	(4, 374),
	(1, 375),
	(6, 375),
	(8, 375),
	(4, 375),
	(5, 375),
	(6, 376),
	(4, 376),
	(1, 376),
	(7, 376),
	(9, 376),
	(3, 377),
	(7, 377),
	(4, 377),
	(2, 377),
	(8, 377),
	(5, 378),
	(2, 378),
	(8, 378),
	(7, 378),
	(3, 378),
	(6, 379),
	(1, 379),
	(4, 379),
	(5, 379),
	(9, 379),
	(8, 380),
	(6, 380),
	(5, 380),
	(9, 380),
	(1, 380),
	(2, 381),
	(6, 381),
	(10, 381),
	(1, 381),
	(7, 381),
	(5, 382),
	(1, 382),
	(8, 382),
	(9, 382),
	(4, 382),
	(1, 383),
	(5, 383),
	(4, 383),
	(3, 383),
	(6, 383),
	(8, 384),
	(6, 384),
	(1, 384),
	(4, 384),
	(7, 384),
	(7, 385),
	(6, 385),
	(5, 385),
	(4, 385),
	(10, 385),
	(2, 386),
	(5, 386),
	(6, 386),
	(1, 386),
	(3, 386),
	(3, 387),
	(2, 387),
	(5, 387),
	(6, 387),
	(9, 387),
	(10, 388),
	(5, 388),
	(3, 388),
	(1, 388),
	(7, 388),
	(4, 389),
	(7, 389),
	(6, 389),
	(2, 389),
	(5, 389),
	(2, 390),
	(7, 390),
	(4, 390),
	(3, 390),
	(1, 390),
	(6, 391),
	(4, 391),
	(2, 391),
	(7, 391),
	(9, 391),
	(3, 392),
	(4, 392),
	(9, 392),
	(1, 392),
	(2, 392),
	(5, 393),
	(6, 393),
	(8, 393),
	(9, 393),
	(2, 393),
	(10, 394),
	(8, 394),
	(1, 394),
	(6, 394),
	(5, 394),
	(9, 395),
	(1, 395),
	(5, 395),
	(4, 395),
	(10, 395),
	(9, 396),
	(3, 396),
	(2, 396),
	(1, 396),
	(10, 396),
	(7, 397),
	(1, 397),
	(4, 397),
	(3, 397),
	(2, 397),
	(7, 398),
	(8, 398),
	(5, 398),
	(6, 398),
	(9, 398),
	(4, 399),
	(7, 399),
	(6, 399),
	(3, 399),
	(1, 399),
	(9, 400),
	(7, 400),
	(2, 400),
	(5, 400),
	(4, 400),
	(8, 401),
	(6, 401),
	(1, 401),
	(2, 401),
	(4, 401),
	(6, 402),
	(8, 402),
	(5, 402),
	(10, 402),
	(3, 402),
	(10, 403),
	(4, 403),
	(3, 403),
	(1, 403),
	(9, 403),
	(2, 404),
	(4, 404),
	(8, 404),
	(1, 404),
	(6, 404),
	(7, 405),
	(4, 405),
	(1, 405),
	(6, 405),
	(5, 405),
	(4, 406),
	(5, 406),
	(1, 406),
	(3, 406),
	(6, 406),
	(9, 407),
	(8, 407),
	(7, 407),
	(5, 407),
	(6, 407),
	(4, 408),
	(3, 408),
	(6, 408),
	(9, 408),
	(10, 408),
	(9, 409),
	(1, 409),
	(7, 409),
	(2, 409),
	(3, 409),
	(3, 410),
	(7, 410),
	(1, 410),
	(6, 410),
	(4, 410),
	(1, 411),
	(2, 411),
	(3, 411),
	(6, 411),
	(5, 411),
	(2, 412),
	(9, 412),
	(5, 412),
	(6, 412),
	(1, 412),
	(6, 413),
	(7, 413),
	(10, 413),
	(4, 413),
	(1, 413),
	(4, 414),
	(1, 414),
	(10, 414),
	(2, 414),
	(5, 414),
	(4, 415),
	(3, 415),
	(8, 415),
	(10, 415),
	(6, 415),
	(1, 416),
	(2, 416),
	(3, 416),
	(4, 416),
	(7, 416),
	(2, 417),
	(10, 417),
	(9, 417),
	(1, 417),
	(8, 417),
	(10, 418),
	(1, 418),
	(4, 418),
	(7, 418),
	(8, 418),
	(10, 419),
	(4, 419),
	(7, 419),
	(2, 419),
	(8, 419),
	(10, 420),
	(2, 420),
	(6, 420),
	(7, 420),
	(5, 420),
	(4, 421),
	(2, 421),
	(3, 421),
	(1, 421),
	(6, 421),
	(8, 422),
	(9, 422),
	(3, 422),
	(6, 422),
	(7, 422),
	(1, 423),
	(4, 423),
	(8, 423),
	(10, 423),
	(6, 423),
	(5, 424),
	(8, 424),
	(9, 424),
	(7, 424),
	(6, 424),
	(5, 425),
	(9, 425),
	(10, 425),
	(6, 425),
	(7, 425),
	(7, 426),
	(9, 426),
	(1, 426),
	(2, 426),
	(5, 426),
	(1, 427),
	(3, 427),
	(8, 427),
	(9, 427),
	(6, 427),
	(7, 428),
	(3, 428),
	(8, 428),
	(10, 428),
	(1, 428),
	(8, 429),
	(6, 429),
	(10, 429),
	(4, 429),
	(2, 429),
	(2, 430),
	(4, 430),
	(3, 430),
	(5, 430),
	(7, 430),
	(3, 431),
	(5, 431),
	(4, 431),
	(6, 431),
	(1, 431),
	(6, 432),
	(2, 432),
	(8, 432),
	(10, 432),
	(5, 432),
	(1, 433),
	(10, 433),
	(3, 433),
	(8, 433),
	(5, 433),
	(7, 434),
	(4, 434),
	(2, 434),
	(6, 434),
	(8, 434),
	(9, 435),
	(4, 435),
	(8, 435),
	(7, 435),
	(1, 435),
	(8, 436),
	(10, 436),
	(9, 436),
	(5, 436),
	(1, 436),
	(6, 437),
	(2, 437),
	(5, 437),
	(4, 437),
	(7, 437),
	(7, 438),
	(4, 438),
	(2, 438),
	(3, 438),
	(10, 438),
	(10, 439),
	(7, 439),
	(8, 439),
	(3, 439),
	(1, 439),
	(9, 440),
	(8, 440),
	(4, 440),
	(5, 440),
	(7, 440),
	(9, 441),
	(4, 441),
	(5, 441),
	(1, 441),
	(6, 441),
	(1, 442),
	(7, 442),
	(10, 442),
	(9, 442),
	(5, 442),
	(7, 443),
	(8, 443),
	(9, 443),
	(1, 443),
	(3, 443),
	(7, 444),
	(6, 444),
	(9, 444),
	(8, 444),
	(1, 444),
	(5, 445),
	(4, 445),
	(1, 445),
	(6, 445),
	(8, 445),
	(9, 446),
	(5, 446),
	(4, 446),
	(7, 446),
	(3, 446),
	(1, 447),
	(8, 447),
	(10, 447),
	(6, 447),
	(7, 447),
	(4, 448),
	(6, 448),
	(7, 448),
	(3, 448),
	(8, 448),
	(2, 449),
	(9, 449),
	(5, 449),
	(3, 449),
	(7, 449),
	(8, 450),
	(6, 450),
	(2, 450),
	(10, 450),
	(1, 450),
	(9, 451),
	(2, 451),
	(6, 451),
	(1, 451),
	(4, 451),
	(9, 452),
	(4, 452),
	(5, 452),
	(8, 452),
	(10, 452),
	(9, 453),
	(3, 453),
	(7, 453),
	(2, 453),
	(10, 453),
	(7, 454),
	(6, 454),
	(1, 454),
	(10, 454),
	(3, 454),
	(3, 455),
	(6, 455),
	(2, 455),
	(8, 455),
	(4, 455),
	(1, 456),
	(7, 456),
	(4, 456),
	(3, 456),
	(5, 456),
	(9, 457),
	(8, 457),
	(4, 457),
	(7, 457),
	(5, 457),
	(5, 458),
	(2, 458),
	(7, 458),
	(9, 458),
	(3, 458),
	(6, 459),
	(7, 459),
	(5, 459),
	(10, 459),
	(9, 459),
	(6, 460),
	(9, 460),
	(10, 460),
	(5, 460),
	(8, 460),
	(8, 461),
	(4, 461),
	(9, 461),
	(3, 461),
	(1, 461),
	(1, 462),
	(10, 462),
	(4, 462),
	(8, 462),
	(5, 462),
	(6, 463),
	(2, 463),
	(7, 463),
	(5, 463),
	(1, 463),
	(6, 464),
	(3, 464),
	(2, 464),
	(9, 464),
	(10, 464),
	(10, 465),
	(8, 465),
	(6, 465),
	(9, 465),
	(2, 465),
	(10, 466),
	(6, 466),
	(8, 466),
	(4, 466),
	(1, 466),
	(6, 467),
	(5, 467),
	(1, 467),
	(2, 467),
	(9, 467),
	(4, 468),
	(5, 468),
	(7, 468),
	(6, 468),
	(10, 468),
	(3, 469),
	(2, 469),
	(9, 469),
	(5, 469),
	(4, 469),
	(3, 470),
	(8, 470),
	(2, 470),
	(4, 470),
	(10, 470),
	(1, 471),
	(9, 471),
	(8, 471),
	(6, 471),
	(10, 471),
	(10, 472),
	(6, 472),
	(8, 472),
	(3, 472),
	(9, 472),
	(9, 473),
	(4, 473),
	(7, 473),
	(5, 473),
	(1, 473),
	(3, 474),
	(4, 474),
	(5, 474),
	(8, 474),
	(1, 474),
	(6, 475),
	(9, 475),
	(8, 475),
	(7, 475),
	(4, 475),
	(2, 476),
	(1, 476),
	(3, 476),
	(7, 476),
	(6, 476),
	(4, 477),
	(3, 477),
	(9, 477),
	(1, 477),
	(6, 477),
	(7, 478),
	(1, 478),
	(2, 478),
	(5, 478),
	(8, 478),
	(10, 479),
	(6, 479),
	(5, 479),
	(4, 479),
	(1, 479),
	(5, 480),
	(6, 480),
	(7, 480),
	(3, 480),
	(9, 480),
	(7, 481),
	(9, 481),
	(8, 481),
	(6, 481),
	(3, 481),
	(1, 482),
	(10, 482),
	(5, 482),
	(6, 482),
	(9, 482),
	(5, 483),
	(2, 483),
	(8, 483),
	(9, 483),
	(10, 483),
	(2, 484),
	(7, 484),
	(1, 484),
	(9, 484),
	(5, 484),
	(3, 485),
	(8, 485),
	(10, 485),
	(6, 485),
	(7, 485),
	(7, 486),
	(8, 486),
	(3, 486),
	(9, 486),
	(6, 486),
	(4, 487),
	(7, 487),
	(3, 487),
	(6, 487),
	(10, 487),
	(10, 488),
	(8, 488),
	(1, 488),
	(9, 488),
	(5, 488),
	(4, 489),
	(7, 489),
	(3, 489),
	(2, 489),
	(10, 489),
	(8, 490),
	(3, 490),
	(5, 490),
	(2, 490),
	(10, 490),
	(3, 491),
	(7, 491),
	(1, 491),
	(10, 491),
	(9, 491),
	(5, 492),
	(1, 492),
	(10, 492),
	(4, 492),
	(7, 492),
	(10, 493),
	(9, 493),
	(8, 493),
	(7, 493),
	(5, 493),
	(3, 494),
	(10, 494),
	(5, 494),
	(7, 494),
	(4, 494),
	(1, 495),
	(4, 495),
	(10, 495),
	(6, 495),
	(8, 495),
	(6, 496),
	(3, 496),
	(5, 496),
	(9, 496),
	(1, 496),
	(10, 497),
	(7, 497),
	(3, 497),
	(5, 497),
	(9, 497),
	(5, 498),
	(3, 498),
	(10, 498),
	(6, 498),
	(2, 498),
	(5, 499),
	(1, 499),
	(9, 499),
	(6, 499),
	(3, 499),
	(3, 500),
	(9, 500),
	(6, 500),
	(5, 500),
	(10, 500),
	(5, 501),
	(6, 501),
	(7, 501),
	(1, 501),
	(8, 501),
	(4, 502),
	(5, 502),
	(7, 502),
	(2, 502),
	(6, 502),
	(4, 503),
	(7, 503),
	(9, 503),
	(5, 503),
	(10, 503),
	(7, 504),
	(4, 504),
	(10, 504),
	(5, 504),
	(3, 504),
	(6, 505),
	(1, 505),
	(9, 505),
	(4, 505),
	(7, 505),
	(8, 506),
	(5, 506),
	(3, 506),
	(2, 506),
	(9, 506),
	(7, 507),
	(1, 507),
	(10, 507),
	(2, 507),
	(8, 507),
	(3, 508),
	(4, 508),
	(2, 508),
	(1, 508),
	(7, 508),
	(4, 509),
	(8, 509),
	(3, 509),
	(5, 509),
	(9, 509),
	(8, 510),
	(2, 510),
	(4, 510),
	(7, 510),
	(3, 510),
	(5, 553),
	(4, 553),
	(2, 553),
	(9, 553),
	(1, 553),
	(9, 554),
	(7, 554),
	(6, 554),
	(5, 554),
	(1, 554),
	(8, 555),
	(4, 555),
	(1, 555),
	(5, 555),
	(2, 555),
	(5, 556),
	(4, 556),
	(2, 556),
	(9, 556),
	(1, 556),
	(9, 557),
	(7, 557),
	(6, 557),
	(5, 557),
	(1, 557),
	(8, 558),
	(4, 558),
	(1, 558),
	(5, 558),
	(2, 558),
	(5, 559),
	(4, 559),
	(2, 559),
	(9, 559),
	(1, 559),
	(9, 560),
	(7, 560),
	(6, 560),
	(5, 560),
	(1, 560),
	(8, 561),
	(4, 561),
	(1, 561),
	(5, 561),
	(2, 561),
	(9, 564),
	(6, 564);

-- Dumping structure for table isp_management.failed_jobs
CREATE TABLE IF NOT EXISTS `failed_jobs` (
  `id` bigint unsigned NOT NULL AUTO_INCREMENT,
  `uuid` varchar(255) COLLATE utf8mb4_unicode_ci NOT NULL,
  `connection` text COLLATE utf8mb4_unicode_ci NOT NULL,
  `queue` text COLLATE utf8mb4_unicode_ci NOT NULL,
  `payload` longtext COLLATE utf8mb4_unicode_ci NOT NULL,
  `exception` longtext COLLATE utf8mb4_unicode_ci NOT NULL,
  `failed_at` timestamp NOT NULL DEFAULT CURRENT_TIMESTAMP,
  PRIMARY KEY (`id`),
  UNIQUE KEY `failed_jobs_uuid_unique` (`uuid`)
) ENGINE=InnoDB DEFAULT CHARSET=utf8mb4 COLLATE=utf8mb4_unicode_ci;

-- Dumping data for table isp_management.failed_jobs: ~0 rows (approximately)

-- Dumping structure for table isp_management.locations
CREATE TABLE IF NOT EXISTS `locations` (
  `id` bigint unsigned NOT NULL AUTO_INCREMENT,
  `title` varchar(255) COLLATE utf8mb4_unicode_ci NOT NULL,
  `created_at` timestamp NULL DEFAULT NULL,
  `updated_at` timestamp NULL DEFAULT NULL,
  PRIMARY KEY (`id`)
) ENGINE=InnoDB AUTO_INCREMENT=11 DEFAULT CHARSET=utf8mb4 COLLATE=utf8mb4_unicode_ci;

-- Dumping data for table isp_management.locations: ~10 rows (approximately)
INSERT INTO `locations` (`id`, `title`, `created_at`, `updated_at`) VALUES
	(1, 'nihil', '2024-10-02 05:59:32', '2024-10-02 05:59:32'),
	(2, 'ex', '2024-10-02 05:59:32', '2024-10-02 05:59:32'),
	(3, 'aut', '2024-10-02 05:59:32', '2024-10-02 05:59:32'),
	(4, 'nemo', '2024-10-02 05:59:32', '2024-10-02 05:59:32'),
	(5, 'placeat', '2024-10-02 05:59:32', '2024-10-02 05:59:32'),
	(6, 'dolor', '2024-10-02 05:59:32', '2024-10-02 05:59:32'),
	(7, 'voluptas', '2024-10-02 05:59:32', '2024-10-02 05:59:32'),
	(8, 'quod', '2024-10-02 05:59:32', '2024-10-02 05:59:32'),
	(9, 'aspernatur', '2024-10-02 05:59:32', '2024-10-02 05:59:32'),
	(10, 'aut', '2024-10-02 05:59:32', '2024-10-02 05:59:32');

-- Dumping structure for table isp_management.location_offer
CREATE TABLE IF NOT EXISTS `location_offer` (
  `location_id` bigint unsigned NOT NULL,
  `offer_id` bigint unsigned NOT NULL,
  KEY `location_offer_location_id_foreign` (`location_id`),
  KEY `location_offer_offer_id_foreign` (`offer_id`),
  CONSTRAINT `location_offer_location_id_foreign` FOREIGN KEY (`location_id`) REFERENCES `locations` (`id`),
  CONSTRAINT `location_offer_offer_id_foreign` FOREIGN KEY (`offer_id`) REFERENCES `offers` (`id`)
) ENGINE=InnoDB DEFAULT CHARSET=utf8mb4 COLLATE=utf8mb4_unicode_ci;

-- Dumping data for table isp_management.location_offer: ~2,550 rows (approximately)
INSERT INTO `location_offer` (`location_id`, `offer_id`) VALUES
	(8, 1),
	(9, 1),
	(6, 1),
	(5, 1),
	(3, 1),
	(1, 2),
	(9, 2),
	(5, 2),
	(7, 2),
	(2, 2),
	(7, 3),
	(2, 3),
	(5, 3),
	(10, 3),
	(9, 3),
	(9, 4),
	(2, 4),
	(10, 4),
	(1, 4),
	(3, 4),
	(6, 5),
	(5, 5),
	(10, 5),
	(8, 5),
	(7, 5),
	(4, 6),
	(9, 6),
	(5, 6),
	(10, 6),
	(7, 6),
	(10, 7),
	(5, 7),
	(2, 7),
	(1, 7),
	(8, 7),
	(2, 8),
	(7, 8),
	(6, 8),
	(9, 8),
	(5, 8),
	(5, 9),
	(2, 9),
	(7, 9),
	(9, 9),
	(6, 9),
	(3, 10),
	(7, 10),
	(8, 10),
	(4, 10),
	(5, 10),
	(3, 11),
	(9, 11),
	(8, 11),
	(4, 11),
	(2, 11),
	(2, 12),
	(5, 12),
	(10, 12),
	(8, 12),
	(1, 12),
	(10, 13),
	(9, 13),
	(2, 13),
	(4, 13),
	(3, 13),
	(2, 14),
	(5, 14),
	(4, 14),
	(3, 14),
	(6, 14),
	(5, 15),
	(1, 15),
	(3, 15),
	(7, 15),
	(10, 15),
	(5, 16),
	(4, 16),
	(10, 16),
	(7, 16),
	(6, 16),
	(4, 17),
	(1, 17),
	(5, 17),
	(8, 17),
	(10, 17),
	(9, 18),
	(7, 18),
	(3, 18),
	(2, 18),
	(5, 18),
	(7, 19),
	(8, 19),
	(5, 19),
	(4, 19),
	(3, 19),
	(10, 20),
	(6, 20),
	(8, 20),
	(5, 20),
	(9, 20),
	(1, 21),
	(4, 21),
	(10, 21),
	(5, 21),
	(7, 21),
	(3, 22),
	(2, 22),
	(7, 22),
	(4, 22),
	(1, 22),
	(4, 23),
	(3, 23),
	(6, 23),
	(5, 23),
	(10, 23),
	(1, 24),
	(5, 24),
	(6, 24),
	(4, 24),
	(10, 24),
	(10, 25),
	(2, 25),
	(9, 25),
	(5, 25),
	(7, 25),
	(6, 26),
	(7, 26),
	(2, 26),
	(4, 26),
	(5, 26),
	(2, 27),
	(4, 27),
	(5, 27),
	(7, 27),
	(3, 27),
	(3, 28),
	(9, 28),
	(4, 28),
	(8, 28),
	(2, 28),
	(7, 29),
	(5, 29),
	(2, 29),
	(8, 29),
	(10, 29),
	(4, 30),
	(6, 30),
	(9, 30),
	(2, 30),
	(1, 30),
	(6, 31),
	(7, 31),
	(3, 31),
	(2, 31),
	(10, 31),
	(5, 32),
	(7, 32),
	(10, 32),
	(2, 32),
	(1, 32),
	(9, 33),
	(4, 33),
	(1, 33),
	(10, 33),
	(7, 33),
	(7, 34),
	(9, 34),
	(3, 34),
	(8, 34),
	(6, 34),
	(5, 35),
	(2, 35),
	(3, 35),
	(9, 35),
	(10, 35),
	(1, 36),
	(8, 36),
	(2, 36),
	(5, 36),
	(7, 36),
	(5, 37),
	(9, 37),
	(1, 37),
	(8, 37),
	(7, 37),
	(2, 38),
	(5, 38),
	(4, 38),
	(8, 38),
	(6, 38),
	(1, 39),
	(6, 39),
	(9, 39),
	(10, 39),
	(3, 39),
	(9, 40),
	(1, 40),
	(4, 40),
	(5, 40),
	(10, 40),
	(9, 41),
	(2, 41),
	(7, 41),
	(4, 41),
	(8, 41),
	(7, 42),
	(1, 42),
	(9, 42),
	(5, 42),
	(4, 42),
	(3, 43),
	(10, 43),
	(8, 43),
	(7, 43),
	(9, 43),
	(6, 44),
	(3, 44),
	(9, 44),
	(8, 44),
	(7, 44),
	(4, 45),
	(1, 45),
	(3, 45),
	(2, 45),
	(5, 45),
	(4, 46),
	(10, 46),
	(3, 46),
	(9, 46),
	(7, 46),
	(6, 47),
	(1, 47),
	(10, 47),
	(4, 47),
	(7, 47),
	(10, 48),
	(1, 48),
	(3, 48),
	(6, 48),
	(8, 48),
	(1, 49),
	(10, 49),
	(9, 49),
	(6, 49),
	(3, 49),
	(1, 50),
	(6, 50),
	(5, 50),
	(4, 50),
	(8, 50),
	(2, 51),
	(3, 51),
	(1, 51),
	(9, 51),
	(7, 51),
	(2, 52),
	(3, 52),
	(7, 52),
	(1, 52),
	(8, 52),
	(5, 53),
	(1, 53),
	(8, 53),
	(4, 53),
	(10, 53),
	(6, 54),
	(1, 54),
	(5, 54),
	(9, 54),
	(10, 54),
	(6, 55),
	(1, 55),
	(7, 55),
	(10, 55),
	(9, 55),
	(5, 56),
	(8, 56),
	(9, 56),
	(4, 56),
	(10, 56),
	(5, 57),
	(2, 57),
	(7, 57),
	(9, 57),
	(10, 57),
	(9, 58),
	(5, 58),
	(10, 58),
	(8, 58),
	(3, 58),
	(9, 59),
	(2, 59),
	(3, 59),
	(8, 59),
	(7, 59),
	(10, 60),
	(4, 60),
	(1, 60),
	(6, 60),
	(8, 60),
	(6, 61),
	(4, 61),
	(3, 61),
	(5, 61),
	(9, 61),
	(7, 62),
	(4, 62),
	(6, 62),
	(1, 62),
	(9, 62),
	(2, 63),
	(3, 63),
	(6, 63),
	(1, 63),
	(4, 63),
	(8, 64),
	(9, 64),
	(2, 64),
	(6, 64),
	(1, 64),
	(7, 65),
	(6, 65),
	(2, 65),
	(4, 65),
	(10, 65),
	(5, 66),
	(10, 66),
	(3, 66),
	(8, 66),
	(1, 66),
	(6, 67),
	(10, 67),
	(7, 67),
	(9, 67),
	(2, 67),
	(3, 68),
	(4, 68),
	(2, 68),
	(6, 68),
	(1, 68),
	(1, 69),
	(10, 69),
	(9, 69),
	(2, 69),
	(6, 69),
	(3, 70),
	(5, 70),
	(8, 70),
	(2, 70),
	(1, 70),
	(10, 71),
	(4, 71),
	(5, 71),
	(8, 71),
	(1, 71),
	(2, 72),
	(7, 72),
	(9, 72),
	(4, 72),
	(3, 72),
	(7, 73),
	(10, 73),
	(1, 73),
	(3, 73),
	(4, 73),
	(3, 74),
	(10, 74),
	(8, 74),
	(4, 74),
	(2, 74),
	(6, 75),
	(8, 75),
	(5, 75),
	(1, 75),
	(7, 75),
	(8, 76),
	(10, 76),
	(7, 76),
	(4, 76),
	(9, 76),
	(2, 77),
	(4, 77),
	(8, 77),
	(6, 77),
	(1, 77),
	(4, 78),
	(5, 78),
	(9, 78),
	(3, 78),
	(1, 78),
	(2, 79),
	(9, 79),
	(4, 79),
	(6, 79),
	(8, 79),
	(3, 80),
	(9, 80),
	(6, 80),
	(2, 80),
	(8, 80),
	(5, 81),
	(7, 81),
	(10, 81),
	(2, 81),
	(3, 81),
	(6, 82),
	(1, 82),
	(7, 82),
	(2, 82),
	(9, 82),
	(9, 83),
	(10, 83),
	(6, 83),
	(5, 83),
	(1, 83),
	(1, 84),
	(6, 84),
	(8, 84),
	(3, 84),
	(9, 84),
	(2, 85),
	(8, 85),
	(9, 85),
	(4, 85),
	(7, 85),
	(10, 86),
	(4, 86),
	(2, 86),
	(8, 86),
	(5, 86),
	(1, 87),
	(6, 87),
	(9, 87),
	(8, 87),
	(4, 87),
	(3, 88),
	(9, 88),
	(2, 88),
	(7, 88),
	(4, 88),
	(1, 89),
	(2, 89),
	(3, 89),
	(4, 89),
	(10, 89),
	(7, 90),
	(9, 90),
	(1, 90),
	(6, 90),
	(2, 90),
	(9, 91),
	(10, 91),
	(7, 91),
	(1, 91),
	(6, 91),
	(8, 92),
	(1, 92),
	(2, 92),
	(7, 92),
	(9, 92),
	(10, 93),
	(9, 93),
	(1, 93),
	(2, 93),
	(7, 93),
	(10, 94),
	(4, 94),
	(2, 94),
	(9, 94),
	(6, 94),
	(6, 95),
	(7, 95),
	(9, 95),
	(10, 95),
	(5, 95),
	(1, 96),
	(9, 96),
	(7, 96),
	(2, 96),
	(3, 96),
	(4, 97),
	(1, 97),
	(6, 97),
	(3, 97),
	(2, 97),
	(10, 98),
	(2, 98),
	(4, 98),
	(7, 98),
	(9, 98),
	(7, 99),
	(4, 99),
	(6, 99),
	(5, 99),
	(2, 99),
	(7, 100),
	(1, 100),
	(6, 100),
	(10, 100),
	(2, 100),
	(9, 101),
	(4, 101),
	(6, 101),
	(7, 101),
	(5, 101),
	(8, 102),
	(6, 102),
	(2, 102),
	(1, 102),
	(4, 102),
	(6, 103),
	(2, 103),
	(8, 103),
	(5, 103),
	(1, 103),
	(5, 104),
	(7, 104),
	(1, 104),
	(10, 104),
	(8, 104),
	(1, 105),
	(3, 105),
	(4, 105),
	(10, 105),
	(9, 105),
	(7, 106),
	(8, 106),
	(10, 106),
	(6, 106),
	(1, 106),
	(6, 107),
	(8, 107),
	(7, 107),
	(2, 107),
	(3, 107),
	(1, 108),
	(6, 108),
	(7, 108),
	(2, 108),
	(9, 108),
	(3, 109),
	(2, 109),
	(7, 109),
	(10, 109),
	(8, 109),
	(8, 110),
	(7, 110),
	(9, 110),
	(1, 110),
	(2, 110),
	(1, 111),
	(10, 111),
	(6, 111),
	(4, 111),
	(2, 111),
	(3, 112),
	(6, 112),
	(1, 112),
	(7, 112),
	(2, 112),
	(7, 113),
	(5, 113),
	(1, 113),
	(4, 113),
	(3, 113),
	(2, 114),
	(10, 114),
	(7, 114),
	(4, 114),
	(3, 114),
	(5, 115),
	(6, 115),
	(10, 115),
	(8, 115),
	(1, 115),
	(5, 116),
	(6, 116),
	(1, 116),
	(7, 116),
	(10, 116),
	(3, 117),
	(6, 117),
	(8, 117),
	(2, 117),
	(4, 117),
	(7, 118),
	(4, 118),
	(5, 118),
	(9, 118),
	(1, 118),
	(9, 119),
	(3, 119),
	(1, 119),
	(4, 119),
	(6, 119),
	(2, 120),
	(4, 120),
	(7, 120),
	(1, 120),
	(3, 120),
	(4, 121),
	(1, 121),
	(2, 121),
	(5, 121),
	(10, 121),
	(4, 122),
	(9, 122),
	(7, 122),
	(3, 122),
	(5, 122),
	(3, 123),
	(4, 123),
	(5, 123),
	(1, 123),
	(8, 123),
	(4, 124),
	(7, 124),
	(6, 124),
	(5, 124),
	(1, 124),
	(7, 125),
	(10, 125),
	(1, 125),
	(3, 125),
	(8, 125),
	(7, 126),
	(1, 126),
	(6, 126),
	(9, 126),
	(5, 126),
	(6, 127),
	(8, 127),
	(7, 127),
	(1, 127),
	(4, 127),
	(8, 128),
	(2, 128),
	(4, 128),
	(6, 128),
	(1, 128),
	(6, 129),
	(10, 129),
	(7, 129),
	(2, 129),
	(4, 129),
	(4, 130),
	(3, 130),
	(5, 130),
	(1, 130),
	(2, 130),
	(8, 131),
	(3, 131),
	(1, 131),
	(7, 131),
	(2, 131),
	(3, 132),
	(10, 132),
	(5, 132),
	(6, 132),
	(9, 132),
	(4, 133),
	(6, 133),
	(3, 133),
	(10, 133),
	(1, 133),
	(3, 134),
	(1, 134),
	(4, 134),
	(9, 134),
	(6, 134),
	(4, 135),
	(8, 135),
	(7, 135),
	(2, 135),
	(10, 135),
	(9, 136),
	(1, 136),
	(3, 136),
	(10, 136),
	(2, 136),
	(1, 137),
	(9, 137),
	(4, 137),
	(6, 137),
	(5, 137),
	(7, 138),
	(5, 138),
	(10, 138),
	(4, 138),
	(1, 138),
	(7, 139),
	(6, 139),
	(10, 139),
	(2, 139),
	(9, 139),
	(9, 140),
	(4, 140),
	(6, 140),
	(1, 140),
	(7, 140),
	(3, 141),
	(7, 141),
	(4, 141),
	(5, 141),
	(1, 141),
	(2, 142),
	(4, 142),
	(5, 142),
	(7, 142),
	(8, 142),
	(2, 143),
	(1, 143),
	(5, 143),
	(9, 143),
	(6, 143),
	(5, 144),
	(1, 144),
	(10, 144),
	(9, 144),
	(7, 144),
	(5, 145),
	(4, 145),
	(6, 145),
	(1, 145),
	(9, 145),
	(4, 146),
	(7, 146),
	(10, 146),
	(5, 146),
	(6, 146),
	(2, 147),
	(5, 147),
	(10, 147),
	(9, 147),
	(1, 147),
	(9, 148),
	(3, 148),
	(8, 148),
	(10, 148),
	(7, 148),
	(9, 149),
	(7, 149),
	(4, 149),
	(1, 149),
	(2, 149),
	(8, 150),
	(7, 150),
	(6, 150),
	(10, 150),
	(1, 150),
	(3, 151),
	(6, 151),
	(7, 151),
	(10, 151),
	(9, 151),
	(3, 152),
	(5, 152),
	(4, 152),
	(10, 152),
	(7, 152),
	(3, 153),
	(9, 153),
	(7, 153),
	(6, 153),
	(4, 153),
	(1, 154),
	(5, 154),
	(2, 154),
	(7, 154),
	(6, 154),
	(3, 155),
	(5, 155),
	(8, 155),
	(7, 155),
	(6, 155),
	(1, 156),
	(2, 156),
	(7, 156),
	(3, 156),
	(5, 156),
	(8, 157),
	(3, 157),
	(7, 157),
	(9, 157),
	(2, 157),
	(9, 158),
	(5, 158),
	(3, 158),
	(6, 158),
	(8, 158),
	(9, 159),
	(6, 159),
	(2, 159),
	(7, 159),
	(1, 159),
	(6, 160),
	(3, 160),
	(7, 160),
	(1, 160),
	(2, 160),
	(1, 161),
	(4, 161),
	(3, 161),
	(9, 161),
	(6, 161),
	(1, 162),
	(9, 162),
	(6, 162),
	(8, 162),
	(10, 162),
	(5, 163),
	(1, 163),
	(7, 163),
	(9, 163),
	(4, 163),
	(10, 164),
	(4, 164),
	(9, 164),
	(1, 164),
	(8, 164),
	(9, 165),
	(4, 165),
	(2, 165),
	(5, 165),
	(1, 165),
	(3, 166),
	(6, 166),
	(7, 166),
	(1, 166),
	(9, 166),
	(8, 167),
	(10, 167),
	(3, 167),
	(4, 167),
	(2, 167),
	(3, 168),
	(5, 168),
	(6, 168),
	(9, 168),
	(7, 168),
	(2, 169),
	(1, 169),
	(9, 169),
	(8, 169),
	(10, 169),
	(7, 170),
	(1, 170),
	(5, 170),
	(2, 170),
	(4, 170),
	(4, 171),
	(5, 171),
	(9, 171),
	(7, 171),
	(2, 171),
	(9, 172),
	(3, 172),
	(10, 172),
	(6, 172),
	(5, 172),
	(5, 173),
	(9, 173),
	(3, 173),
	(2, 173),
	(6, 173),
	(7, 174),
	(3, 174),
	(9, 174),
	(5, 174),
	(8, 174),
	(9, 175),
	(4, 175),
	(6, 175),
	(5, 175),
	(3, 175),
	(6, 176),
	(4, 176),
	(8, 176),
	(3, 176),
	(7, 176),
	(2, 177),
	(6, 177),
	(3, 177),
	(8, 177),
	(1, 177),
	(7, 178),
	(2, 178),
	(8, 178),
	(3, 178),
	(1, 178),
	(9, 179),
	(10, 179),
	(6, 179),
	(5, 179),
	(4, 179),
	(5, 180),
	(4, 180),
	(7, 180),
	(6, 180),
	(2, 180),
	(3, 181),
	(10, 181),
	(5, 181),
	(6, 181),
	(4, 181),
	(10, 182),
	(8, 182),
	(3, 182),
	(5, 182),
	(4, 182),
	(9, 183),
	(10, 183),
	(6, 183),
	(7, 183),
	(4, 183),
	(6, 184),
	(9, 184),
	(5, 184),
	(10, 184),
	(1, 184),
	(2, 185),
	(1, 185),
	(6, 185),
	(4, 185),
	(9, 185),
	(6, 186),
	(5, 186),
	(10, 186),
	(3, 186),
	(1, 186),
	(9, 187),
	(3, 187),
	(10, 187),
	(7, 187),
	(6, 187),
	(2, 188),
	(1, 188),
	(10, 188),
	(8, 188),
	(6, 188),
	(1, 189),
	(9, 189),
	(3, 189),
	(8, 189),
	(2, 189),
	(7, 190),
	(2, 190),
	(1, 190),
	(3, 190),
	(10, 190),
	(2, 191),
	(3, 191),
	(4, 191),
	(10, 191),
	(6, 191),
	(4, 192),
	(8, 192),
	(3, 192),
	(10, 192),
	(6, 192),
	(9, 193),
	(7, 193),
	(6, 193),
	(10, 193),
	(2, 193),
	(4, 194),
	(10, 194),
	(9, 194),
	(5, 194),
	(1, 194),
	(1, 195),
	(2, 195),
	(8, 195),
	(10, 195),
	(3, 195),
	(5, 196),
	(9, 196),
	(6, 196),
	(10, 196),
	(7, 196),
	(10, 197),
	(5, 197),
	(8, 197),
	(6, 197),
	(3, 197),
	(6, 198),
	(2, 198),
	(7, 198),
	(9, 198),
	(10, 198),
	(6, 199),
	(10, 199),
	(7, 199),
	(4, 199),
	(1, 199),
	(6, 200),
	(10, 200),
	(5, 200),
	(9, 200),
	(4, 200),
	(7, 201),
	(5, 201),
	(4, 201),
	(6, 201),
	(10, 201),
	(1, 202),
	(10, 202),
	(3, 202),
	(5, 202),
	(2, 202),
	(3, 203),
	(10, 203),
	(7, 203),
	(8, 203),
	(2, 203),
	(3, 204),
	(5, 204),
	(4, 204),
	(8, 204),
	(9, 204),
	(4, 205),
	(2, 205),
	(7, 205),
	(10, 205),
	(6, 205),
	(7, 206),
	(10, 206),
	(1, 206),
	(4, 206),
	(2, 206),
	(2, 207),
	(1, 207),
	(7, 207),
	(4, 207),
	(10, 207),
	(9, 208),
	(3, 208),
	(1, 208),
	(6, 208),
	(2, 208),
	(8, 209),
	(10, 209),
	(5, 209),
	(3, 209),
	(4, 209),
	(1, 210),
	(8, 210),
	(7, 210),
	(9, 210),
	(10, 210),
	(1, 211),
	(6, 211),
	(10, 211),
	(8, 211),
	(7, 211),
	(9, 212),
	(3, 212),
	(6, 212),
	(7, 212),
	(5, 212),
	(2, 213),
	(9, 213),
	(3, 213),
	(7, 213),
	(6, 213),
	(4, 214),
	(9, 214),
	(3, 214),
	(8, 214),
	(7, 214),
	(8, 215),
	(5, 215),
	(4, 215),
	(1, 215),
	(10, 215),
	(4, 216),
	(1, 216),
	(7, 216),
	(8, 216),
	(9, 216),
	(2, 217),
	(6, 217),
	(3, 217),
	(9, 217),
	(8, 217),
	(8, 218),
	(1, 218),
	(5, 218),
	(10, 218),
	(3, 218),
	(6, 219),
	(4, 219),
	(2, 219),
	(10, 219),
	(7, 219),
	(4, 220),
	(9, 220),
	(10, 220),
	(1, 220),
	(7, 220),
	(10, 221),
	(3, 221),
	(2, 221),
	(7, 221),
	(1, 221),
	(10, 222),
	(4, 222),
	(3, 222),
	(6, 222),
	(2, 222),
	(2, 223),
	(9, 223),
	(1, 223),
	(3, 223),
	(10, 223),
	(2, 224),
	(7, 224),
	(10, 224),
	(1, 224),
	(5, 224),
	(10, 225),
	(8, 225),
	(5, 225),
	(2, 225),
	(7, 225),
	(5, 226),
	(10, 226),
	(9, 226),
	(3, 226),
	(6, 226),
	(8, 227),
	(1, 227),
	(5, 227),
	(7, 227),
	(10, 227),
	(7, 228),
	(3, 228),
	(4, 228),
	(8, 228),
	(2, 228),
	(9, 229),
	(5, 229),
	(4, 229),
	(6, 229),
	(3, 229),
	(7, 230),
	(6, 230),
	(5, 230),
	(9, 230),
	(2, 230),
	(1, 231),
	(10, 231),
	(4, 231),
	(5, 231),
	(9, 231),
	(9, 232),
	(3, 232),
	(5, 232),
	(6, 232),
	(10, 232),
	(9, 233),
	(8, 233),
	(10, 233),
	(5, 233),
	(3, 233),
	(3, 234),
	(8, 234),
	(5, 234),
	(9, 234),
	(7, 234),
	(7, 235),
	(3, 235),
	(10, 235),
	(2, 235),
	(6, 235),
	(9, 236),
	(2, 236),
	(6, 236),
	(1, 236),
	(10, 236),
	(7, 237),
	(1, 237),
	(6, 237),
	(9, 237),
	(10, 237),
	(7, 238),
	(1, 238),
	(10, 238),
	(8, 238),
	(6, 238),
	(1, 239),
	(2, 239),
	(9, 239),
	(6, 239),
	(8, 239),
	(9, 240),
	(2, 240),
	(6, 240),
	(8, 240),
	(5, 240),
	(5, 241),
	(9, 241),
	(4, 241),
	(7, 241),
	(6, 241),
	(8, 242),
	(2, 242),
	(7, 242),
	(1, 242),
	(5, 242),
	(9, 243),
	(4, 243),
	(1, 243),
	(6, 243),
	(7, 243),
	(3, 244),
	(6, 244),
	(5, 244),
	(2, 244),
	(8, 244),
	(3, 245),
	(6, 245),
	(5, 245),
	(9, 245),
	(8, 245),
	(3, 246),
	(5, 246),
	(8, 246),
	(4, 246),
	(6, 246),
	(1, 247),
	(8, 247),
	(5, 247),
	(7, 247),
	(4, 247),
	(7, 248),
	(9, 248),
	(2, 248),
	(8, 248),
	(1, 248),
	(5, 249),
	(4, 249),
	(3, 249),
	(9, 249),
	(2, 249),
	(9, 250),
	(8, 250),
	(2, 250),
	(5, 250),
	(3, 250),
	(7, 251),
	(9, 251),
	(2, 251),
	(10, 251),
	(1, 251),
	(2, 252),
	(1, 252),
	(5, 252),
	(9, 252),
	(8, 252),
	(3, 253),
	(7, 253),
	(8, 253),
	(10, 253),
	(1, 253),
	(6, 254),
	(10, 254),
	(4, 254),
	(2, 254),
	(5, 254),
	(5, 255),
	(6, 255),
	(8, 255),
	(2, 255),
	(7, 255),
	(9, 256),
	(7, 256),
	(10, 256),
	(5, 256),
	(1, 256),
	(2, 257),
	(1, 257),
	(8, 257),
	(9, 257),
	(7, 257),
	(3, 258),
	(7, 258),
	(5, 258),
	(6, 258),
	(10, 258),
	(1, 259),
	(3, 259),
	(10, 259),
	(7, 259),
	(5, 259),
	(9, 260),
	(6, 260),
	(3, 260),
	(5, 260),
	(2, 260),
	(8, 261),
	(2, 261),
	(7, 261),
	(5, 261),
	(4, 261),
	(2, 262),
	(10, 262),
	(8, 262),
	(5, 262),
	(1, 262),
	(2, 263),
	(10, 263),
	(7, 263),
	(1, 263),
	(8, 263),
	(5, 264),
	(8, 264),
	(3, 264),
	(6, 264),
	(7, 264),
	(5, 265),
	(2, 265),
	(7, 265),
	(9, 265),
	(6, 265),
	(1, 266),
	(7, 266),
	(2, 266),
	(9, 266),
	(3, 266),
	(5, 267),
	(1, 267),
	(7, 267),
	(8, 267),
	(3, 267),
	(7, 268),
	(8, 268),
	(6, 268),
	(9, 268),
	(1, 268),
	(8, 269),
	(9, 269),
	(7, 269),
	(4, 269),
	(3, 269),
	(1, 270),
	(6, 270),
	(10, 270),
	(7, 270),
	(2, 270),
	(10, 271),
	(8, 271),
	(7, 271),
	(3, 271),
	(9, 271),
	(1, 272),
	(5, 272),
	(6, 272),
	(4, 272),
	(3, 272),
	(5, 273),
	(6, 273),
	(2, 273),
	(10, 273),
	(7, 273),
	(7, 274),
	(6, 274),
	(3, 274),
	(5, 274),
	(1, 274),
	(3, 275),
	(2, 275),
	(6, 275),
	(8, 275),
	(7, 275),
	(10, 276),
	(2, 276),
	(1, 276),
	(9, 276),
	(3, 276),
	(6, 277),
	(2, 277),
	(10, 277),
	(9, 277),
	(5, 277),
	(6, 278),
	(2, 278),
	(3, 278),
	(1, 278),
	(10, 278),
	(7, 279),
	(4, 279),
	(9, 279),
	(3, 279),
	(5, 279),
	(9, 280),
	(7, 280),
	(5, 280),
	(3, 280),
	(4, 280),
	(10, 281),
	(9, 281),
	(4, 281),
	(3, 281),
	(6, 281),
	(9, 282),
	(5, 282),
	(6, 282),
	(7, 282),
	(2, 282),
	(5, 283),
	(8, 283),
	(7, 283),
	(9, 283),
	(6, 283),
	(7, 284),
	(9, 284),
	(3, 284),
	(8, 284),
	(1, 284),
	(7, 285),
	(8, 285),
	(9, 285),
	(4, 285),
	(2, 285),
	(8, 286),
	(6, 286),
	(3, 286),
	(5, 286),
	(2, 286),
	(10, 287),
	(4, 287),
	(2, 287),
	(7, 287),
	(1, 287),
	(1, 288),
	(7, 288),
	(5, 288),
	(3, 288),
	(9, 288),
	(2, 289),
	(9, 289),
	(10, 289),
	(3, 289),
	(6, 289),
	(8, 290),
	(4, 290),
	(9, 290),
	(1, 290),
	(3, 290),
	(5, 291),
	(6, 291),
	(2, 291),
	(1, 291),
	(10, 291),
	(9, 292),
	(3, 292),
	(8, 292),
	(6, 292),
	(1, 292),
	(4, 293),
	(7, 293),
	(10, 293),
	(5, 293),
	(3, 293),
	(7, 294),
	(4, 294),
	(2, 294),
	(10, 294),
	(5, 294),
	(6, 295),
	(1, 295),
	(5, 295),
	(7, 295),
	(3, 295),
	(7, 296),
	(2, 296),
	(5, 296),
	(1, 296),
	(6, 296),
	(7, 297),
	(10, 297),
	(3, 297),
	(6, 297),
	(1, 297),
	(8, 298),
	(10, 298),
	(1, 298),
	(5, 298),
	(6, 298),
	(10, 299),
	(3, 299),
	(1, 299),
	(2, 299),
	(8, 299),
	(8, 300),
	(2, 300),
	(5, 300),
	(7, 300),
	(4, 300),
	(5, 301),
	(8, 301),
	(4, 301),
	(2, 301),
	(10, 301),
	(5, 302),
	(9, 302),
	(10, 302),
	(3, 302),
	(2, 302),
	(7, 303),
	(2, 303),
	(4, 303),
	(8, 303),
	(10, 303),
	(4, 304),
	(6, 304),
	(2, 304),
	(7, 304),
	(1, 304),
	(3, 305),
	(2, 305),
	(1, 305),
	(9, 305),
	(5, 305),
	(4, 306),
	(7, 306),
	(2, 306),
	(9, 306),
	(6, 306),
	(1, 307),
	(3, 307),
	(4, 307),
	(7, 307),
	(8, 307),
	(5, 308),
	(4, 308),
	(1, 308),
	(6, 308),
	(10, 308),
	(6, 309),
	(5, 309),
	(4, 309),
	(3, 309),
	(9, 309),
	(4, 310),
	(10, 310),
	(7, 310),
	(8, 310),
	(2, 310),
	(3, 311),
	(7, 311),
	(1, 311),
	(6, 311),
	(4, 311),
	(4, 312),
	(9, 312),
	(7, 312),
	(5, 312),
	(8, 312),
	(2, 313),
	(3, 313),
	(10, 313),
	(6, 313),
	(5, 313),
	(6, 314),
	(7, 314),
	(10, 314),
	(9, 314),
	(2, 314),
	(3, 315),
	(6, 315),
	(5, 315),
	(2, 315),
	(4, 315),
	(5, 316),
	(4, 316),
	(7, 316),
	(9, 316),
	(6, 316),
	(7, 317),
	(8, 317),
	(9, 317),
	(2, 317),
	(6, 317),
	(2, 318),
	(1, 318),
	(3, 318),
	(10, 318),
	(7, 318),
	(8, 319),
	(10, 319),
	(7, 319),
	(4, 319),
	(5, 319),
	(3, 320),
	(10, 320),
	(1, 320),
	(4, 320),
	(6, 320),
	(4, 321),
	(7, 321),
	(10, 321),
	(1, 321),
	(5, 321),
	(7, 322),
	(10, 322),
	(6, 322),
	(9, 322),
	(5, 322),
	(4, 323),
	(9, 323),
	(7, 323),
	(5, 323),
	(3, 323),
	(5, 324),
	(9, 324),
	(4, 324),
	(10, 324),
	(2, 324),
	(1, 325),
	(6, 325),
	(9, 325),
	(7, 325),
	(10, 325),
	(2, 326),
	(10, 326),
	(5, 326),
	(8, 326),
	(3, 326),
	(3, 327),
	(4, 327),
	(8, 327),
	(6, 327),
	(9, 327),
	(2, 328),
	(8, 328),
	(3, 328),
	(1, 328),
	(5, 328),
	(6, 329),
	(2, 329),
	(8, 329),
	(7, 329),
	(5, 329),
	(7, 330),
	(10, 330),
	(5, 330),
	(6, 330),
	(1, 330),
	(1, 331),
	(2, 331),
	(7, 331),
	(3, 331),
	(6, 331),
	(6, 332),
	(8, 332),
	(10, 332),
	(7, 332),
	(4, 332),
	(1, 333),
	(6, 333),
	(10, 333),
	(5, 333),
	(2, 333),
	(1, 334),
	(9, 334),
	(3, 334),
	(7, 334),
	(10, 334),
	(2, 335),
	(3, 335),
	(7, 335),
	(5, 335),
	(10, 335),
	(5, 336),
	(8, 336),
	(1, 336),
	(3, 336),
	(7, 336),
	(1, 337),
	(9, 337),
	(2, 337),
	(8, 337),
	(4, 337),
	(6, 338),
	(2, 338),
	(7, 338),
	(3, 338),
	(10, 338),
	(5, 339),
	(2, 339),
	(7, 339),
	(8, 339),
	(9, 339),
	(2, 340),
	(1, 340),
	(10, 340),
	(7, 340),
	(4, 340),
	(8, 341),
	(5, 341),
	(7, 341),
	(9, 341),
	(1, 341),
	(8, 342),
	(3, 342),
	(1, 342),
	(6, 342),
	(10, 342),
	(2, 343),
	(9, 343),
	(1, 343),
	(8, 343),
	(10, 343),
	(3, 344),
	(1, 344),
	(5, 344),
	(8, 344),
	(6, 344),
	(8, 345),
	(2, 345),
	(9, 345),
	(10, 345),
	(1, 345),
	(5, 346),
	(4, 346),
	(7, 346),
	(10, 346),
	(3, 346),
	(5, 347),
	(4, 347),
	(9, 347),
	(1, 347),
	(2, 347),
	(5, 348),
	(1, 348),
	(6, 348),
	(8, 348),
	(2, 348),
	(8, 349),
	(5, 349),
	(3, 349),
	(2, 349),
	(4, 349),
	(10, 350),
	(6, 350),
	(7, 350),
	(3, 350),
	(4, 350),
	(8, 351),
	(4, 351),
	(9, 351),
	(2, 351),
	(5, 351),
	(7, 352),
	(4, 352),
	(10, 352),
	(6, 352),
	(3, 352),
	(6, 353),
	(10, 353),
	(2, 353),
	(8, 353),
	(4, 353),
	(3, 354),
	(1, 354),
	(9, 354),
	(8, 354),
	(6, 354),
	(10, 355),
	(5, 355),
	(4, 355),
	(7, 355),
	(3, 355),
	(10, 356),
	(9, 356),
	(2, 356),
	(6, 356),
	(5, 356),
	(8, 357),
	(7, 357),
	(9, 357),
	(1, 357),
	(6, 357),
	(8, 358),
	(6, 358),
	(4, 358),
	(9, 358),
	(10, 358),
	(1, 359),
	(3, 359),
	(5, 359),
	(7, 359),
	(10, 359),
	(1, 360),
	(7, 360),
	(4, 360),
	(2, 360),
	(9, 360),
	(5, 361),
	(2, 361),
	(4, 361),
	(10, 361),
	(6, 361),
	(5, 362),
	(3, 362),
	(7, 362),
	(10, 362),
	(1, 362),
	(4, 363),
	(7, 363),
	(8, 363),
	(6, 363),
	(1, 363),
	(4, 364),
	(3, 364),
	(9, 364),
	(6, 364),
	(10, 364),
	(6, 365),
	(2, 365),
	(4, 365),
	(9, 365),
	(5, 365),
	(4, 366),
	(5, 366),
	(8, 366),
	(3, 366),
	(9, 366),
	(9, 367),
	(8, 367),
	(7, 367),
	(6, 367),
	(2, 367),
	(8, 368),
	(7, 368),
	(4, 368),
	(9, 368),
	(1, 368),
	(6, 369),
	(4, 369),
	(2, 369),
	(8, 369),
	(9, 369),
	(5, 370),
	(9, 370),
	(8, 370),
	(1, 370),
	(7, 370),
	(8, 371),
	(2, 371),
	(1, 371),
	(7, 371),
	(4, 371),
	(1, 372),
	(10, 372),
	(2, 372),
	(5, 372),
	(9, 372),
	(4, 373),
	(8, 373),
	(10, 373),
	(7, 373),
	(2, 373),
	(4, 374),
	(5, 374),
	(9, 374),
	(10, 374),
	(6, 374),
	(1, 375),
	(6, 375),
	(10, 375),
	(2, 375),
	(9, 375),
	(6, 376),
	(10, 376),
	(5, 376),
	(8, 376),
	(4, 376),
	(2, 377),
	(5, 377),
	(9, 377),
	(10, 377),
	(1, 377),
	(6, 378),
	(7, 378),
	(3, 378),
	(10, 378),
	(2, 378),
	(8, 379),
	(4, 379),
	(1, 379),
	(6, 379),
	(7, 379),
	(9, 380),
	(8, 380),
	(3, 380),
	(4, 380),
	(7, 380),
	(1, 381),
	(7, 381),
	(10, 381),
	(5, 381),
	(6, 381),
	(4, 382),
	(3, 382),
	(1, 382),
	(10, 382),
	(8, 382),
	(8, 383),
	(9, 383),
	(2, 383),
	(3, 383),
	(5, 383),
	(10, 384),
	(2, 384),
	(8, 384),
	(4, 384),
	(3, 384),
	(1, 385),
	(2, 385),
	(3, 385),
	(7, 385),
	(10, 385),
	(5, 386),
	(7, 386),
	(8, 386),
	(3, 386),
	(9, 386),
	(4, 387),
	(5, 387),
	(6, 387),
	(2, 387),
	(1, 387),
	(8, 388),
	(2, 388),
	(7, 388),
	(3, 388),
	(4, 388),
	(3, 389),
	(7, 389),
	(2, 389),
	(6, 389),
	(5, 389),
	(4, 390),
	(1, 390),
	(6, 390),
	(7, 390),
	(9, 390),
	(3, 391),
	(8, 391),
	(7, 391),
	(9, 391),
	(2, 391),
	(10, 392),
	(7, 392),
	(5, 392),
	(1, 392),
	(6, 392),
	(2, 393),
	(3, 393),
	(5, 393),
	(1, 393),
	(6, 393),
	(2, 394),
	(10, 394),
	(8, 394),
	(3, 394),
	(9, 394),
	(5, 395),
	(7, 395),
	(10, 395),
	(6, 395),
	(8, 395),
	(4, 396),
	(10, 396),
	(3, 396),
	(6, 396),
	(9, 396),
	(6, 397),
	(10, 397),
	(2, 397),
	(5, 397),
	(8, 397),
	(6, 398),
	(7, 398),
	(1, 398),
	(8, 398),
	(4, 398),
	(2, 399),
	(7, 399),
	(5, 399),
	(8, 399),
	(10, 399),
	(2, 400),
	(1, 400),
	(3, 400),
	(8, 400),
	(4, 400),
	(7, 401),
	(8, 401),
	(10, 401),
	(5, 401),
	(3, 401),
	(7, 402),
	(2, 402),
	(8, 402),
	(3, 402),
	(6, 402),
	(7, 403),
	(5, 403),
	(9, 403),
	(2, 403),
	(8, 403),
	(4, 404),
	(5, 404),
	(8, 404),
	(6, 404),
	(9, 404),
	(1, 405),
	(9, 405),
	(7, 405),
	(2, 405),
	(4, 405),
	(10, 406),
	(5, 406),
	(8, 406),
	(7, 406),
	(9, 406),
	(7, 407),
	(2, 407),
	(3, 407),
	(6, 407),
	(4, 407),
	(3, 408),
	(2, 408),
	(5, 408),
	(6, 408),
	(8, 408),
	(3, 409),
	(2, 409),
	(1, 409),
	(8, 409),
	(5, 409),
	(7, 410),
	(6, 410),
	(3, 410),
	(10, 410),
	(1, 410),
	(6, 411),
	(4, 411),
	(3, 411),
	(5, 411),
	(7, 411),
	(5, 412),
	(6, 412),
	(2, 412),
	(7, 412),
	(10, 412),
	(10, 413),
	(4, 413),
	(6, 413),
	(2, 413),
	(1, 413),
	(7, 414),
	(9, 414),
	(3, 414),
	(1, 414),
	(8, 414),
	(4, 415),
	(7, 415),
	(5, 415),
	(3, 415),
	(6, 415),
	(3, 416),
	(2, 416),
	(1, 416),
	(10, 416),
	(6, 416),
	(1, 417),
	(2, 417),
	(3, 417),
	(10, 417),
	(7, 417),
	(10, 418),
	(1, 418),
	(8, 418),
	(4, 418),
	(2, 418),
	(6, 419),
	(5, 419),
	(9, 419),
	(7, 419),
	(4, 419),
	(1, 420),
	(6, 420),
	(7, 420),
	(10, 420),
	(3, 420),
	(1, 421),
	(10, 421),
	(7, 421),
	(8, 421),
	(6, 421),
	(1, 422),
	(4, 422),
	(10, 422),
	(9, 422),
	(5, 422),
	(8, 423),
	(4, 423),
	(10, 423),
	(9, 423),
	(6, 423),
	(1, 424),
	(6, 424),
	(9, 424),
	(7, 424),
	(3, 424),
	(1, 425),
	(3, 425),
	(9, 425),
	(8, 425),
	(5, 425),
	(4, 426),
	(8, 426),
	(10, 426),
	(5, 426),
	(9, 426),
	(6, 427),
	(3, 427),
	(5, 427),
	(1, 427),
	(8, 427),
	(1, 428),
	(8, 428),
	(2, 428),
	(9, 428),
	(3, 428),
	(2, 429),
	(8, 429),
	(5, 429),
	(1, 429),
	(4, 429),
	(2, 430),
	(10, 430),
	(7, 430),
	(5, 430),
	(8, 430),
	(4, 431),
	(1, 431),
	(8, 431),
	(5, 431),
	(9, 431),
	(5, 432),
	(9, 432),
	(8, 432),
	(2, 432),
	(3, 432),
	(8, 433),
	(4, 433),
	(2, 433),
	(5, 433),
	(6, 433),
	(8, 434),
	(10, 434),
	(5, 434),
	(9, 434),
	(7, 434),
	(3, 435),
	(8, 435),
	(10, 435),
	(1, 435),
	(5, 435),
	(4, 436),
	(3, 436),
	(5, 436),
	(2, 436),
	(6, 436),
	(10, 437),
	(9, 437),
	(4, 437),
	(5, 437),
	(3, 437),
	(5, 438),
	(8, 438),
	(2, 438),
	(10, 438),
	(6, 438),
	(7, 439),
	(6, 439),
	(4, 439),
	(9, 439),
	(8, 439),
	(10, 440),
	(9, 440),
	(8, 440),
	(6, 440),
	(1, 440),
	(7, 441),
	(10, 441),
	(9, 441),
	(3, 441),
	(1, 441),
	(2, 442),
	(6, 442),
	(9, 442),
	(3, 442),
	(10, 442),
	(5, 443),
	(8, 443),
	(3, 443),
	(7, 443),
	(4, 443),
	(7, 444),
	(8, 444),
	(3, 444),
	(6, 444),
	(9, 444),
	(2, 445),
	(5, 445),
	(1, 445),
	(9, 445),
	(10, 445),
	(10, 446),
	(4, 446),
	(6, 446),
	(9, 446),
	(1, 446),
	(5, 447),
	(9, 447),
	(3, 447),
	(4, 447),
	(10, 447),
	(4, 448),
	(2, 448),
	(10, 448),
	(1, 448),
	(6, 448),
	(10, 449),
	(9, 449),
	(8, 449),
	(4, 449),
	(3, 449),
	(4, 450),
	(3, 450),
	(1, 450),
	(10, 450),
	(7, 450),
	(5, 451),
	(7, 451),
	(10, 451),
	(9, 451),
	(2, 451),
	(2, 452),
	(6, 452),
	(1, 452),
	(7, 452),
	(4, 452),
	(6, 453),
	(2, 453),
	(1, 453),
	(8, 453),
	(3, 453),
	(4, 454),
	(1, 454),
	(9, 454),
	(7, 454),
	(5, 454),
	(2, 455),
	(3, 455),
	(9, 455),
	(1, 455),
	(5, 455),
	(6, 456),
	(5, 456),
	(8, 456),
	(3, 456),
	(10, 456),
	(10, 457),
	(4, 457),
	(8, 457),
	(1, 457),
	(9, 457),
	(8, 458),
	(10, 458),
	(2, 458),
	(1, 458),
	(7, 458),
	(2, 459),
	(1, 459),
	(6, 459),
	(9, 459),
	(8, 459),
	(2, 460),
	(1, 460),
	(10, 460),
	(9, 460),
	(4, 460),
	(2, 461),
	(7, 461),
	(6, 461),
	(9, 461),
	(8, 461),
	(5, 462),
	(9, 462),
	(2, 462),
	(1, 462),
	(3, 462),
	(4, 463),
	(1, 463),
	(2, 463),
	(5, 463),
	(7, 463),
	(5, 464),
	(6, 464),
	(8, 464),
	(10, 464),
	(2, 464),
	(4, 465),
	(2, 465),
	(9, 465),
	(10, 465),
	(7, 465),
	(3, 466),
	(8, 466),
	(5, 466),
	(1, 466),
	(6, 466),
	(10, 467),
	(6, 467),
	(1, 467),
	(4, 467),
	(5, 467),
	(2, 468),
	(1, 468),
	(9, 468),
	(7, 468),
	(5, 468),
	(1, 469),
	(8, 469),
	(7, 469),
	(6, 469),
	(2, 469),
	(4, 470),
	(9, 470),
	(5, 470),
	(8, 470),
	(6, 470),
	(10, 471),
	(9, 471),
	(8, 471),
	(4, 471),
	(2, 471),
	(4, 472),
	(3, 472),
	(2, 472),
	(7, 472),
	(9, 472),
	(5, 473),
	(6, 473),
	(3, 473),
	(9, 473),
	(1, 473),
	(1, 474),
	(3, 474),
	(4, 474),
	(8, 474),
	(6, 474),
	(9, 475),
	(6, 475),
	(7, 475),
	(5, 475),
	(8, 475),
	(2, 476),
	(5, 476),
	(6, 476),
	(1, 476),
	(3, 476),
	(5, 477),
	(9, 477),
	(8, 477),
	(6, 477),
	(7, 477),
	(5, 478),
	(7, 478),
	(9, 478),
	(1, 478),
	(3, 478),
	(3, 479),
	(5, 479),
	(1, 479),
	(7, 479),
	(2, 479),
	(9, 480),
	(10, 480),
	(5, 480),
	(1, 480),
	(8, 480),
	(7, 481),
	(6, 481),
	(10, 481),
	(1, 481),
	(2, 481),
	(2, 482),
	(10, 482),
	(6, 482),
	(4, 482),
	(5, 482),
	(6, 483),
	(5, 483),
	(7, 483),
	(2, 483),
	(9, 483),
	(8, 484),
	(1, 484),
	(2, 484),
	(5, 484),
	(9, 484),
	(4, 485),
	(5, 485),
	(6, 485),
	(10, 485),
	(3, 485),
	(1, 486),
	(9, 486),
	(10, 486),
	(4, 486),
	(2, 486),
	(9, 487),
	(3, 487),
	(8, 487),
	(7, 487),
	(6, 487),
	(4, 488),
	(10, 488),
	(1, 488),
	(7, 488),
	(2, 488),
	(1, 489),
	(6, 489),
	(4, 489),
	(9, 489),
	(5, 489),
	(3, 490),
	(2, 490),
	(4, 490),
	(8, 490),
	(5, 490),
	(5, 491),
	(10, 491),
	(7, 491),
	(3, 491),
	(9, 491),
	(5, 492),
	(8, 492),
	(7, 492),
	(9, 492),
	(1, 492),
	(2, 493),
	(3, 493),
	(4, 493),
	(6, 493),
	(9, 493),
	(4, 494),
	(8, 494),
	(3, 494),
	(2, 494),
	(9, 494),
	(7, 495),
	(4, 495),
	(5, 495),
	(10, 495),
	(9, 495),
	(3, 496),
	(4, 496),
	(6, 496),
	(9, 496),
	(8, 496),
	(7, 497),
	(3, 497),
	(6, 497),
	(4, 497),
	(10, 497),
	(8, 498),
	(4, 498),
	(9, 498),
	(5, 498),
	(7, 498),
	(4, 499),
	(8, 499),
	(10, 499),
	(7, 499),
	(9, 499),
	(10, 500),
	(5, 500),
	(3, 500),
	(4, 500),
	(9, 500),
	(3, 501),
	(9, 501),
	(4, 501),
	(8, 501),
	(7, 501),
	(6, 502),
	(10, 502),
	(3, 502),
	(2, 502),
	(1, 502),
	(7, 503),
	(10, 503),
	(1, 503),
	(9, 503),
	(5, 503),
	(1, 504),
	(9, 504),
	(3, 504),
	(7, 504),
	(5, 504),
	(5, 505),
	(3, 505),
	(10, 505),
	(2, 505),
	(8, 505),
	(4, 506),
	(2, 506),
	(6, 506),
	(5, 506),
	(3, 506),
	(5, 507),
	(10, 507),
	(6, 507),
	(8, 507),
	(9, 507),
	(10, 508),
	(6, 508),
	(8, 508),
	(3, 508),
	(5, 508),
	(2, 509),
	(9, 509),
	(5, 509),
	(7, 509),
	(10, 509),
	(10, 510),
	(6, 510),
	(7, 510),
	(5, 510),
	(9, 510),
	(9, 553),
	(2, 553),
	(3, 553),
	(1, 553),
	(6, 554),
	(5, 554),
	(3, 554),
	(8, 554),
	(7, 554),
	(4, 555),
	(9, 555),
	(5, 555),
	(3, 555),
	(7, 555),
	(9, 556),
	(2, 556),
	(3, 556),
	(1, 556),
	(6, 557),
	(5, 557),
	(3, 557),
	(8, 557),
	(7, 557),
	(4, 558),
	(9, 558),
	(5, 558),
	(3, 558),
	(7, 558),
	(9, 559),
	(2, 559),
	(3, 559),
	(1, 559),
	(6, 560),
	(5, 560),
	(3, 560),
	(8, 560),
	(7, 560),
	(4, 561),
	(9, 561),
	(5, 561),
	(3, 561),
	(7, 561),
	(9, 564),
	(10, 564);

-- Dumping structure for table isp_management.media
CREATE TABLE IF NOT EXISTS `media` (
  `id` bigint unsigned NOT NULL AUTO_INCREMENT,
  `model_type` varchar(255) COLLATE utf8mb4_unicode_ci NOT NULL,
  `model_id` bigint unsigned NOT NULL,
  `uuid` char(36) COLLATE utf8mb4_unicode_ci DEFAULT NULL,
  `collection_name` varchar(255) COLLATE utf8mb4_unicode_ci NOT NULL,
  `name` varchar(255) COLLATE utf8mb4_unicode_ci NOT NULL,
  `file_name` varchar(255) COLLATE utf8mb4_unicode_ci NOT NULL,
  `mime_type` varchar(255) COLLATE utf8mb4_unicode_ci DEFAULT NULL,
  `disk` varchar(255) COLLATE utf8mb4_unicode_ci NOT NULL,
  `conversions_disk` varchar(255) COLLATE utf8mb4_unicode_ci DEFAULT NULL,
  `size` bigint unsigned NOT NULL,
  `manipulations` json NOT NULL,
  `custom_properties` json NOT NULL,
  `generated_conversions` json NOT NULL,
  `responsive_images` json NOT NULL,
  `order_column` int unsigned DEFAULT NULL,
  `created_at` timestamp NULL DEFAULT NULL,
  `updated_at` timestamp NULL DEFAULT NULL,
  PRIMARY KEY (`id`),
  UNIQUE KEY `media_uuid_unique` (`uuid`),
  KEY `media_model_type_model_id_index` (`model_type`,`model_id`),
  KEY `media_order_column_index` (`order_column`)
) ENGINE=InnoDB AUTO_INCREMENT=42 DEFAULT CHARSET=utf8mb4 COLLATE=utf8mb4_unicode_ci;

-- Dumping data for table isp_management.media: ~0 rows (approximately)
INSERT INTO `media` (`id`, `model_type`, `model_id`, `uuid`, `collection_name`, `name`, `file_name`, `mime_type`, `disk`, `conversions_disk`, `size`, `manipulations`, `custom_properties`, `generated_conversions`, `responsive_images`, `order_column`, `created_at`, `updated_at`) VALUES
	(1, 'App\\Models\\Offer', 5, '363e9783-6e96-42df-96d6-a986e69e0698', 'default', '461498677_392562930558937_7564458385649281082_n', '461498677_392562930558937_7564458385649281082_n.jpg', 'image/jpeg', 'public', 'public', 193286, '[]', '[]', '[]', '[]', 1, '2024-10-02 06:01:44', '2024-10-02 06:01:44'),
	(2, 'App\\Models\\Offer', 13, 'df3f2974-4e06-4eb7-9c45-befd6964b700', 'default', 'image_2024_09_03T09_31_50_054Z', 'image_2024_09_03T09_31_50_054Z.png', 'image/png', 'public', 'public', 80677, '[]', '[]', '[]', '[]', 1, '2024-10-03 06:08:46', '2024-10-03 06:08:46'),
	(3, 'App\\Models\\Offer', 517, '55f04bdf-6f29-4ba5-87c7-40c55d828552', 'offers', '67037c691cdfe-1728281705', '67037c691cdfe-1728281705.jpg', 'image/jpeg', 'public', 'public', 38919, '[]', '[]', '[]', '[]', 1, '2024-10-07 00:15:06', '2024-10-07 00:15:06'),
	(4, 'App\\Models\\Offer', 518, '94f57a2c-331d-44cd-a0cc-a2e2749435ec', 'offers', '67037c691fff5-1728281705', '67037c691fff5-1728281705.jpg', 'image/jpeg', 'public', 'public', 193286, '[]', '[]', '[]', '[]', 1, '2024-10-07 00:15:06', '2024-10-07 00:15:06'),
	(5, 'App\\Models\\Offer', 519, 'c9987eb0-baad-4db1-8e93-157594a671e0', 'offers', '67037c69203c1-1728281705', '67037c69203c1-1728281705.jpg', 'image/jpeg', 'public', 'public', 38919, '[]', '[]', '[]', '[]', 1, '2024-10-07 00:15:06', '2024-10-07 00:15:06'),
	(6, 'App\\Models\\Offer', 521, '9a300bbd-229d-462a-93cc-42bcc36d7799', 'offers', '67037f1c3be3b-1728282396', '67037f1c3be3b-1728282396.jpg', 'image/jpeg', 'public', 'public', 38919, '[]', '[]', '[]', '[]', 1, '2024-10-07 00:26:37', '2024-10-07 00:26:37'),
	(7, 'App\\Models\\Offer', 522, '4268c138-397b-433c-b89c-2de77b1d8f5d', 'offers', '67037f1c3e5f4-1728282396', '67037f1c3e5f4-1728282396.jpg', 'image/jpeg', 'public', 'public', 193286, '[]', '[]', '[]', '[]', 1, '2024-10-07 00:26:37', '2024-10-07 00:26:37'),
	(8, 'App\\Models\\Offer', 523, '2399f0b4-0468-4a87-831e-40282f5041ea', 'offers', '67037f1c3ea24-1728282396', '67037f1c3ea24-1728282396.jpg', 'image/jpeg', 'public', 'public', 38919, '[]', '[]', '[]', '[]', 1, '2024-10-07 00:26:37', '2024-10-07 00:26:37'),
	(9, 'App\\Models\\Offer', 524, '0394ac77-8b1f-4a72-8df5-ee5138488b66', 'default', '670380ac2d31b-1728282796', '670380ac2d31b-1728282796.jpg', 'image/jpeg', 'public', 'public', 38919, '[]', '[]', '[]', '[]', 1, '2024-10-07 00:33:16', '2024-10-07 00:33:16'),
	(10, 'App\\Models\\Offer', 525, '728991e1-6da4-4cb1-b9fe-d87a2a9c50ee', 'default', '670380ac2ff35-1728282796', '670380ac2ff35-1728282796.jpg', 'image/jpeg', 'public', 'public', 193286, '[]', '[]', '[]', '[]', 1, '2024-10-07 00:33:16', '2024-10-07 00:33:16'),
	(11, 'App\\Models\\Offer', 526, 'fadbe29f-5bbf-4e73-b0b9-25d48fbfafe8', 'default', '670380ac302dc-1728282796', '670380ac302dc-1728282796.jpg', 'image/jpeg', 'public', 'public', 38919, '[]', '[]', '[]', '[]', 1, '2024-10-07 00:33:16', '2024-10-07 00:33:16'),
	(12, 'App\\Models\\Offer', 529, '03e0b263-04d1-430c-b64d-b106caa732e1', 'default', '6703842338c85-1728283683', '6703842338c85-1728283683.jpg', 'image/jpeg', 'public', 'public', 38919, '[]', '[]', '[]', '[]', 1, '2024-10-07 00:48:03', '2024-10-07 00:48:03'),
	(13, 'App\\Models\\Offer', 530, '42261ede-6efc-4d67-ad45-c5a9cc70c5ba', 'default', '670384233baf2-1728283683', '670384233baf2-1728283683.jpg', 'image/jpeg', 'public', 'public', 193286, '[]', '[]', '[]', '[]', 1, '2024-10-07 00:48:03', '2024-10-07 00:48:03'),
	(14, 'App\\Models\\Offer', 531, '08a75b88-e77d-4804-88ff-aa80eab50c1f', 'default', '670384233bed9-1728283683', '670384233bed9-1728283683.jpg', 'image/jpeg', 'public', 'public', 38919, '[]', '[]', '[]', '[]', 1, '2024-10-07 00:48:03', '2024-10-07 00:48:03'),
	(15, 'App\\Models\\Offer', 534, '34adde01-a8fc-4507-aed5-f5c27b6e381f', 'default', '670384edd7cbf-1728283885', '670384edd7cbf-1728283885.jpg', 'image/jpeg', 'public', 'public', 38919, '[]', '[]', '[]', '[]', 1, '2024-10-07 00:51:25', '2024-10-07 00:51:25'),
	(16, 'App\\Models\\Offer', 535, 'c8cb29a7-2d75-47d1-a950-8d3aae20e403', 'default', '670384edda2ba-1728283885', '670384edda2ba-1728283885.jpg', 'image/jpeg', 'public', 'public', 193286, '[]', '[]', '[]', '[]', 1, '2024-10-07 00:51:25', '2024-10-07 00:51:25'),
	(17, 'App\\Models\\Offer', 536, '84ad010f-762c-4509-852c-6fc075e47adf', 'default', '670384edda690-1728283885', '670384edda690-1728283885.jpg', 'image/jpeg', 'public', 'public', 38919, '[]', '[]', '[]', '[]', 1, '2024-10-07 00:51:25', '2024-10-07 00:51:25'),
	(18, 'App\\Models\\Offer', 537, '128bc8f3-6569-4696-a801-c620f8b28bfd', 'default', '6703854e4596a-1728283982', '6703854e4596a-1728283982.jpg', 'image/jpeg', 'public', 'public', 38919, '[]', '[]', '[]', '[]', 1, '2024-10-07 00:53:02', '2024-10-07 00:53:02'),
	(19, 'App\\Models\\Offer', 538, 'd2276d51-aa69-4ffe-bb12-86bd3608bbeb', 'default', '6703854e482dd-1728283982', '6703854e482dd-1728283982.jpg', 'image/jpeg', 'public', 'public', 193286, '[]', '[]', '[]', '[]', 1, '2024-10-07 00:53:02', '2024-10-07 00:53:02'),
	(20, 'App\\Models\\Offer', 539, '164ed9c4-ffaa-4181-be4b-feba428e473b', 'default', '6703854e486a9-1728283982', '6703854e486a9-1728283982.jpg', 'image/jpeg', 'public', 'public', 38919, '[]', '[]', '[]', '[]', 1, '2024-10-07 00:53:02', '2024-10-07 00:53:02'),
	(21, 'App\\Models\\Offer', 540, '08e71857-a7fe-4f9c-bb81-d6a3e14b57dc', 'default', '670388fd727cd-1728284925', '670388fd727cd-1728284925.jpg', 'image/jpeg', 'public', 'public', 38919, '[]', '[]', '[]', '[]', 1, '2024-10-07 01:08:45', '2024-10-07 01:08:45'),
	(22, 'App\\Models\\Offer', 541, '4f078b18-8a84-496e-9526-8b283d808307', 'default', '670388fd757f3-1728284925', '670388fd757f3-1728284925.jpg', 'image/jpeg', 'public', 'public', 193286, '[]', '[]', '[]', '[]', 1, '2024-10-07 01:08:45', '2024-10-07 01:08:45'),
	(23, 'App\\Models\\Offer', 542, 'ff023564-10bf-4b49-b288-525f33a097d8', 'default', '670388fd75ddd-1728284925', '670388fd75ddd-1728284925.jpg', 'image/jpeg', 'public', 'public', 38919, '[]', '[]', '[]', '[]', 1, '2024-10-07 01:08:45', '2024-10-07 01:08:45'),
	(24, 'App\\Models\\Offer', 543, 'e22c0b3c-9259-4163-b164-a1573af622cd', 'default', '67038961a9cb4-1728285025', '67038961a9cb4-1728285025.jpg', 'image/jpeg', 'public', 'public', 38919, '[]', '[]', '[]', '[]', 1, '2024-10-07 01:10:25', '2024-10-07 01:10:25'),
	(25, 'App\\Models\\Offer', 544, 'ed2f8168-34cf-412c-9dbf-e90b49f760f1', 'default', '67038961ac5d1-1728285025', '67038961ac5d1-1728285025.jpg', 'image/jpeg', 'public', 'public', 193286, '[]', '[]', '[]', '[]', 1, '2024-10-07 01:10:25', '2024-10-07 01:10:25'),
	(26, 'App\\Models\\Offer', 545, '2f250de3-d303-43ae-8b25-ef5b5305b7d2', 'default', '67038961ac997-1728285025', '67038961ac997-1728285025.jpg', 'image/jpeg', 'public', 'public', 38919, '[]', '[]', '[]', '[]', 1, '2024-10-07 01:10:25', '2024-10-07 01:10:25'),
	(27, 'App\\Models\\Offer', 546, '45bc03ee-2c4b-491b-a8f2-889664976fc6', 'default', '67038f52bae7e-1728286546', '67038f52bae7e-1728286546.jpg', 'image/jpeg', 'public', 'public', 38919, '[]', '[]', '[]', '[]', 1, '2024-10-07 01:35:46', '2024-10-07 01:35:46'),
	(28, 'App\\Models\\Offer', 547, '9228205c-c0a4-4bab-b5cd-560e39f626a2', 'default', '67038f52bd6b4-1728286546', '67038f52bd6b4-1728286546.jpg', 'image/jpeg', 'public', 'public', 193286, '[]', '[]', '[]', '[]', 1, '2024-10-07 01:35:46', '2024-10-07 01:35:46'),
	(29, 'App\\Models\\Offer', 548, '95c20e7a-7ca7-475e-995b-a9f3f3eb0285', 'default', '67038f52bdb8e-1728286546', '67038f52bdb8e-1728286546.jpg', 'image/jpeg', 'public', 'public', 38919, '[]', '[]', '[]', '[]', 1, '2024-10-07 01:35:46', '2024-10-07 01:35:46'),
	(30, 'App\\Models\\Offer', 553, 'd35cd1ab-b36c-4c21-9bfc-f36eaedf2f84', 'default', '67039b05d9f62-1728289541', '67039b05d9f62-1728289541.jpg', 'image/jpeg', 'public', 'public', 38919, '[]', '[]', '[]', '[]', 1, '2024-10-07 02:25:42', '2024-10-07 02:25:42'),
	(31, 'App\\Models\\Offer', 554, 'ca476ca7-960a-4ac9-b5fd-6d64361614da', 'default', '67039b05dd889-1728289541', '67039b05dd889-1728289541.jpg', 'image/jpeg', 'public', 'public', 193286, '[]', '[]', '[]', '[]', 1, '2024-10-07 02:25:42', '2024-10-07 02:25:42'),
	(32, 'App\\Models\\Offer', 555, '904c22d4-4a87-4747-89bf-83c9cec338b2', 'default', '67039b05ddc55-1728289541', '67039b05ddc55-1728289541.jpg', 'image/jpeg', 'public', 'public', 38919, '[]', '[]', '[]', '[]', 1, '2024-10-07 02:25:42', '2024-10-07 02:25:42'),
	(33, 'App\\Models\\Offer', 556, '1ef35dd6-c8c2-4ca9-851d-786f5e48b561', 'default', '67039d15df834-1728290069', '67039d15df834-1728290069.jpg', 'image/jpeg', 'public', 'public', 38919, '[]', '[]', '[]', '[]', 1, '2024-10-07 02:34:30', '2024-10-07 02:34:30'),
	(34, 'App\\Models\\Offer', 557, 'd636dc1e-e660-4676-bbc1-6a9e15beead9', 'default', '67039d15e2ed2-1728290069', '67039d15e2ed2-1728290069.jpg', 'image/jpeg', 'public', 'public', 193286, '[]', '[]', '[]', '[]', 1, '2024-10-07 02:34:30', '2024-10-07 02:34:30'),
	(35, 'App\\Models\\Offer', 558, 'defa681f-1aaa-4665-9fd9-af9b7372bf58', 'default', '67039d15e3327-1728290069', '67039d15e3327-1728290069.jpg', 'image/jpeg', 'public', 'public', 38919, '[]', '[]', '[]', '[]', 1, '2024-10-07 02:34:30', '2024-10-07 02:34:30'),
	(36, 'App\\Models\\Offer', 559, '089d4a38-fe8d-426e-8bbb-32dfde986c5d', 'default', '67039e0cebfa7-1728290316', '67039e0cebfa7-1728290316.jpg', 'image/jpeg', 'public', 'public', 38919, '[]', '[]', '[]', '[]', 1, '2024-10-07 02:38:37', '2024-10-07 02:38:37'),
	(37, 'App\\Models\\Offer', 560, 'e2165e5a-f25e-4556-bb57-3cffa0a54208', 'default', '67039e0cef3cb-1728290316', '67039e0cef3cb-1728290316.jpg', 'image/jpeg', 'public', 'public', 193286, '[]', '[]', '[]', '[]', 1, '2024-10-07 02:38:37', '2024-10-07 02:38:37'),
	(38, 'App\\Models\\Offer', 561, 'c5649652-fdb2-4671-b6cd-84f9cf5ef056', 'default', '67039e0cef81d-1728290316', '67039e0cef81d-1728290316.jpg', 'image/jpeg', 'public', 'public', 38919, '[]', '[]', '[]', '[]', 1, '2024-10-07 02:38:37', '2024-10-07 02:38:37'),
	(41, 'App\\Models\\Offer', 564, 'ca70da74-6237-4f87-be55-2eff8e455eb5', 'default', 'Screenshot 2024-09-23 140052', 'Screenshot-2024-09-23-140052.png', 'image/png', 'public', 'public', 48500, '[]', '[]', '[]', '[]', 1, '2024-10-07 05:22:15', '2024-10-07 05:22:15');

-- Dumping structure for table isp_management.migrations
CREATE TABLE IF NOT EXISTS `migrations` (
  `id` int unsigned NOT NULL AUTO_INCREMENT,
  `migration` varchar(255) COLLATE utf8mb4_unicode_ci NOT NULL,
  `batch` int NOT NULL,
  PRIMARY KEY (`id`)
) ENGINE=InnoDB AUTO_INCREMENT=13 DEFAULT CHARSET=utf8mb4 COLLATE=utf8mb4_unicode_ci;

-- Dumping data for table isp_management.migrations: ~0 rows (approximately)
INSERT INTO `migrations` (`id`, `migration`, `batch`) VALUES
	(1, '2014_10_12_000000_create_users_table', 1),
	(2, '2014_10_12_100000_create_password_reset_tokens_table', 1),
	(3, '2019_08_19_000000_create_failed_jobs_table', 1),
	(4, '2019_12_14_000001_create_personal_access_tokens_table', 1),
	(5, '2024_09_10_060808_create_offers_table', 1),
	(6, '2024_09_10_062015_create_categories_table', 1),
	(7, '2024_09_10_062026_create_locations_table', 1),
	(8, '2024_09_10_062948_create_location_offer_table', 1),
	(9, '2024_09_10_070910_create_category_offer_table', 1),
	(10, '2024_09_30_111158_create_media_table', 1),
	(11, '2024_10_07_095233_create_activity_logs_table', 2),
	(12, '2024_10_07_0955652233_create_activity_logs_table', 3);

-- Dumping structure for table isp_management.offers
CREATE TABLE IF NOT EXISTS `offers` (
  `id` bigint unsigned NOT NULL AUTO_INCREMENT,
  `title` varchar(255) COLLATE utf8mb4_unicode_ci NOT NULL,
  `description` text COLLATE utf8mb4_unicode_ci NOT NULL,
  `price` double(8,2) NOT NULL,
  `status` varchar(255) COLLATE utf8mb4_unicode_ci NOT NULL DEFAULT 'draft',
  `author_id` bigint unsigned NOT NULL,
  `deleted_by` bigint unsigned DEFAULT NULL,
  `created_at` timestamp NULL DEFAULT NULL,
  `updated_at` timestamp NULL DEFAULT NULL,
  `deleted_at` timestamp NULL DEFAULT NULL,
  PRIMARY KEY (`id`),
  KEY `offers_author_id_foreign` (`author_id`),
  KEY `offers_deleted_by_foreign` (`deleted_by`),
  CONSTRAINT `offers_author_id_foreign` FOREIGN KEY (`author_id`) REFERENCES `users` (`id`),
  CONSTRAINT `offers_deleted_by_foreign` FOREIGN KEY (`deleted_by`) REFERENCES `users` (`id`)
) ENGINE=InnoDB AUTO_INCREMENT=565 DEFAULT CHARSET=utf8mb4 COLLATE=utf8mb4_unicode_ci;

-- Dumping data for table isp_management.offers: ~553 rows (approximately)
INSERT INTO `offers` (`id`, `title`, `description`, `price`, `status`, `author_id`, `deleted_by`, `created_at`, `updated_at`, `deleted_at`) VALUES
	(1, 'Fugiat Update', 'Est dolores odit quod consequatur dignissimos. Vitae repellendus ipsam et molestiae qui et. Exercitationem autem reprehenderit est recusandae delectus. Ea necessitatibus deleniti quis expedita perspiciatis et beatae.', 623.00, 'draft', 1, NULL, '2024-10-02 05:59:32', '2024-10-02 06:08:36', '2024-10-02 06:08:36'),
	(2, 'Neque officia quasi libero possimus.', 'Autem est aut tenetur est qui. Similique sed suscipit facilis saepe. Ex repellendus voluptatem laborum sunt voluptate doloribus. Doloribus deserunt eaque a neque.', 198.00, 'draft', 4, 1, '2024-10-02 05:59:32', '2024-10-02 06:11:13', '2024-10-02 06:11:13'),
	(3, 'Veniam harum minima qui voluptas.', 'Cumque expedita aut dolorem aspernatur. Et corrupti eveniet ipsum cumque inventore ipsum. Non dolorem numquam placeat. Esse occaecati vel reprehenderit illo facilis.', 339.00, 'draft', 5, 1, '2024-10-02 05:59:32', '2024-10-02 06:15:19', '2024-10-02 06:15:19'),
	(4, '     ,    ', 'Sit soluta esse minima qui architecto nihil laboriosam. Quas sint quasi inventore inventore similique ad aspernatur aliquam. Ea dicta cupiditate voluptates ut quia provident quia. Laboriosam occaecati delectus praesentium eius delectus.', 905.00, 'draft', 6, NULL, '2024-10-02 05:59:32', '2024-10-02 05:59:32', NULL),
	(5, '       ', 'Quo natus qui voluptas et necessitatibus. Quod qui sed necessitatibus ex ut dolorem. Accusantium sit totam facere assumenda eos iure illum deleniti. Hic nostrum nostrum nostrum facilis reprehenderit earum.', 155.00, 'draft', 7, NULL, '2024-10-02 05:59:32', '2024-10-02 05:59:32', NULL),
	(6, '     ,    ', 'Autem omnis facilis ipsum quaerat iste. Totam quasi in harum totam. Non voluptas sed culpa perferendis.', 611.00, 'draft', 8, NULL, '2024-10-02 06:52:54', '2024-10-02 06:52:54', NULL),
	(7, '        ', 'Ea ipsum sed modi rerum accusamus et explicabo. Earum cupiditate veniam recusandae voluptas iure sed veritatis. Saepe aut corrupti sapiente eius voluptatibus eum tenetur officiis.', 458.00, 'draft', 9, NULL, '2024-10-02 06:52:54', '2024-10-02 06:52:54', NULL),
	(8, 'Nemo et adipisci doloremque ab harum aut voluptatem.', 'Repellendus numquam fugit iure aut voluptas. Labore est atque et voluptas suscipit reiciendis delectus omnis. Libero sunt amet et.', 915.00, 'draft', 10, NULL, '2024-10-02 06:52:54', '2024-10-02 06:52:54', NULL),
	(9, 'In quam placeat repellat voluptas sint commodi.', 'A ullam est nostrum debitis officiis quis. Qui delectus facere ad est et vero est doloremque. Ex voluptates aut odio eos possimus. Tempora enim cumque illum dolore et incidunt.', 304.00, 'draft', 11, NULL, '2024-10-02 06:52:54', '2024-10-02 06:52:54', NULL),
	(10, 'Dolorem qui odit aut sint et et.', 'Odit quam qui at nobis repudiandae. Eum nostrum dolor rerum aut eum impedit. Sunt aut odio qui veniam nesciunt maiores. Nostrum repellendus quidem porro vel.', 303.00, 'draft', 12, NULL, '2024-10-02 06:52:54', '2024-10-02 06:52:54', NULL),
	(11, 'Quia autem voluptates dolore nemo.', 'Possimus voluptatem distinctio omnis voluptatum sit id quis. Quod ut incidunt ut impedit. Hic quas et ipsa ipsum dicta optio nostrum. Sapiente voluptatem quibusdam consequatur rerum necessitatibus incidunt commodi.', 221.00, 'draft', 13, NULL, '2024-10-02 06:53:24', '2024-10-02 06:53:24', NULL),
	(12, 'Illo delectus odio rerum vitae.', 'Veniam quod expedita libero aspernatur fugiat omnis. Eius eos ut veniam impedit. Veritatis fugiat vero corporis quas.', 971.00, 'draft', 14, NULL, '2024-10-02 06:53:24', '2024-10-02 06:53:24', NULL),
	(13, 'Sed fugit et ut tempora voluptatem omnis ipsum numquam.', 'Non nemo hic natus voluptatem expedita molestias tenetur alias. Cupiditate dolorem quia facilis vero eos nesciunt. Quae ipsa quia impedit.', 765.00, 'draft', 1, NULL, '2024-10-02 06:53:24', '2024-10-03 06:08:59', NULL),
	(14, 'Quia veniam aut dolores ipsa ipsa.gfh', 'Totam consequatur minima repellendus. Rerum cupiditate itaque voluptates qui est aut. Enim ut totam recusandae illo voluptate.', 700.00, 'draft', 1, NULL, '2024-10-02 06:53:24', '2024-10-03 06:10:39', NULL),
	(15, 'Reprehenderit praesentium ipsum consequuntur ullam aut optio.', 'Et itaque est voluptates ab assumenda iure et. Quis debitis at pariatur vel illo et qui. Qui est nobis voluptas occaecati est reiciendis. Sequi asperiores eligendi odio. Quidem exercitationem consequatur dolores quasi quae eveniet nulla libero.', 610.00, 'draft', 17, NULL, '2024-10-02 06:53:24', '2024-10-02 06:53:24', NULL),
	(16, 'Quia minima similique commodi dolorem corporis sapiente.', 'Aliquid excepturi rerum quia optio commodi odit. Tempora incidunt assumenda quis eaque. Explicabo ipsam aut ullam quos voluptates sed dolorum.', 321.00, 'draft', 18, NULL, '2024-10-02 06:53:24', '2024-10-02 06:53:24', NULL),
	(17, 'Omnis aut aut et sed quo.', 'Illo repellat fugit quia architecto quis iste nam illo. Aspernatur voluptatibus voluptates corrupti eaque hic aut. Quia et quia possimus. In voluptas nemo nulla reiciendis aperiam facilis.', 806.00, 'draft', 19, NULL, '2024-10-02 06:53:24', '2024-10-02 06:53:24', NULL),
	(18, 'Quos cupiditate cum culpa dolore.', 'Cupiditate commodi est similique facilis temporibus possimus reiciendis nihil. Ad debitis modi perspiciatis culpa eligendi animi. Explicabo cum veniam vel quaerat voluptates aliquam. Similique magnam quidem autem exercitationem et necessitatibus ullam.', 390.00, 'draft', 20, NULL, '2024-10-02 06:53:24', '2024-10-02 06:53:24', NULL),
	(19, 'Est perferendis itaque vel consequatur nihil eos eveniet.', 'Blanditiis ducimus consequatur vel ut. Odio laudantium sit aut facere aut aperiam quibusdam aut. Vitae quia et omnis accusamus ut perspiciatis.', 420.00, 'draft', 21, NULL, '2024-10-02 06:53:24', '2024-10-02 06:53:24', NULL),
	(20, 'Odit quas illo accusamus soluta.', 'Sequi in officiis ea commodi dolore omnis. Nostrum quos dolor quaerat sunt sint quaerat. Quis iure at debitis dignissimos.', 341.00, 'draft', 22, NULL, '2024-10-02 06:53:24', '2024-10-02 06:53:24', NULL),
	(21, 'Et reprehenderit magni perspiciatis dolores et ratione natus.', 'Odit deleniti corporis veniam. Ut temporibus quia dolor est quos. Quibusdam debitis facilis qui corrupti.', 569.00, 'draft', 23, NULL, '2024-10-02 06:53:24', '2024-10-02 06:53:24', NULL),
	(22, 'Dolorem aut quod alias possimus voluptatem adipisci.', 'Et in sint quisquam ut sequi. Consectetur tempora explicabo alias sunt molestiae dolore ut. Placeat fugiat qui non quae. Velit similique autem dolorem illum. Molestiae fugit non vitae occaecati et.', 200.00, 'draft', 24, NULL, '2024-10-02 06:53:24', '2024-10-02 06:53:24', NULL),
	(23, 'Autem quo nemo est provident deserunt.', 'Illo suscipit laboriosam dolores voluptatibus perspiciatis veritatis quidem impedit. Laborum reprehenderit cupiditate necessitatibus natus. Quis aut similique tenetur enim voluptatum iusto. Non eos beatae odit voluptatem.', 105.00, 'draft', 25, NULL, '2024-10-02 06:53:24', '2024-10-02 06:53:24', NULL),
	(24, 'Ut pariatur ea dolores tempore odio.', 'Necessitatibus odit fugit laudantium et. Distinctio ut natus sapiente architecto et laboriosam. Aut perspiciatis iste ut libero totam facilis.', 768.00, 'draft', 26, NULL, '2024-10-02 06:53:24', '2024-10-02 06:53:24', NULL),
	(25, 'Aperiam aut animi labore quia quas vero.', 'Non qui et tenetur odio eveniet nulla. Ea iusto ratione non enim ipsam nisi. Quam animi rerum numquam quo incidunt. Nulla aliquid velit reprehenderit quo quasi assumenda eaque. Et officia adipisci nam ea distinctio excepturi explicabo.', 172.00, 'draft', 27, NULL, '2024-10-02 06:53:24', '2024-10-02 06:53:24', NULL),
	(26, 'Vitae sint ea id laudantium molestiae nobis consequuntur.', 'Magni id quod minus. Accusantium repellendus enim est iste maiores placeat nesciunt.', 363.00, 'draft', 28, NULL, '2024-10-02 06:53:24', '2024-10-02 06:53:24', NULL),
	(27, 'Sunt et quisquam mollitia aliquam tempora culpa.', 'Neque dolor non est architecto. Rerum et ratione ullam quia iusto nisi quas. Aliquid dolorem veritatis provident nobis voluptates praesentium. Dolores quasi vel quibusdam assumenda distinctio dolor velit.', 221.00, 'draft', 29, NULL, '2024-10-02 06:53:24', '2024-10-02 06:53:24', NULL),
	(28, 'Quis cumque aliquid quis quas.', 'Nam reiciendis fugiat corporis unde quaerat. Ut laborum quia rerum et distinctio. Voluptatibus quaerat velit sit ea.', 313.00, 'draft', 30, NULL, '2024-10-02 06:53:24', '2024-10-02 06:53:24', NULL),
	(29, 'Qui minima nam est aperiam fugit rerum dolorem.', 'Aliquam ut dignissimos labore minus est. Error quo molestias non laborum eligendi. Harum distinctio velit minus ut est debitis doloribus.', 171.00, 'draft', 31, NULL, '2024-10-02 06:53:24', '2024-10-02 06:53:24', NULL),
	(30, 'Veritatis excepturi iusto impedit animi minima.', 'Non corrupti quisquam pariatur atque quod cupiditate. Sed dolores sapiente quam beatae assumenda quia. Cum delectus impedit voluptatem nihil at possimus ipsa libero. Dolorum sunt ut pariatur expedita ut consequuntur et.', 935.00, 'draft', 32, NULL, '2024-10-02 06:53:24', '2024-10-02 06:53:24', NULL),
	(31, 'Et eos est dolorum et repellat dolor.', 'Iste doloremque ipsum et eligendi. Aspernatur vitae impedit atque aspernatur autem ducimus velit. Similique maxime eaque accusantium esse illum necessitatibus dolore alias. Voluptate incidunt porro omnis aperiam.', 610.00, 'draft', 33, NULL, '2024-10-02 06:53:24', '2024-10-02 06:53:24', NULL),
	(32, 'Ut consequatur ut eaque aliquid qui expedita.', 'Molestias quidem dolorem optio exercitationem. Sunt nihil doloremque nihil consequuntur sit suscipit. In qui dolore nisi suscipit et ullam eum ipsam. Suscipit est id repellat illum.', 622.00, 'draft', 34, NULL, '2024-10-02 06:53:24', '2024-10-02 06:53:24', NULL),
	(33, 'Ratione atque in voluptatem consequatur qui dicta velit et.', 'Quidem hic voluptatem praesentium ut porro voluptatibus. Magni consequuntur consequatur dignissimos earum. Alias dolorem impedit nostrum nemo illo. Natus fugiat ut esse praesentium.', 389.00, 'draft', 35, NULL, '2024-10-02 06:53:24', '2024-10-02 06:53:24', NULL),
	(34, 'Officia iure quae sed deleniti enim.', 'Est fuga illum voluptatem aliquid molestias id quo. Quaerat qui exercitationem explicabo perspiciatis. Voluptatum totam illum in ut ut qui at.', 802.00, 'draft', 36, NULL, '2024-10-02 06:53:24', '2024-10-02 06:53:24', NULL),
	(35, 'Officia saepe sit eos qui error sit.', 'Et expedita et unde. Assumenda qui labore vel autem. Est dolorem accusamus animi.', 823.00, 'draft', 37, NULL, '2024-10-02 06:53:24', '2024-10-02 06:53:24', NULL),
	(36, 'Officiis tempora dolorem qui dolorem.', 'Ratione optio vel corporis expedita dignissimos aspernatur. Quia aut repellendus quos culpa.', 316.00, 'draft', 38, NULL, '2024-10-02 06:53:24', '2024-10-02 06:53:24', NULL),
	(37, 'Inventore iure modi architecto officia unde.', 'Natus quis quidem in qui laudantium. Reprehenderit ex harum corrupti saepe. Mollitia ipsa velit quia repudiandae. Id voluptas dolorum non.', 417.00, 'draft', 39, NULL, '2024-10-02 06:53:24', '2024-10-02 06:53:24', NULL),
	(38, 'Ea ut ex animi qui repellat.', 'Assumenda nihil nulla in laboriosam. Veritatis consequatur est aspernatur eos et velit porro. Facere optio similique quidem aliquam non ullam et totam. Eveniet necessitatibus ut autem quisquam et et qui.', 176.00, 'draft', 40, NULL, '2024-10-02 06:53:24', '2024-10-02 06:53:24', NULL),
	(39, 'Sit at quam totam qui amet quos velit aperiam.', 'Est ut modi reprehenderit mollitia deleniti quo est. A et et natus ut. Maxime dolorem modi dolor. Assumenda laboriosam ex rerum nesciunt fugiat.', 184.00, 'draft', 41, NULL, '2024-10-02 06:53:24', '2024-10-02 06:53:24', NULL),
	(40, 'Repellendus est ipsam laborum consectetur esse fuga qui.', 'Praesentium qui qui est voluptatem. Vero in voluptate quaerat minima ea qui non. Ab voluptas est fuga aliquid. Est nobis eos est quod. Illo earum rem non assumenda nemo officia.', 913.00, 'draft', 42, NULL, '2024-10-02 06:53:24', '2024-10-02 06:53:24', NULL),
	(41, 'Recusandae mollitia eum aut fugiat corporis delectus.', 'Beatae minus non et sint repellat neque distinctio eveniet. Voluptatem explicabo nihil dicta magni. In mollitia laudantium vel aspernatur omnis delectus quia. Aperiam est dolorem ut error.', 450.00, 'draft', 43, NULL, '2024-10-02 06:53:24', '2024-10-02 06:53:24', NULL),
	(42, 'Est sit animi omnis illo quos.', 'Qui debitis nam non similique saepe asperiores sit. Provident quidem accusantium non molestias iusto. Et rem commodi eos enim. Blanditiis qui occaecati error facilis ut in.', 749.00, 'draft', 44, NULL, '2024-10-02 06:53:24', '2024-10-02 06:53:24', NULL),
	(43, 'Recusandae ea nesciunt architecto assumenda aut rerum.', 'Ex autem omnis omnis omnis cupiditate reprehenderit facilis. Facilis beatae ipsa earum tempore libero consequatur. Voluptas velit nihil eum consequatur delectus molestiae dolorem. Sequi nisi cumque aut. Omnis est ut commodi qui ea vitae.', 972.00, 'draft', 45, NULL, '2024-10-02 06:53:24', '2024-10-02 06:53:24', NULL),
	(44, 'Odio et aperiam tempora.', 'Iusto repellat eligendi qui et. Quos accusamus et quasi consequuntur non in corporis. Fuga dicta accusantium ut labore reiciendis. Enim odit qui odit numquam corporis.', 794.00, 'draft', 46, NULL, '2024-10-02 06:53:24', '2024-10-02 06:53:24', NULL),
	(45, 'Tempore cum est sed ut magni enim nobis.', 'Ab at magni architecto beatae. Officiis vel aut modi totam iusto dolorem quibusdam.', 697.00, 'draft', 47, NULL, '2024-10-02 06:53:24', '2024-10-02 06:53:24', NULL),
	(46, 'Fuga tenetur occaecati ut eligendi beatae asperiores atque.', 'Culpa cum explicabo aut sunt asperiores harum magni. Ut exercitationem distinctio aperiam ut at voluptas. Inventore possimus vel est ut aut alias sapiente.', 786.00, 'draft', 48, NULL, '2024-10-02 06:53:24', '2024-10-02 06:53:24', NULL),
	(47, 'Aut dicta veritatis provident recusandae repudiandae.', 'Vero placeat sed qui sit eius cum. Error harum ab inventore. Id libero ut voluptates dolorum ut.', 321.00, 'draft', 49, NULL, '2024-10-02 06:53:24', '2024-10-02 06:53:24', NULL),
	(48, 'Sit laborum vel quia quidem exercitationem praesentium suscipit.', 'Eaque corporis ducimus repudiandae cum dolores quaerat cumque. Officiis ullam culpa vel sint. Dicta fugiat nisi unde expedita quidem omnis ratione. Ab laborum commodi aperiam ullam repellendus ab.', 123.00, 'draft', 50, NULL, '2024-10-02 06:53:24', '2024-10-02 06:53:24', NULL),
	(49, 'Soluta harum ducimus placeat eius labore debitis.', 'Pariatur quae necessitatibus provident deleniti quod ea. Quasi explicabo velit quis sit laborum sed. Dicta accusantium aut occaecati enim quia neque deserunt.', 312.00, 'draft', 51, NULL, '2024-10-02 06:53:24', '2024-10-02 06:53:24', NULL),
	(50, 'Laboriosam nisi nemo odio magni porro consectetur.', 'Qui quae maiores repellat facilis corporis sed dolor. Fuga harum sit quisquam voluptatem expedita eum. Dolor numquam eum neque eos eius hic. Sapiente eaque dolore fugit sit ipsam.', 872.00, 'draft', 52, NULL, '2024-10-02 06:53:24', '2024-10-02 06:53:24', NULL),
	(51, 'Praesentium consequatur est voluptas ut aut.', 'Aut modi dolores distinctio ut et. Illum non vitae qui blanditiis sed reiciendis. Eum et perspiciatis magni quo eaque molestiae vel. Omnis et quia nihil provident magnam.', 345.00, 'draft', 53, NULL, '2024-10-02 06:53:24', '2024-10-02 06:53:24', NULL),
	(52, 'Placeat qui distinctio inventore nihil cupiditate.', 'Aut sed voluptas veniam sunt omnis. Et harum debitis doloribus odio. Et est et sed suscipit beatae atque.', 246.00, 'draft', 54, NULL, '2024-10-02 06:53:24', '2024-10-02 06:53:24', NULL),
	(53, 'Magnam magni similique enim aliquam.', 'Iste nesciunt omnis nulla. Aut harum similique voluptas et. Quisquam possimus officiis explicabo repellendus inventore reiciendis non.', 413.00, 'draft', 55, NULL, '2024-10-02 06:53:24', '2024-10-02 06:53:24', NULL),
	(54, 'Enim praesentium laborum ut est vero quam.', 'Sapiente aspernatur similique molestiae est in. Atque ducimus vel quaerat. Rem voluptatem dolorem qui nesciunt ea.', 663.00, 'draft', 56, NULL, '2024-10-02 06:53:24', '2024-10-02 06:53:24', NULL),
	(55, 'Beatae voluptates cupiditate repellendus fuga natus dolores.', 'Et voluptatem molestias ipsam molestiae. Commodi libero voluptatem et repellat. Voluptas magnam dolore expedita voluptatum. Voluptate eius perspiciatis autem quisquam.', 534.00, 'draft', 57, NULL, '2024-10-02 06:53:24', '2024-10-02 06:53:24', NULL),
	(56, 'Enim maiores officia nisi expedita doloribus.', 'Aut ea quidem similique corrupti ut quod quasi. Sunt commodi quia sunt inventore minus velit pariatur est. Quod quo molestiae iusto iste.', 850.00, 'draft', 58, NULL, '2024-10-02 06:53:24', '2024-10-02 06:53:24', NULL),
	(57, 'Quam est ab sint aliquid ratione.', 'Et illo pariatur voluptatem nulla ut. Nihil reiciendis magnam commodi laborum inventore. Hic voluptates earum aut consequuntur consequatur.', 772.00, 'draft', 59, NULL, '2024-10-02 06:53:24', '2024-10-02 06:53:24', NULL),
	(58, 'Suscipit reiciendis non ut ipsa voluptate eveniet ut.', 'Exercitationem eaque laboriosam sit ipsum. Voluptas tenetur totam quis laborum quidem. Repellendus tempore aut adipisci. Ut sequi sed exercitationem sit.', 198.00, 'draft', 60, NULL, '2024-10-02 06:53:24', '2024-10-02 06:53:24', NULL),
	(59, 'Dolorem voluptas recusandae ratione quasi aliquam est minima quam.', 'Fugiat sit sit eum consectetur illo incidunt. Rerum sit cum fugiat natus ea et aut nobis. Ea ea quis consequatur ea aperiam.', 380.00, 'draft', 61, NULL, '2024-10-02 06:53:24', '2024-10-02 06:53:24', NULL),
	(60, 'Et officiis animi nihil possimus qui.', 'Animi maiores illum ad perspiciatis nemo cupiditate ratione. Tempora et quae aut deleniti nulla voluptate pariatur quia. Blanditiis id autem inventore quae pariatur illo.', 180.00, 'draft', 62, NULL, '2024-10-02 06:53:24', '2024-10-02 06:53:24', NULL),
	(61, 'Libero qui ratione officiis error sed quo.', 'Ducimus maxime dolore enim magnam est quo. Harum fugiat ad quas et atque nemo. Sint rerum ab cum.', 140.00, 'draft', 63, NULL, '2024-10-02 06:53:24', '2024-10-02 06:53:24', NULL),
	(62, 'Asperiores dolorum voluptatibus quo est debitis sint ipsam.', 'Sit eveniet qui ab omnis. Quod tempore expedita incidunt sed fugiat ipsam provident fugiat.', 800.00, 'draft', 64, NULL, '2024-10-02 06:53:24', '2024-10-02 06:53:24', NULL),
	(63, 'Vel eaque omnis sequi dolorum vitae molestias.', 'Nihil delectus iusto est sapiente quod possimus. Sequi maxime aut itaque a animi. Harum est debitis maxime consequatur praesentium est soluta.', 429.00, 'draft', 65, NULL, '2024-10-02 06:53:24', '2024-10-02 06:53:24', NULL),
	(64, 'Rem libero cupiditate et distinctio cupiditate amet.', 'Sapiente repudiandae pariatur exercitationem expedita eum quia laudantium quas. Est dolorem eum impedit officiis quod voluptas error. Itaque consectetur voluptas nostrum cumque sint. Explicabo laudantium necessitatibus porro nesciunt minus.', 877.00, 'draft', 66, NULL, '2024-10-02 06:53:24', '2024-10-02 06:53:24', NULL),
	(65, 'Dolores omnis molestiae distinctio enim vero voluptatum quo.', 'Reiciendis velit est dignissimos a. Vero et repudiandae qui repellendus natus ab deleniti. Hic sed molestiae maiores pariatur quo.', 593.00, 'draft', 67, NULL, '2024-10-02 06:53:24', '2024-10-02 06:53:24', NULL),
	(66, 'Dolorem tenetur consectetur amet optio labore.', 'Sit dolor dicta rerum odit unde vitae voluptate. Libero officia qui sequi quia blanditiis alias. Molestias aut iste debitis sit maxime voluptatem. Occaecati dolor aperiam est doloribus.', 719.00, 'draft', 68, NULL, '2024-10-02 06:53:24', '2024-10-02 06:53:24', NULL),
	(67, 'Natus ea quasi sed vitae dolorum omnis harum.', 'Dicta in possimus non et sit recusandae vel. Ea recusandae repudiandae id fugiat iusto molestias. Quae blanditiis sit vitae sed eos pariatur.', 508.00, 'draft', 69, NULL, '2024-10-02 06:53:24', '2024-10-02 06:53:24', NULL),
	(68, 'Reiciendis laudantium minima explicabo sed sapiente labore corrupti.', 'Ullam laborum corrupti porro earum vero. A eaque doloribus aspernatur minima blanditiis asperiores. Ipsam dolorem ad ipsa fugit deleniti nihil sit non. Sit quibusdam dolorem alias maiores est voluptates.', 477.00, 'draft', 70, NULL, '2024-10-02 06:53:24', '2024-10-02 06:53:24', NULL),
	(69, 'Minus corporis nihil necessitatibus blanditiis magni consectetur neque.', 'Impedit aperiam ea et sequi facilis quia. Eos sunt et reprehenderit enim tempore corrupti eos. Cupiditate voluptatem possimus praesentium. Velit autem non aliquam reiciendis nesciunt blanditiis facilis.', 211.00, 'draft', 71, NULL, '2024-10-02 06:53:24', '2024-10-02 06:53:24', NULL),
	(70, 'Aut eius ut vel ut odio non animi quo.', 'Est aut quae sunt nobis nesciunt molestias cupiditate sint. Quaerat expedita sed quos ut. Eaque similique sit aliquid corrupti totam.', 765.00, 'draft', 72, NULL, '2024-10-02 06:53:24', '2024-10-02 06:53:24', NULL),
	(71, 'Nostrum ipsum veniam odio possimus atque.', 'Itaque corrupti eos quod distinctio quas tempore eos. Et inventore repellendus ipsam libero. Et excepturi qui reprehenderit alias eligendi ipsam. Distinctio ea doloremque magnam pariatur nemo doloremque illum.', 122.00, 'draft', 73, NULL, '2024-10-02 06:53:24', '2024-10-02 06:53:24', NULL),
	(72, 'Dignissimos culpa dignissimos error repudiandae.', 'Et rem et ad. Soluta illo qui consectetur cum impedit molestias. Porro sint quibusdam tempore voluptas ut. Fugit est eaque ex id excepturi rerum doloribus.', 144.00, 'draft', 74, NULL, '2024-10-02 06:53:24', '2024-10-02 06:53:24', NULL),
	(73, 'Cumque aut cupiditate excepturi earum.', 'Id est qui iste vel recusandae dolore. Temporibus quas fuga molestiae dignissimos. Repudiandae eos eum dolores sed est maxime.', 204.00, 'draft', 75, NULL, '2024-10-02 06:53:24', '2024-10-02 06:53:24', NULL),
	(74, 'Quia sint et inventore.', 'Dolor et sint a animi sit ab odio. Accusamus neque itaque et quod quaerat. Pariatur rerum nobis quisquam natus. Laudantium nobis sapiente harum nemo.', 975.00, 'draft', 76, NULL, '2024-10-02 06:53:24', '2024-10-02 06:53:24', NULL),
	(75, 'Voluptatibus quisquam et quia aut blanditiis rerum nisi.', 'Neque ut laborum beatae placeat itaque facere ut rerum. Voluptatem quam ex voluptates. Possimus perspiciatis optio asperiores quaerat voluptatem ut modi.', 849.00, 'draft', 77, NULL, '2024-10-02 06:53:24', '2024-10-02 06:53:24', NULL),
	(76, 'Sit dolorum ut ad voluptates voluptatum.', 'Officiis cum veritatis enim sapiente laboriosam aut. Architecto aut eveniet accusamus adipisci dolore ad. Laborum architecto nisi consectetur ab officiis consequatur consequatur. Vel nisi nulla possimus quidem. Sequi accusantium voluptas tempore.', 471.00, 'draft', 78, NULL, '2024-10-02 06:53:24', '2024-10-02 06:53:24', NULL),
	(77, 'Non vero ut nihil impedit cumque.', 'Nihil sit est fugiat veritatis fugiat quia. Ipsum fuga consectetur eum vitae quas. Deleniti est et dolor quia.', 833.00, 'draft', 79, NULL, '2024-10-02 06:53:24', '2024-10-02 06:53:24', NULL),
	(78, 'Laboriosam est veritatis veritatis recusandae.', 'Nemo voluptate dolores impedit voluptatem. Expedita perspiciatis quibusdam dolor alias. Est excepturi nam est. Ab doloremque enim dolores in tempore illo aut.', 481.00, 'draft', 80, NULL, '2024-10-02 06:53:24', '2024-10-02 06:53:24', NULL),
	(79, 'Voluptatibus quibusdam sunt beatae nisi.', 'Ut dicta fuga fugiat et. Ut non molestias est eveniet ut sed. Maxime ratione nesciunt consequuntur enim id voluptas.', 599.00, 'draft', 81, NULL, '2024-10-02 06:53:24', '2024-10-02 06:53:24', NULL),
	(80, 'Dolorem facere sed neque.', 'Vel suscipit harum aut velit tenetur qui. Similique nostrum et at nam sint. Est cumque qui non eum. Quia quam enim enim amet nesciunt quaerat voluptatum.', 700.00, 'draft', 82, NULL, '2024-10-02 06:53:24', '2024-10-02 06:53:24', NULL),
	(81, 'Et est dolores voluptatem dolores aut.', 'Consectetur dolores aut iste ea non molestiae fugiat velit. Cumque eaque autem molestiae eligendi molestiae. Impedit voluptatem nobis qui laboriosam. Dolor illum deleniti eaque velit.', 741.00, 'draft', 83, NULL, '2024-10-02 06:53:24', '2024-10-02 06:53:24', NULL),
	(82, 'Dolores consequatur et est illum facere eligendi rerum est.', 'Tempora temporibus non maiores est iure rerum. Harum quod atque hic nihil deleniti facilis. Nobis omnis perferendis eum aut enim consequatur. Amet fugiat dolor deleniti animi quam error occaecati.', 252.00, 'draft', 84, NULL, '2024-10-02 06:53:24', '2024-10-02 06:53:24', NULL),
	(83, 'Iste deserunt repellendus sed.', 'Sit earum esse assumenda. Et illo porro et sed. Cupiditate expedita consequuntur perspiciatis enim adipisci. Cum dignissimos praesentium qui ullam repellendus nihil.', 565.00, 'draft', 85, NULL, '2024-10-02 06:53:24', '2024-10-02 06:53:24', NULL),
	(84, 'Sed harum repellendus dolorem et aut facilis et.', 'Maxime assumenda veritatis facilis ipsam. Ut omnis tempora ullam fuga. Cum quos voluptatem beatae ipsum dolores cumque.', 718.00, 'draft', 86, NULL, '2024-10-02 06:53:24', '2024-10-02 06:53:24', NULL),
	(85, 'Qui perferendis pariatur aliquam.', 'Eius aut ex maiores maiores est cumque. Est et fugiat voluptatem libero quo doloribus. Enim aut aut voluptatem nesciunt.', 716.00, 'draft', 87, NULL, '2024-10-02 06:53:24', '2024-10-02 06:53:24', NULL),
	(86, 'Cumque occaecati laudantium eum velit ut ut nisi.', 'Eius nihil quisquam aut earum cum corrupti maiores. Dolorem nihil aperiam cupiditate ratione pariatur dolor. Totam impedit commodi nihil molestias. Nihil repellendus soluta eveniet a voluptas molestias.', 314.00, 'draft', 88, NULL, '2024-10-02 06:53:24', '2024-10-02 06:53:24', NULL),
	(87, 'Vel cumque quod dolorem consequatur repellat blanditiis doloremque.', 'Illo dolor fugiat voluptas doloremque perspiciatis beatae et. Sed sit sint quo laborum aut quia necessitatibus. Quam quos qui unde ratione corrupti blanditiis. Suscipit est amet sequi aliquid est.', 872.00, 'draft', 89, NULL, '2024-10-02 06:53:24', '2024-10-02 06:53:24', NULL),
	(88, 'Et ut quos dicta quaerat perspiciatis quam.', 'Cupiditate aut asperiores esse consectetur. Quis provident non exercitationem dolorum maiores qui a. Qui quae quia qui nihil exercitationem nostrum libero.', 929.00, 'draft', 90, NULL, '2024-10-02 06:53:24', '2024-10-02 06:53:24', NULL),
	(89, 'Aut saepe unde sint voluptatem.', 'Nulla animi voluptates sequi sapiente unde rerum. In excepturi voluptates id quia et. Qui beatae nisi reprehenderit. Aut recusandae voluptates sed labore.', 201.00, 'draft', 91, NULL, '2024-10-02 06:53:24', '2024-10-02 06:53:24', NULL),
	(90, 'Tenetur quae mollitia iste ut sint ex.', 'Doloremque voluptatem harum sit enim impedit molestiae. Nobis velit veritatis sapiente est. Delectus atque doloribus aspernatur quasi voluptatibus sed.', 317.00, 'draft', 92, NULL, '2024-10-02 06:53:24', '2024-10-02 06:53:24', NULL),
	(91, 'Ut voluptatem non doloremque non.', 'Reiciendis mollitia ex dolorem nemo culpa inventore. Aspernatur numquam maxime architecto excepturi ex. Dicta et consequatur qui ut. Qui consequatur excepturi molestiae corporis repellendus dolores.', 472.00, 'draft', 93, NULL, '2024-10-02 06:53:24', '2024-10-02 06:53:24', NULL),
	(92, 'Voluptate veritatis debitis magni libero aliquid.', 'Debitis aperiam odit voluptas dignissimos totam cumque temporibus ab. Architecto velit magnam exercitationem distinctio officia. Sint in ipsam quia quisquam explicabo. Expedita exercitationem rerum ipsa est aut est inventore.', 106.00, 'draft', 94, NULL, '2024-10-02 06:53:24', '2024-10-02 06:53:24', NULL),
	(93, 'Quia nihil vitae et iste quod quis dolore.', 'Eos nihil labore fugiat est velit excepturi sit. Ex rem vero sed maxime unde rerum. Soluta et ut molestiae.', 398.00, 'draft', 95, NULL, '2024-10-02 06:53:24', '2024-10-02 06:53:24', NULL),
	(94, 'Quam nemo adipisci optio repellat id voluptate id.', 'Numquam delectus qui occaecati laborum accusamus autem rem. Repudiandae et velit non vel. Laboriosam sit et praesentium eligendi reprehenderit quo dolorum.', 876.00, 'draft', 96, NULL, '2024-10-02 06:53:24', '2024-10-02 06:53:24', NULL),
	(95, 'Eos quae dolorum qui eos animi dolore.', 'Voluptates asperiores aliquam rerum soluta quasi eligendi. Ut illo id fuga.', 360.00, 'draft', 97, NULL, '2024-10-02 06:53:24', '2024-10-02 06:53:24', NULL),
	(96, 'Asperiores nulla laboriosam facere.', 'Minus eum in aut. Architecto nobis deleniti est quis dolorem est laboriosam autem. Est delectus molestiae doloremque aut cum. Aut dolor tenetur expedita laboriosam harum qui.', 958.00, 'draft', 98, NULL, '2024-10-02 06:53:24', '2024-10-02 06:53:24', NULL),
	(97, 'Dolorum accusamus quia accusantium.', 'Earum non enim dicta. Repudiandae blanditiis consequuntur qui provident vero eum vel. Officia quis reiciendis et eligendi illo et velit aut. Exercitationem et tempora ut aut vitae.', 614.00, 'draft', 99, NULL, '2024-10-02 06:53:24', '2024-10-02 06:53:24', NULL),
	(98, 'Qui necessitatibus mollitia mollitia nesciunt itaque nemo.', 'Autem quia minus ut a. Dolorem impedit ut consectetur nihil aut. Neque et architecto vel sapiente molestias. Dolorem neque laudantium praesentium omnis tenetur expedita amet.', 617.00, 'draft', 100, NULL, '2024-10-02 06:53:24', '2024-10-02 06:53:24', NULL),
	(99, 'Expedita quae vel placeat unde et dolores magnam.', 'Voluptatum aliquid omnis nihil ipsum provident. Repudiandae quia dicta voluptas sed dicta odio. Mollitia quaerat asperiores ab corporis doloribus blanditiis ut rerum. Nemo sequi tempore at dolores delectus. Blanditiis sit molestiae excepturi beatae quisquam ea officia quidem.', 938.00, 'draft', 101, NULL, '2024-10-02 06:53:24', '2024-10-02 06:53:24', NULL),
	(100, 'Non dolores totam eligendi et provident quia eius.', 'Officia sed sapiente amet provident. Quod aperiam facilis inventore. Modi velit ut ut explicabo.', 463.00, 'draft', 102, NULL, '2024-10-02 06:53:24', '2024-10-02 06:53:24', NULL),
	(101, 'Laboriosam sint aperiam necessitatibus aut.', 'Molestias dolorem ut porro et quia dolores. Distinctio numquam omnis dolorem eum. Aut dolores accusantium eius aut ea unde.', 925.00, 'draft', 103, NULL, '2024-10-02 06:53:24', '2024-10-02 06:53:24', NULL),
	(102, 'Quis molestias quia aut qui et blanditiis.', 'Accusantium deleniti quis ex ipsa rerum sapiente nemo sapiente. Culpa eveniet id cum sit. Assumenda qui et similique sequi sint cum at.', 706.00, 'draft', 104, NULL, '2024-10-02 06:53:24', '2024-10-02 06:53:24', NULL),
	(103, 'Odit ut nihil possimus tempore aliquid.', 'Quia cupiditate non modi praesentium quia unde accusamus. Voluptatibus aspernatur quo vitae ut. Nihil minus ducimus commodi est accusantium reiciendis id.', 813.00, 'draft', 105, NULL, '2024-10-02 06:53:24', '2024-10-02 06:53:24', NULL),
	(104, 'Autem alias dicta impedit quidem quaerat quam.', 'Dolore odit dolores et et amet. Voluptatem iure et dolor saepe sint. Deleniti adipisci aliquam veritatis repellendus. Ut aut facere est quae voluptas.', 279.00, 'draft', 106, NULL, '2024-10-02 06:53:24', '2024-10-02 06:53:24', NULL),
	(105, 'Unde omnis natus modi corporis molestiae aliquid dolor.', 'Neque quasi dicta nobis quibusdam ullam ab. Autem aspernatur quasi incidunt veritatis quo.', 425.00, 'draft', 107, NULL, '2024-10-02 06:53:24', '2024-10-02 06:53:24', NULL),
	(106, 'Distinctio molestiae ratione et consequatur minima commodi sint.', 'Culpa eos porro voluptatem consequuntur tenetur. Et deserunt placeat quis nam. Et dolorum pariatur quasi quod et eum veritatis. Voluptatem perferendis quo nihil qui dolores voluptate dolorem iste.', 864.00, 'draft', 108, NULL, '2024-10-02 06:53:24', '2024-10-02 06:53:24', NULL),
	(107, 'Et repellendus recusandae debitis cupiditate iure.', 'Voluptatem nihil aut est laboriosam ut debitis voluptas. Nostrum sequi numquam repudiandae ipsa. Amet dolorum distinctio rerum totam cupiditate.', 505.00, 'draft', 109, NULL, '2024-10-02 06:53:24', '2024-10-02 06:53:24', NULL),
	(108, 'Dolorem quis officia sed autem rerum.', 'Alias quibusdam sit sed voluptas. Dolorum exercitationem aut perspiciatis sint. Libero quia culpa quia maxime.', 601.00, 'draft', 110, NULL, '2024-10-02 06:53:24', '2024-10-02 06:53:24', NULL),
	(109, 'Vel consequatur sit temporibus qui earum eos aut.', 'Non nulla atque nostrum nulla voluptatem itaque iste. Commodi debitis veritatis quae magnam.', 102.00, 'draft', 111, NULL, '2024-10-02 06:53:24', '2024-10-02 06:53:24', NULL),
	(110, 'Ut omnis velit occaecati quibusdam aut ea eligendi.', 'Quaerat perspiciatis numquam architecto accusamus consequatur recusandae est. Quaerat nisi consequatur itaque. Ut dolore ipsum dolor ab est modi dolorem voluptas. Neque et distinctio non ducimus ab neque.', 185.00, 'draft', 112, NULL, '2024-10-02 06:53:24', '2024-10-02 06:53:24', NULL),
	(111, 'Consequuntur voluptatibus unde incidunt accusamus eaque modi aliquam.', 'Nihil voluptatem possimus et itaque impedit dolorem. Aut eum quibusdam ut in. Alias repellat pariatur corrupti sit.', 589.00, 'draft', 113, NULL, '2024-10-02 06:53:24', '2024-10-02 06:53:24', NULL),
	(112, 'Consequatur laborum ducimus ipsa placeat.', 'Asperiores culpa iure eius ad. Qui iure veniam sed dolor. Id velit dignissimos nesciunt sit ipsa harum quia.', 196.00, 'draft', 114, NULL, '2024-10-02 06:53:24', '2024-10-02 06:53:24', NULL),
	(113, 'Consequatur reiciendis reprehenderit unde accusantium molestiae.', 'Sed sint id alias deleniti et minima. Aut et sed dolorum fugiat. Temporibus quibusdam sint veritatis esse et officia.', 880.00, 'draft', 115, NULL, '2024-10-02 06:53:24', '2024-10-02 06:53:24', NULL),
	(114, 'In voluptas aut reprehenderit repudiandae.', 'Enim et reprehenderit nesciunt. Ut rerum voluptatem consequatur corporis eos. Necessitatibus quae aliquam illo quo enim. Ducimus vitae suscipit aspernatur excepturi neque.', 875.00, 'draft', 116, NULL, '2024-10-02 06:53:24', '2024-10-02 06:53:24', NULL),
	(115, 'Labore vel accusamus quibusdam asperiores.', 'Voluptate aut voluptate dolor accusamus consectetur eum soluta. Totam incidunt vitae dolor in dolores quo soluta. Ratione unde libero beatae. Possimus aut earum et necessitatibus esse recusandae sunt magnam.', 599.00, 'draft', 117, NULL, '2024-10-02 06:53:24', '2024-10-02 06:53:24', NULL),
	(116, 'Qui aliquam cupiditate praesentium doloribus.', 'Laboriosam asperiores commodi molestiae est facere aspernatur eveniet praesentium. Ut sunt delectus fuga fugit est. Ut vitae sit veritatis sit quod rerum hic. Laborum tenetur repudiandae hic eum repellat at.', 833.00, 'draft', 118, NULL, '2024-10-02 06:53:24', '2024-10-02 06:53:24', NULL),
	(117, 'Sapiente rerum ad voluptatem tempore suscipit dolor maxime.', 'Animi ea ea vero magni consequuntur laboriosam. Tempora culpa quod quisquam quia ipsam. Rerum beatae aut rerum adipisci.', 774.00, 'draft', 119, NULL, '2024-10-02 06:53:24', '2024-10-02 06:53:24', NULL),
	(118, 'Sit corrupti sed possimus autem.', 'Impedit distinctio consequatur aspernatur ipsum dolorum tenetur vitae. Est cum rerum quos minima ipsam harum provident voluptates. Nostrum tenetur consectetur at omnis qui. Velit nam est atque nostrum ab rem.', 286.00, 'draft', 120, NULL, '2024-10-02 06:53:24', '2024-10-02 06:53:24', NULL),
	(119, 'Soluta laboriosam ea reprehenderit similique magni deserunt.', 'Sit nihil eum temporibus. Adipisci est itaque atque nobis enim animi. Quis quas soluta magnam commodi quo a. Rerum iusto fuga fuga voluptatibus.', 876.00, 'draft', 121, NULL, '2024-10-02 06:53:24', '2024-10-02 06:53:24', NULL),
	(120, 'Autem tempora fugit dolorem explicabo aspernatur nemo.', 'Aut delectus natus consequatur vitae eius voluptatem nesciunt. Labore aut tenetur ut ut eveniet. Optio recusandae autem dicta aut omnis impedit.', 160.00, 'draft', 122, NULL, '2024-10-02 06:53:24', '2024-10-02 06:53:24', NULL),
	(121, 'Adipisci et rem ratione accusantium et.', 'Id ullam consequatur sit eaque. Quo voluptas quam temporibus. Omnis nihil eos voluptatem aspernatur voluptatem eos.', 174.00, 'draft', 123, NULL, '2024-10-02 06:53:24', '2024-10-02 06:53:24', NULL),
	(122, 'Dolor consequatur expedita qui qui laboriosam quia quas optio.', 'Est ut omnis nobis consequatur doloremque repudiandae. Occaecati debitis amet molestiae et. Eveniet molestias dolores libero qui repellendus.', 435.00, 'draft', 124, NULL, '2024-10-02 06:53:24', '2024-10-02 06:53:24', NULL),
	(123, 'Velit ullam perferendis libero aut expedita.', 'Optio sed qui fuga veritatis rem. Dolorum quasi voluptatem voluptatum ducimus asperiores qui iste. Assumenda officiis qui minus quae. Fugit sed consequuntur consequatur dolores.', 336.00, 'draft', 125, NULL, '2024-10-02 06:53:24', '2024-10-02 06:53:24', NULL),
	(124, 'Aut consequatur occaecati amet.', 'Unde quia rerum asperiores architecto necessitatibus magni. Exercitationem facilis dolorem natus architecto nulla. Voluptas facere itaque officia temporibus consequatur aut incidunt.', 971.00, 'draft', 126, NULL, '2024-10-02 06:53:24', '2024-10-02 06:53:24', NULL),
	(125, 'Hic voluptatum magnam aliquam quia accusantium.', 'Commodi reiciendis qui ducimus veritatis eum. Rerum distinctio nisi inventore excepturi quis repellendus. Dolore excepturi tempora architecto voluptate. Consequuntur ex enim eos exercitationem in optio ut. Voluptatem impedit molestiae provident deserunt praesentium illo.', 523.00, 'draft', 127, NULL, '2024-10-02 06:53:24', '2024-10-02 06:53:24', NULL),
	(126, 'Voluptate fuga sint excepturi quam voluptatum provident.', 'Aut eum dolorem quia consequatur. Saepe soluta occaecati qui nam aut eum enim sit. Quis tempore labore atque qui neque sint.', 956.00, 'draft', 128, NULL, '2024-10-02 06:53:24', '2024-10-02 06:53:24', NULL),
	(127, 'Sed qui similique qui fugit assumenda quo.', 'Eum cum et unde neque reprehenderit adipisci et. Modi itaque quidem nam quasi ut explicabo a. In debitis nihil sed aut sed veritatis. Voluptatum perferendis non temporibus placeat aut quaerat quia.', 880.00, 'draft', 129, NULL, '2024-10-02 06:53:24', '2024-10-02 06:53:24', NULL),
	(128, 'Blanditiis consequatur dolor velit illum.', 'Distinctio delectus dolorem eos corrupti et voluptatem molestias. Dolorem nihil officiis ad consequatur omnis ipsam.', 104.00, 'draft', 130, NULL, '2024-10-02 06:53:24', '2024-10-02 06:53:24', NULL),
	(129, 'Neque officia aliquid autem quod id.', 'Aut similique dolores aliquam libero impedit corrupti. Odit in assumenda omnis earum unde. Aut tempore dolor deserunt rem. Ratione delectus repellendus quidem est aut quis unde eos.', 996.00, 'draft', 131, NULL, '2024-10-02 06:53:24', '2024-10-02 06:53:24', NULL),
	(130, 'Ullam amet quis unde ut necessitatibus repellat.', 'Veniam voluptatem nemo non in porro et atque illum. Neque nesciunt molestiae aut minus. Voluptas aut ea veniam aut labore expedita nostrum. Ducimus aut beatae nihil.', 534.00, 'draft', 132, NULL, '2024-10-02 06:53:24', '2024-10-02 06:53:24', NULL),
	(131, 'Aut facere et ex iste vel unde.', 'Corrupti placeat et recusandae tempore sint id illum. Rerum rerum consequatur nihil numquam debitis beatae soluta. Enim laboriosam repellendus enim.', 783.00, 'draft', 133, NULL, '2024-10-02 06:53:24', '2024-10-02 06:53:24', NULL),
	(132, 'In animi similique perspiciatis exercitationem voluptas.', 'Qui aspernatur ut non possimus magni dolores. Est veniam ab repellendus pariatur. Esse aut iusto explicabo maxime quaerat sit qui.', 233.00, 'draft', 134, NULL, '2024-10-02 06:53:24', '2024-10-02 06:53:24', NULL),
	(133, 'Eum laudantium corrupti eum eum.', 'Repellat veritatis voluptate et amet voluptas consequuntur. Dolorem recusandae ut ea ipsa qui et delectus. Nulla totam commodi animi quis nisi maiores.', 179.00, 'draft', 135, NULL, '2024-10-02 06:53:24', '2024-10-02 06:53:24', NULL),
	(134, 'Delectus nihil dolor porro quod perspiciatis consequuntur error.', 'Sint non expedita magni adipisci. Distinctio dolor ut at voluptas nam impedit doloribus. Nihil accusantium ipsa unde dolorum ipsa. Quas quo dignissimos beatae nihil expedita.', 602.00, 'draft', 136, NULL, '2024-10-02 06:53:24', '2024-10-02 06:53:24', NULL),
	(135, 'Ut cupiditate voluptatibus sit.', 'Fugiat iure quibusdam dolorem consequatur. Et quae aliquam dolorem amet voluptas quis quia rem.', 234.00, 'draft', 137, NULL, '2024-10-02 06:53:24', '2024-10-02 06:53:24', NULL),
	(136, 'Accusamus quaerat pariatur error harum dolores.', 'Nemo et aut veritatis saepe quam officiis. Aliquam error ullam a eos omnis et. Ullam nobis sint repellat cupiditate qui vel. Voluptates eum quas possimus optio nesciunt ad sunt suscipit.', 707.00, 'draft', 138, NULL, '2024-10-02 06:53:24', '2024-10-02 06:53:24', NULL),
	(137, 'Et est doloribus et magnam veniam natus libero.', 'Voluptas mollitia vitae distinctio ipsam aperiam optio et. Sunt adipisci quis qui at quam dicta asperiores. Veniam consequuntur repudiandae qui dicta natus nam molestias. Quia at consequuntur ut velit rem voluptas aut.', 417.00, 'draft', 139, NULL, '2024-10-02 06:53:24', '2024-10-02 06:53:24', NULL),
	(138, 'Deserunt aut quibusdam officia possimus autem itaque nihil.', 'Placeat vel sapiente animi aspernatur enim. Voluptas qui et voluptatem et sed. Sit quo qui qui at hic et. Est debitis deleniti non et non neque soluta. Excepturi sit ratione ut labore.', 594.00, 'draft', 140, NULL, '2024-10-02 06:53:24', '2024-10-02 06:53:24', NULL),
	(139, 'Molestiae temporibus quae est aspernatur in.', 'Cupiditate velit veniam totam expedita. Voluptas omnis qui ex ex ut ut et veniam. Optio voluptate ullam porro voluptatem iste impedit. Nihil sit quaerat eligendi eaque ut itaque soluta.', 370.00, 'draft', 141, NULL, '2024-10-02 06:53:24', '2024-10-02 06:53:24', NULL),
	(140, 'Expedita iure debitis aut aliquam repellat dicta animi.', 'Omnis et enim id impedit doloribus nam. Optio rerum quasi provident accusamus non enim voluptas. Est aliquam est debitis voluptatem est tenetur.', 530.00, 'draft', 142, NULL, '2024-10-02 06:53:24', '2024-10-02 06:53:24', NULL),
	(141, 'Ipsa modi suscipit quam natus sit occaecati.', 'Quia est ipsum sit quasi. Sint dolores numquam odit vel consequatur at assumenda. Aut qui aut quasi voluptatem recusandae ea ut.', 766.00, 'draft', 143, NULL, '2024-10-02 06:53:24', '2024-10-02 06:53:24', NULL),
	(142, 'Beatae in eligendi exercitationem magni est enim laudantium.', 'Dolores quis nihil sequi. Alias nisi quo repellat. Est est eos eos nesciunt. Repellendus quisquam minima nesciunt maxime. Dolorem voluptatem occaecati eos facilis.', 655.00, 'draft', 144, NULL, '2024-10-02 06:53:24', '2024-10-02 06:53:24', NULL),
	(143, 'Enim reprehenderit aliquam aut.', 'Quas cupiditate dicta aliquam et dolor sed quibusdam. Nostrum quia nisi ut laboriosam qui eligendi. Est officia aut amet deserunt ut ipsa. Laborum illum non debitis sit voluptas.', 630.00, 'draft', 145, NULL, '2024-10-02 06:53:24', '2024-10-02 06:53:24', NULL),
	(144, 'Veniam fugit mollitia ullam reiciendis.', 'Reprehenderit incidunt beatae quod quo aut id recusandae. Quibusdam nulla molestias laboriosam animi reiciendis reprehenderit. Quod non amet quia ex deleniti sit consequatur omnis.', 617.00, 'draft', 146, NULL, '2024-10-02 06:53:24', '2024-10-02 06:53:24', NULL),
	(145, 'Unde magni dignissimos odit voluptatibus.', 'Sit nihil aut perferendis facere. Accusamus suscipit soluta voluptas dolorem nam non. Facere porro cupiditate consectetur voluptatibus dolor labore quos.', 806.00, 'draft', 147, NULL, '2024-10-02 06:53:24', '2024-10-02 06:53:24', NULL),
	(146, 'Repellendus voluptate eaque ab officia quod porro reiciendis totam.', 'Quaerat cum dolorem accusantium laudantium tempore voluptatibus. Est illum quis delectus voluptatem. Earum blanditiis et ea minima. Et molestiae magni atque dignissimos et quia.', 278.00, 'draft', 148, NULL, '2024-10-02 06:53:24', '2024-10-02 06:53:24', NULL),
	(147, 'Ad excepturi enim nisi quidem saepe assumenda voluptatibus.', 'Dolorem nam iure perspiciatis quis mollitia cum. Perferendis officiis earum aperiam excepturi debitis perspiciatis culpa aut. Voluptas qui aliquam dolores eum quos fugit.', 282.00, 'draft', 149, NULL, '2024-10-02 06:53:24', '2024-10-02 06:53:24', NULL),
	(148, 'Facilis ut sapiente non nisi non.', 'Magnam placeat rerum et porro vel. Et eligendi aut quidem qui. Atque quibusdam voluptas est est eum reiciendis et. Excepturi eligendi repudiandae aspernatur cum cumque voluptatum veniam.', 997.00, 'draft', 150, NULL, '2024-10-02 06:53:24', '2024-10-02 06:53:24', NULL),
	(149, 'Deserunt et impedit voluptates ea eaque sit quo.', 'Placeat consequatur commodi vel. Veritatis ut eum accusantium sit.', 689.00, 'draft', 151, NULL, '2024-10-02 06:53:24', '2024-10-02 06:53:24', NULL),
	(150, 'Non modi delectus quo.', 'Qui perferendis laudantium esse placeat. Aliquam exercitationem eum ea dicta.', 276.00, 'draft', 152, NULL, '2024-10-02 06:53:24', '2024-10-02 06:53:24', NULL),
	(151, 'Officia aut esse quia.', 'Sed temporibus numquam neque ut itaque facere. Eum ab veniam ab in tempora et sint. Perferendis unde eaque quis eaque minima a. Dolorum voluptatem non rerum qui velit ratione eum.', 133.00, 'draft', 153, NULL, '2024-10-02 06:53:24', '2024-10-02 06:53:24', NULL),
	(152, 'Vitae aut eum consequuntur aliquam.', 'Numquam repudiandae praesentium nihil. Sunt velit et deserunt officia quisquam aut est. Ea nulla magnam praesentium nam quis.', 508.00, 'draft', 154, NULL, '2024-10-02 06:53:24', '2024-10-02 06:53:24', NULL),
	(153, 'Est molestiae nobis incidunt aut.', 'Omnis sed est aut labore corrupti. Magni aut reiciendis ipsam pariatur et similique. Nostrum cum eaque aliquam voluptas. Est eveniet consequuntur incidunt.', 566.00, 'draft', 155, NULL, '2024-10-02 06:53:24', '2024-10-02 06:53:24', NULL),
	(154, 'Nisi rerum quia dignissimos fugit praesentium.', 'Est facilis et voluptatem et. Quaerat perspiciatis aut eveniet totam et. Eum voluptas voluptatem sed qui qui unde.', 605.00, 'draft', 156, NULL, '2024-10-02 06:53:24', '2024-10-02 06:53:24', NULL),
	(155, 'Dignissimos et rerum molestiae dolore.', 'Maiores blanditiis provident omnis. Ut voluptas commodi ut dolorem consectetur. Aut quae labore esse molestias et aut.', 459.00, 'draft', 157, NULL, '2024-10-02 06:53:24', '2024-10-02 06:53:24', NULL),
	(156, 'Excepturi a expedita ab.', 'Animi perspiciatis soluta ex dolor. Fuga tempore consequatur accusantium dolorem architecto. Voluptates ab cupiditate corporis qui at ut.', 473.00, 'draft', 158, NULL, '2024-10-02 06:53:24', '2024-10-02 06:53:24', NULL),
	(157, 'Illum est debitis eius dolorum autem atque rem quam.', 'Non laboriosam molestiae quo sit dolore sint. Animi sed natus assumenda. Repudiandae ex harum soluta quo voluptas sapiente qui.', 445.00, 'draft', 159, NULL, '2024-10-02 06:53:24', '2024-10-02 06:53:24', NULL),
	(158, 'Asperiores quam consequatur veritatis beatae dolor rerum.', 'Non dolor vel et recusandae quas reprehenderit magni dolorum. Qui quia distinctio repellat hic in. Explicabo necessitatibus ratione ut optio est est est velit. Reprehenderit temporibus aut qui et.', 777.00, 'draft', 160, NULL, '2024-10-02 06:53:24', '2024-10-02 06:53:24', NULL),
	(159, 'Tenetur quia perspiciatis tempore minima quia.', 'Dolorem fuga ducimus tenetur animi ut sunt. Nisi vel quae omnis eligendi quae aut aliquam eligendi. Illum veritatis magni sequi.', 940.00, 'draft', 161, NULL, '2024-10-02 06:53:24', '2024-10-02 06:53:24', NULL),
	(160, 'Iure magnam qui asperiores dolorum sunt corporis.', 'In cum corrupti corrupti. Perspiciatis nihil et sed cupiditate alias sit voluptas. Est iure quidem nesciunt. Quia aliquam distinctio qui pariatur et.', 750.00, 'draft', 162, NULL, '2024-10-02 06:53:24', '2024-10-02 06:53:24', NULL),
	(161, 'Aut rerum placeat veritatis accusamus.', 'Commodi aspernatur aliquam suscipit mollitia. Illum aperiam id amet reiciendis ipsum dolorem modi nemo. Rerum debitis velit animi quis perspiciatis. Minus odit illo consequatur quas eveniet quis enim fuga.', 703.00, 'draft', 163, NULL, '2024-10-02 06:53:24', '2024-10-02 06:53:24', NULL),
	(162, 'Eos voluptate nostrum eius.', 'Et ea sit iste. Hic eius provident illo repellat consequatur rerum minima suscipit.', 100.00, 'draft', 164, NULL, '2024-10-02 06:53:24', '2024-10-02 06:53:24', NULL),
	(163, 'Autem nihil optio dicta rem et.', 'Qui vero pariatur aut iste voluptas. Nesciunt tenetur et ut tenetur aspernatur et. Quis quo explicabo cumque et ab laudantium alias. Id et voluptatum tempora ratione excepturi enim alias.', 130.00, 'draft', 165, NULL, '2024-10-02 06:53:24', '2024-10-02 06:53:24', NULL),
	(164, 'Quia et ab officiis ut.', 'Ducimus nam distinctio quaerat dolorum. Dolorum temporibus blanditiis aspernatur iusto. Quo provident non rem. Maiores doloribus sunt doloremque et omnis animi.', 608.00, 'draft', 166, NULL, '2024-10-02 06:53:24', '2024-10-02 06:53:24', NULL),
	(165, 'Doloremque illo tempore provident rem sapiente sequi molestias.', 'Iusto consectetur nostrum doloribus necessitatibus ab voluptates officiis. Quam laboriosam explicabo ratione magnam consectetur explicabo. Eaque porro unde suscipit distinctio omnis et iste blanditiis. Blanditiis provident omnis ut accusantium architecto debitis.', 589.00, 'draft', 167, NULL, '2024-10-02 06:53:24', '2024-10-02 06:53:24', NULL),
	(166, 'Atque quis voluptatibus voluptas modi occaecati ipsam ea.', 'Voluptas dolore rerum aut commodi voluptates dolores officiis. Animi et omnis et impedit officia nam. Qui est quae facilis veritatis suscipit voluptas.', 262.00, 'draft', 168, NULL, '2024-10-02 06:53:24', '2024-10-02 06:53:24', NULL),
	(167, 'Recusandae eveniet neque aut illum sequi aut molestiae.', 'Ut consequatur et quidem minus. Porro vitae fuga atque. Rerum qui quo dolores magnam reprehenderit doloremque minus.', 244.00, 'draft', 169, NULL, '2024-10-02 06:53:24', '2024-10-02 06:53:24', NULL),
	(168, 'Vel non ad sunt eos.', 'Praesentium et aut et. Enim velit alias quo fugit suscipit fuga error. Qui tempore rerum blanditiis neque.', 962.00, 'draft', 170, NULL, '2024-10-02 06:53:24', '2024-10-02 06:53:24', NULL),
	(169, 'Blanditiis eum animi dolorem magni dolores voluptas.', 'Similique quam blanditiis numquam occaecati voluptas quibusdam consequatur quibusdam. Omnis cumque eum beatae omnis quo quod quam. Cupiditate occaecati vel tempora tempora recusandae architecto. Non incidunt voluptate tempora. Recusandae excepturi tempora nostrum debitis eos at.', 791.00, 'draft', 171, NULL, '2024-10-02 06:53:24', '2024-10-02 06:53:24', NULL),
	(170, 'Accusamus tempore qui aperiam repudiandae animi omnis hic.', 'Corporis occaecati et sed qui necessitatibus et explicabo. Aut rerum quia id eveniet ut. Consequatur et velit at facilis asperiores non in quod. Laborum vel voluptatibus labore fugit nesciunt totam inventore.', 762.00, 'draft', 172, NULL, '2024-10-02 06:53:24', '2024-10-02 06:53:24', NULL),
	(171, 'Qui illum maiores aliquam.', 'Dolores provident praesentium consequatur aut autem. Et omnis sed beatae. Consequuntur aut optio non.', 453.00, 'draft', 173, NULL, '2024-10-02 06:53:24', '2024-10-02 06:53:24', NULL),
	(172, 'Distinctio beatae inventore quidem possimus id et consectetur.', 'Repellat amet velit enim corrupti nam ipsum eius. In non saepe veritatis sit inventore dolorem. Occaecati nihil ea unde dicta ipsam est doloremque exercitationem. Sint eum rerum repellat earum quae sed.', 773.00, 'draft', 174, NULL, '2024-10-02 06:53:24', '2024-10-02 06:53:24', NULL),
	(173, 'Id velit architecto perspiciatis dignissimos sed aperiam.', 'Vitae et magni dignissimos voluptas voluptatem quibusdam architecto. Ex et ea quam aliquam consequatur. Id vero iusto animi rerum laudantium repudiandae quia similique. Non aspernatur asperiores molestiae et deserunt nihil excepturi.', 299.00, 'draft', 175, NULL, '2024-10-02 06:53:24', '2024-10-02 06:53:24', NULL),
	(174, 'Repellat et aut ab quisquam.', 'Aperiam doloribus omnis cupiditate maiores. Rerum quas aut quisquam optio dolores. Commodi consectetur ab fugiat illo fugit magni in aut.', 752.00, 'draft', 176, NULL, '2024-10-02 06:53:24', '2024-10-02 06:53:24', NULL),
	(175, 'Ut omnis earum reprehenderit vel vitae.', 'Omnis porro sint impedit laborum voluptatem expedita. Eum quae sit accusamus ipsam nulla quos aliquam. Voluptas aliquid quae dicta libero aut quidem. Itaque dignissimos officiis tenetur est est doloremque.', 421.00, 'draft', 177, NULL, '2024-10-02 06:53:24', '2024-10-02 06:53:24', NULL),
	(176, 'Velit nisi minus reprehenderit.', 'In optio voluptas veritatis incidunt. Beatae et et in fuga. Alias dicta sint necessitatibus unde.', 494.00, 'draft', 178, NULL, '2024-10-02 06:53:24', '2024-10-02 06:53:24', NULL),
	(177, 'Nihil provident sed totam ipsam sit maiores nesciunt.', 'Corporis necessitatibus voluptatem facilis adipisci optio et. Dicta ut ipsa laborum enim voluptatibus. Repellendus laboriosam sed omnis voluptate provident minus.', 965.00, 'draft', 179, NULL, '2024-10-02 06:53:24', '2024-10-02 06:53:24', NULL),
	(178, 'Qui temporibus fuga dolorem autem.', 'Rerum fugiat quia illum. Voluptatem vel sed saepe non doloribus quasi quaerat. Vitae iusto delectus sunt numquam consequatur commodi nesciunt.', 346.00, 'draft', 180, NULL, '2024-10-02 06:53:24', '2024-10-02 06:53:24', NULL),
	(179, 'Eos voluptas neque facilis dolorem id.', 'Molestiae quia quibusdam non cupiditate libero quidem adipisci. Veniam nostrum et ullam error. Dicta quia tempore iure voluptatum. Et vel dolores quaerat impedit repellat expedita dolorum facilis.', 755.00, 'draft', 181, NULL, '2024-10-02 06:53:24', '2024-10-02 06:53:24', NULL),
	(180, 'Est quia laborum ipsum blanditiis.', 'Dicta culpa sunt qui voluptate accusantium. Sed maiores architecto dolor aut eveniet tenetur. Molestiae magnam et rerum sunt molestiae accusamus quos voluptatibus. Beatae rerum sint in et est ut enim doloremque. Dolor in deleniti nisi non doloremque.', 846.00, 'draft', 182, NULL, '2024-10-02 06:53:24', '2024-10-02 06:53:24', NULL),
	(181, 'Eius voluptas ducimus rem magni omnis.', 'Voluptate ea ad ad exercitationem enim omnis. Ad alias ut magnam ullam odit dolorem ullam esse. Magnam excepturi hic minima occaecati impedit.', 158.00, 'draft', 183, NULL, '2024-10-02 06:53:24', '2024-10-02 06:53:24', NULL),
	(182, 'Velit nostrum qui aut aliquid suscipit.', 'Inventore dolorem consectetur consectetur sed quo. Nisi ipsa qui a ullam. Ipsum eum modi et ut consectetur sit et reiciendis. Asperiores amet commodi sit suscipit.', 929.00, 'draft', 184, NULL, '2024-10-02 06:53:24', '2024-10-02 06:53:24', NULL),
	(183, 'Dicta sed iste in eum qui sint.', 'Voluptas et repellendus eligendi tenetur aliquam accusantium. Officiis vel provident nobis ut. Quo ullam eveniet laudantium quia recusandae inventore. Velit deleniti tempora culpa rerum qui.', 884.00, 'draft', 185, NULL, '2024-10-02 06:53:24', '2024-10-02 06:53:24', NULL),
	(184, 'Fugit et doloribus facere temporibus.', 'Consequatur quia quisquam voluptatem nesciunt ad. Inventore et porro ipsum esse. Repellendus magni quas beatae nihil ipsa assumenda praesentium. Cumque quibusdam quaerat molestiae quo nisi.', 331.00, 'draft', 186, NULL, '2024-10-02 06:53:24', '2024-10-02 06:53:24', NULL),
	(185, 'Et odio itaque perspiciatis consequatur et sed blanditiis.', 'Ex quam iste sed autem. Ipsam placeat et reprehenderit ut cumque sapiente dolorum. Totam voluptatem illo aut sit. Aperiam ad aliquam dolores qui autem neque velit.', 237.00, 'draft', 187, NULL, '2024-10-02 06:53:24', '2024-10-02 06:53:24', NULL),
	(186, 'Harum aspernatur deserunt velit labore sequi tempora accusantium.', 'Et eius nihil quos fugit consequatur consequatur. Totam qui incidunt et delectus qui magni consequatur. Qui labore ipsum sed aut pariatur maxime voluptate. Aspernatur ex ea voluptas ea et.', 747.00, 'draft', 188, NULL, '2024-10-02 06:53:24', '2024-10-02 06:53:24', NULL),
	(187, 'Doloremque delectus voluptate qui quis quaerat placeat aliquam voluptas.', 'Repellendus qui eum perferendis blanditiis debitis placeat. Enim iste voluptatem consequatur magnam rerum. Eos omnis facilis voluptas laborum. Temporibus doloremque consequatur et distinctio maiores harum eaque.', 222.00, 'draft', 189, NULL, '2024-10-02 06:53:24', '2024-10-02 06:53:24', NULL),
	(188, 'Eum quia libero doloribus reiciendis.', 'Ipsam nostrum voluptate tenetur eos. Et voluptatem omnis quia voluptatem expedita est et. Porro id quis aut qui ex nihil consequatur. Excepturi voluptates assumenda non id.', 772.00, 'draft', 190, NULL, '2024-10-02 06:53:24', '2024-10-02 06:53:24', NULL),
	(189, 'Occaecati aut officiis alias aut.', 'Voluptas nemo blanditiis omnis rerum ipsum eum. Ex ut qui dolorem quidem. Ipsa ex dolor quisquam assumenda voluptas non.', 143.00, 'draft', 191, NULL, '2024-10-02 06:53:24', '2024-10-02 06:53:24', NULL),
	(190, 'Laborum facere nemo natus quisquam alias dolorum repudiandae omnis.', 'Excepturi sequi est ea eligendi doloremque similique. Ratione quis quia doloremque minima quisquam in deserunt. Ipsam maxime distinctio accusantium et minus deleniti autem.', 829.00, 'draft', 192, NULL, '2024-10-02 06:53:24', '2024-10-02 06:53:24', NULL),
	(191, 'Quia in amet non ut est facilis ut.', 'Quis porro quis cumque nostrum. Porro velit excepturi porro inventore ipsum ut. Odio facilis neque cupiditate voluptatem quas odit fuga ea.', 271.00, 'draft', 193, NULL, '2024-10-02 06:53:24', '2024-10-02 06:53:24', NULL),
	(192, 'Aut repudiandae accusantium qui et.', 'Sapiente culpa consequatur est harum. Tenetur sed vel expedita itaque distinctio. Ex non veniam quibusdam sunt aut est autem quibusdam. Voluptatem et autem non architecto quod consectetur odio. Quis veniam est qui ipsum ipsam pariatur vitae.', 112.00, 'draft', 194, NULL, '2024-10-02 06:53:24', '2024-10-02 06:53:24', NULL),
	(193, 'Pariatur repellat nulla quibusdam ex eos quae.', 'Modi natus dolor voluptatum sint porro. Est pariatur nesciunt laborum maxime excepturi. Et quis repudiandae non consequatur.', 333.00, 'draft', 195, NULL, '2024-10-02 06:53:24', '2024-10-02 06:53:24', NULL),
	(194, 'Corporis exercitationem eum aliquam exercitationem eveniet dolor corrupti aut.', 'Ipsa architecto sint dicta in. Maxime voluptatem asperiores est est. Tenetur cumque corrupti consectetur explicabo. Temporibus consequatur corporis odit quis odit ut.', 206.00, 'draft', 196, NULL, '2024-10-02 06:53:24', '2024-10-02 06:53:24', NULL),
	(195, 'Maxime natus at et et.', 'Sunt impedit fugit ut quo. Praesentium mollitia sint sint et. Velit repellendus sit fuga dignissimos fugiat. Sunt ullam debitis vel at. Illum ut esse ea molestias.', 711.00, 'draft', 197, NULL, '2024-10-02 06:53:24', '2024-10-02 06:53:24', NULL),
	(196, 'Facere nisi est odit explicabo.', 'Sunt cupiditate fuga occaecati quasi corporis et dolorem. Corrupti dolorum et laborum earum voluptas mollitia. Enim nam molestiae reiciendis minus explicabo similique ipsa. Aperiam nulla fuga facere ipsum expedita vel.', 660.00, 'draft', 198, NULL, '2024-10-02 06:53:24', '2024-10-02 06:53:24', NULL),
	(197, 'Ut officiis dolores eveniet veniam occaecati rerum rerum qui.', 'Eaque labore itaque sint cumque rerum. Nemo aut dolor consectetur numquam. Sed rerum ut neque ullam nulla. Reprehenderit voluptas ut et vel quae.', 571.00, 'draft', 199, NULL, '2024-10-02 06:53:24', '2024-10-02 06:53:24', NULL),
	(198, 'Adipisci perferendis culpa minus hic omnis accusantium est vitae.', 'Qui iste esse quo aspernatur. Provident omnis optio alias. Quo modi ipsa nisi nobis possimus.', 229.00, 'draft', 200, NULL, '2024-10-02 06:53:24', '2024-10-02 06:53:24', NULL),
	(199, 'Ut possimus placeat dolorem nulla.', 'Qui maxime cum amet et expedita et ut. Rerum esse accusamus nisi consectetur. Qui atque asperiores ipsam est. Sit et ipsa aspernatur sit odio in nam. Delectus ullam vitae iusto nihil.', 269.00, 'draft', 201, NULL, '2024-10-02 06:53:24', '2024-10-02 06:53:24', NULL),
	(200, 'Nihil facere harum quis.', 'Voluptas cum eum vel similique iste quos unde veritatis. Consequatur qui iste magnam aperiam corporis. Similique velit dolores tempora sequi eos est consequatur.', 507.00, 'draft', 202, NULL, '2024-10-02 06:53:24', '2024-10-02 06:53:24', NULL),
	(201, 'Aut quos sit est ipsum.', 'Cum nemo veniam eum accusamus possimus a. Delectus omnis eum dolorum deleniti sit in ab. Magnam illo eligendi beatae molestiae voluptas modi laborum voluptatem. Eligendi in et dolorem labore. Tempora aut voluptate est explicabo.', 629.00, 'draft', 203, NULL, '2024-10-02 06:53:24', '2024-10-02 06:53:24', NULL),
	(202, 'Quis soluta animi illo doloremque ab.', 'Provident et et consequatur adipisci dolor vel non. Totam sit provident sit iure impedit. Illo voluptatem laboriosam qui voluptates praesentium amet. Ipsam iusto quia enim iste explicabo distinctio sed unde.', 878.00, 'draft', 204, NULL, '2024-10-02 06:53:24', '2024-10-02 06:53:24', NULL),
	(203, 'Adipisci officia architecto perspiciatis perspiciatis quis ea.', 'Doloremque ex voluptatem rerum nihil iste nulla. Sit voluptatum voluptates blanditiis molestiae nulla. Ea in assumenda illum laborum dolor. Neque ut beatae odio consequatur omnis expedita.', 459.00, 'draft', 205, NULL, '2024-10-02 06:53:24', '2024-10-02 06:53:24', NULL),
	(204, 'Similique et voluptas assumenda saepe facere sit corrupti.', 'Quo veritatis ut ut ea asperiores voluptas. Quasi magni sed voluptas adipisci impedit.', 844.00, 'draft', 206, NULL, '2024-10-02 06:53:24', '2024-10-02 06:53:24', NULL),
	(205, 'Vel qui cumque ipsam nesciunt qui magnam eos.', 'Rerum eligendi asperiores mollitia inventore sed tempore illum adipisci. Velit qui asperiores et repellendus fugit. Odit reiciendis earum eum.', 505.00, 'draft', 207, NULL, '2024-10-02 06:53:24', '2024-10-02 06:53:24', NULL),
	(206, 'Quae cum et sit possimus quam omnis aut aliquam.', 'Deserunt est atque quos sunt quidem reprehenderit. Similique tempora adipisci ut fugiat. Ad doloremque distinctio corrupti laborum at autem consequatur. Architecto voluptas tenetur ex nam.', 871.00, 'draft', 208, NULL, '2024-10-02 06:53:24', '2024-10-02 06:53:24', NULL),
	(207, 'Ut doloribus similique accusantium in temporibus minima.', 'Sit consequuntur dicta dolores quo voluptas inventore. Eum perferendis maiores qui at. Aut ut voluptatem voluptas id sed beatae. Iusto similique odio et assumenda rerum optio.', 603.00, 'draft', 209, NULL, '2024-10-02 06:53:24', '2024-10-02 06:53:24', NULL),
	(208, 'Qui quasi sapiente numquam commodi laboriosam autem.', 'Sequi voluptatibus cum neque laboriosam. Quasi aut officiis quia maiores. Atque odit nostrum veniam qui cupiditate aut. Sed reiciendis suscipit provident.', 381.00, 'draft', 210, NULL, '2024-10-02 06:53:24', '2024-10-02 06:53:24', NULL),
	(209, 'Dicta sit voluptate sit.', 'Delectus eveniet magni nemo error. Eveniet quod error aut est. Vitae mollitia magni ducimus reiciendis quidem. Explicabo voluptate autem nisi ducimus non minus quidem.', 364.00, 'draft', 211, NULL, '2024-10-02 06:53:24', '2024-10-02 06:53:24', NULL),
	(210, 'Magnam cum amet velit modi consequatur.', 'Molestiae assumenda veritatis qui. Debitis ex tenetur quia aut perspiciatis aliquid. Ipsa temporibus quia hic porro adipisci.', 251.00, 'draft', 212, NULL, '2024-10-02 06:53:24', '2024-10-02 06:53:24', NULL),
	(211, 'Molestias voluptate in eos maiores et sit saepe eius.', 'Praesentium et rerum aut ipsam. Repellendus et esse iste corporis. Nulla est suscipit voluptas aspernatur.', 368.00, 'draft', 213, NULL, '2024-10-02 06:53:24', '2024-10-02 06:53:24', NULL),
	(212, 'Modi qui sed vel et nostrum suscipit et ipsam.', 'Rem omnis quas non voluptates sint. Rerum optio expedita aliquam.', 917.00, 'draft', 214, NULL, '2024-10-02 06:53:24', '2024-10-02 06:53:24', NULL),
	(213, 'Sapiente eligendi doloribus qui fugit ut velit velit possimus.', 'Voluptas itaque optio dolor delectus nemo sunt reprehenderit. Quia dolores blanditiis mollitia saepe et. Facilis itaque neque quia saepe omnis et reiciendis. Quaerat necessitatibus voluptatem mollitia sapiente sint qui.', 695.00, 'draft', 215, NULL, '2024-10-02 06:53:24', '2024-10-02 06:53:24', NULL),
	(214, 'Officiis cum aliquam modi hic porro deleniti.', 'Praesentium voluptatum ut dolorem quos fugiat esse voluptates nam. Quis aliquam rerum iure commodi vero. Eligendi aut quisquam nesciunt repellendus cumque aut.', 961.00, 'draft', 216, NULL, '2024-10-02 06:53:24', '2024-10-02 06:53:24', NULL),
	(215, 'Ad nihil est eius consectetur.', 'Qui eius quasi suscipit dolorum voluptatem. Consequatur quisquam sunt neque quo porro beatae est. Omnis voluptas quia voluptatem iusto beatae.', 444.00, 'draft', 217, NULL, '2024-10-02 06:53:24', '2024-10-02 06:53:24', NULL),
	(216, 'Dolorem soluta qui soluta.', 'Aperiam explicabo recusandae consequatur aut quia exercitationem. Ipsa qui soluta laudantium accusantium amet dolorem dolor. Voluptates deleniti repellat praesentium ea voluptas vel incidunt.', 710.00, 'draft', 218, NULL, '2024-10-02 06:53:24', '2024-10-02 06:53:24', NULL),
	(217, 'Ea adipisci et cum id repudiandae laboriosam.', 'Consequatur excepturi non minus unde. Corrupti et dicta rerum asperiores nostrum. Sequi quasi cum sed quas. Iusto quam atque numquam ullam voluptas aliquid.', 546.00, 'draft', 219, NULL, '2024-10-02 06:53:24', '2024-10-02 06:53:24', NULL),
	(218, 'Minus magnam inventore quaerat libero at aut.', 'Maxime maxime dolores asperiores voluptatem sit illum tempora. Blanditiis magnam ut et dolorum omnis enim. Modi rerum iste ipsum quia similique. Non exercitationem possimus ut et sed ullam est temporibus.', 619.00, 'draft', 220, NULL, '2024-10-02 06:53:24', '2024-10-02 06:53:24', NULL),
	(219, 'Perspiciatis possimus vitae ullam vel dignissimos est.', 'Similique eum adipisci ex sint. Aut voluptatem et ipsam temporibus iure. Aut debitis consequatur odit voluptates quae. Dicta et tenetur ut at sapiente et.', 566.00, 'draft', 221, NULL, '2024-10-02 06:53:24', '2024-10-02 06:53:24', NULL),
	(220, 'Enim qui et nam impedit repellat voluptas hic et.', 'Non architecto et officia quia nihil qui. Nostrum consequatur odit autem quas beatae. Accusamus sed quidem eos excepturi possimus.', 812.00, 'draft', 222, NULL, '2024-10-02 06:53:24', '2024-10-02 06:53:24', NULL),
	(221, 'Qui nulla deleniti esse et numquam expedita.', 'Veniam omnis cumque deserunt. Illo quam omnis qui quis quod suscipit. Ullam ad facilis provident non odit et. Nihil autem reprehenderit nisi fuga est.', 258.00, 'draft', 223, NULL, '2024-10-02 06:53:24', '2024-10-02 06:53:24', NULL),
	(222, 'Odit in expedita aut qui at.', 'Aut perspiciatis quis numquam provident minima. Mollitia et et voluptas in amet odit dolorum consequatur. Qui distinctio quibusdam perspiciatis eos. A error nobis officiis mollitia quia in.', 757.00, 'draft', 224, NULL, '2024-10-02 06:53:24', '2024-10-02 06:53:24', NULL),
	(223, 'Sint sed et ducimus qui magnam dolorem.', 'Minus tenetur autem repellat cum reprehenderit laborum ullam. Facere cupiditate iure expedita vero ad voluptatem. Totam excepturi nesciunt illo quasi earum enim. Est et maxime adipisci sed enim in. Ut dolorem sed perspiciatis hic et reprehenderit.', 822.00, 'draft', 225, NULL, '2024-10-02 06:53:24', '2024-10-02 06:53:24', NULL),
	(224, 'Omnis hic voluptate enim modi sint.', 'Inventore esse laboriosam incidunt cumque. Ullam veritatis officiis adipisci modi incidunt impedit voluptatibus dolorem. Veniam unde quae id iste eos hic voluptatem.', 704.00, 'draft', 226, NULL, '2024-10-02 06:53:24', '2024-10-02 06:53:24', NULL),
	(225, 'Corporis et libero sed id.', 'Sequi nemo adipisci odio aut sint facere. Neque harum quia laudantium voluptate aut voluptates distinctio. Et illo id fugit nemo ducimus. Nihil cum quibusdam suscipit perspiciatis ad sit quibusdam dignissimos. Sed quia quae qui et eum voluptatem.', 369.00, 'draft', 227, NULL, '2024-10-02 06:53:24', '2024-10-02 06:53:24', NULL),
	(226, 'Hic optio maxime rerum exercitationem similique aut aut.', 'Est est earum et cumque consequatur earum. Qui qui temporibus tempore rerum aspernatur. Omnis asperiores quo minima praesentium voluptatum non cumque.', 346.00, 'draft', 228, NULL, '2024-10-02 06:53:24', '2024-10-02 06:53:24', NULL),
	(227, 'Dolorem ad perspiciatis et quo dolor iure vero labore.', 'Culpa qui est expedita modi. Possimus quo rerum aspernatur sed et nam. Consequatur veritatis est eius nisi quis esse.', 221.00, 'draft', 229, NULL, '2024-10-02 06:53:24', '2024-10-02 06:53:24', NULL),
	(228, 'Modi dolor consequatur enim iure soluta.', 'Sit nemo quo nobis quas explicabo. Possimus voluptatem dolor autem omnis ducimus quia. Vel reiciendis ut enim accusamus illo. Expedita quibusdam voluptas quas sapiente. Et ipsa eligendi temporibus velit cum laboriosam.', 703.00, 'draft', 230, NULL, '2024-10-02 06:53:24', '2024-10-02 06:53:24', NULL),
	(229, 'Quo delectus unde et aperiam et nulla corporis.', 'Dolore voluptatem non porro accusamus occaecati quidem. Autem ullam ipsum debitis mollitia molestiae hic. Nihil reiciendis quasi voluptate et. Quis quo nihil saepe asperiores perferendis qui molestias.', 313.00, 'draft', 231, NULL, '2024-10-02 06:53:24', '2024-10-02 06:53:24', NULL),
	(230, 'Amet voluptatem beatae eos.', 'Suscipit autem nostrum et maxime consectetur voluptas ullam. Neque quo voluptatem cumque modi et voluptas aut. Consequuntur cum mollitia quaerat sed nostrum est eum.', 407.00, 'draft', 232, NULL, '2024-10-02 06:53:24', '2024-10-02 06:53:24', NULL),
	(231, 'Eius eligendi et amet velit.', 'Sequi veritatis corrupti nihil odio illo veritatis sit. Magnam accusantium amet beatae possimus sed unde dicta. Est consectetur corrupti quis iste laboriosam praesentium provident adipisci.', 952.00, 'draft', 233, NULL, '2024-10-02 06:53:24', '2024-10-02 06:53:24', NULL),
	(232, 'In ut tempore eum temporibus vitae porro qui.', 'Enim nostrum et nihil a. Quis ut non eum nulla autem eius. Dolores in voluptatibus voluptatem id qui omnis molestiae. Laboriosam ducimus voluptate repellat ea temporibus.', 698.00, 'draft', 234, NULL, '2024-10-02 06:53:24', '2024-10-02 06:53:24', NULL),
	(233, 'Consequatur quos accusamus sapiente quis autem.', 'Sit doloribus tenetur omnis ut fuga. Nostrum suscipit non eligendi dolorem magni amet. Sapiente libero nesciunt explicabo at dolorem dignissimos expedita quod. Laborum ex inventore laudantium deleniti.', 174.00, 'draft', 235, NULL, '2024-10-02 06:53:24', '2024-10-02 06:53:24', NULL),
	(234, 'Eaque ut debitis provident labore et voluptas nesciunt inventore.', 'Voluptas expedita accusamus qui et aut quia. Quia reprehenderit harum quidem velit. Ab molestiae tempore et consequuntur facilis nisi eos iusto.', 388.00, 'draft', 236, NULL, '2024-10-02 06:53:24', '2024-10-02 06:53:24', NULL),
	(235, 'Ipsa sed et hic voluptas suscipit aut aut nihil.', 'Et recusandae culpa debitis magni fugiat. Quis quisquam velit impedit rerum quisquam at. Exercitationem aut voluptatem perspiciatis hic tempora architecto.', 883.00, 'draft', 237, NULL, '2024-10-02 06:53:24', '2024-10-02 06:53:24', NULL),
	(236, 'Aut eveniet sunt similique quae quisquam sed.', 'Enim quidem eos laudantium perspiciatis quibusdam ut sequi. Voluptas doloremque consectetur doloribus modi inventore. Temporibus harum enim blanditiis iusto beatae sunt expedita. Quia voluptate aliquam cumque a ex quia.', 482.00, 'draft', 238, NULL, '2024-10-02 06:53:24', '2024-10-02 06:53:24', NULL),
	(237, 'Nisi consectetur consectetur voluptatem reprehenderit aut et officia.', 'Optio ut et laborum id. Quis eligendi consectetur aut corporis. Quis ipsa reprehenderit repudiandae sunt aperiam.', 216.00, 'draft', 239, NULL, '2024-10-02 06:53:24', '2024-10-02 06:53:24', NULL),
	(238, 'Aut soluta eaque facilis neque.', 'Earum porro est culpa consequatur qui aut. Commodi aperiam id vero excepturi voluptatem.', 282.00, 'draft', 240, NULL, '2024-10-02 06:53:24', '2024-10-02 06:53:24', NULL),
	(239, 'Ea dolores consequatur eligendi qui sit nam inventore.', 'Id veritatis facere reprehenderit et. Cum exercitationem pariatur magnam quia nemo similique repellat est. Natus quo cupiditate nihil itaque nihil molestiae quod. Libero esse eum dolor ullam.', 136.00, 'draft', 241, NULL, '2024-10-02 06:53:24', '2024-10-02 06:53:24', NULL),
	(240, 'Reprehenderit vel corporis nisi.', 'Possimus non eum dolore facere ab. Magni praesentium perferendis animi. Sed numquam vel corrupti inventore saepe dicta delectus praesentium.', 295.00, 'draft', 242, NULL, '2024-10-02 06:53:24', '2024-10-02 06:53:24', NULL),
	(241, 'Odio corporis quidem quia hic corrupti ut sint velit.', 'Provident esse tenetur tempora dolorem ad ipsum dolorum. Voluptates enim ea dolores eos corporis. Repellendus dignissimos esse ipsa facilis tempore incidunt hic. Voluptas amet qui voluptas amet eligendi porro.', 836.00, 'draft', 243, NULL, '2024-10-02 06:53:24', '2024-10-02 06:53:24', NULL),
	(242, 'Voluptatem omnis nulla nostrum sed vero.', 'Ipsa beatae nesciunt odit reprehenderit et. Et exercitationem sint veritatis praesentium quia reprehenderit et. Voluptas voluptatem dolorum corporis. Similique aut nam incidunt maxime.', 887.00, 'draft', 244, NULL, '2024-10-02 06:53:24', '2024-10-02 06:53:24', NULL),
	(243, 'Sed et rerum dolor suscipit asperiores asperiores quia.', 'Unde vero et recusandae praesentium. Incidunt cumque suscipit quod ullam et consectetur tenetur dicta.', 196.00, 'draft', 245, NULL, '2024-10-02 06:53:24', '2024-10-02 06:53:24', NULL),
	(244, 'Et odit et qui est dolores voluptatum laboriosam.', 'Repellat quidem assumenda repellendus fugiat est nostrum nam. Adipisci ipsam vel iure magnam blanditiis dolorem. Dolorum quis reprehenderit autem consequuntur. Debitis quo quibusdam molestiae iure.', 377.00, 'draft', 246, NULL, '2024-10-02 06:53:24', '2024-10-02 06:53:24', NULL),
	(245, 'Dolores neque molestias cum voluptatem iure sunt neque.', 'Repellendus aperiam dolores blanditiis unde architecto. Numquam nisi adipisci est dicta.', 611.00, 'draft', 247, NULL, '2024-10-02 06:53:24', '2024-10-02 06:53:24', NULL),
	(246, 'Quisquam omnis sapiente nihil nulla minima qui.', 'Harum est rerum sunt aut aut voluptas quam dolor. Ab vel non numquam distinctio aut explicabo. Voluptatibus quod inventore nihil beatae id maiores omnis. Quia voluptas molestiae id neque aut.', 657.00, 'draft', 248, NULL, '2024-10-02 06:53:24', '2024-10-02 06:53:24', NULL),
	(247, 'Cupiditate omnis est unde optio rem neque.', 'Minus sapiente mollitia aut rem temporibus non. Voluptates facilis non fuga et. Et sed et et neque aut. Iste voluptas assumenda sunt dicta.', 680.00, 'draft', 249, NULL, '2024-10-02 06:53:24', '2024-10-02 06:53:24', NULL),
	(248, 'Nulla quas soluta quos.', 'Voluptatem magni consequuntur quos atque nihil. Ut quaerat est rerum dolor non. Eveniet non voluptas cum accusantium.', 819.00, 'draft', 250, NULL, '2024-10-02 06:53:24', '2024-10-02 06:53:24', NULL),
	(249, 'Pariatur quaerat ex omnis nostrum amet in harum.', 'Voluptatibus commodi repellendus sapiente repudiandae itaque ipsum. Tenetur iste ut temporibus autem. Nesciunt voluptatem assumenda itaque quam et est odio consequuntur. Repudiandae temporibus et repudiandae vero odio nulla est ea.', 271.00, 'draft', 251, NULL, '2024-10-02 06:53:24', '2024-10-02 06:53:24', NULL),
	(250, 'Perferendis nostrum voluptatibus aut labore nulla non omnis.', 'Eos minus et animi rem. Magnam dolores aliquid debitis atque. Numquam temporibus est voluptatem alias cupiditate nam officiis. Inventore quis est velit eius.', 815.00, 'draft', 252, NULL, '2024-10-02 06:53:24', '2024-10-02 06:53:24', NULL),
	(251, 'Nam asperiores est quidem explicabo facere.', 'Expedita et placeat impedit enim quos ab voluptatum. Repellendus provident qui iste esse aut ut ducimus doloremque. Placeat dolore praesentium rerum vero in explicabo. Ipsum voluptates iste quod.', 992.00, 'draft', 253, NULL, '2024-10-02 06:53:24', '2024-10-02 06:53:24', NULL),
	(252, 'Quidem reprehenderit voluptatibus animi rerum consequatur.', 'Perspiciatis incidunt non est quo ipsum rerum. Quibusdam ex harum commodi adipisci ea molestias est quae. Iste velit hic harum illo ratione. Nam corrupti eveniet quasi ab non rerum.', 839.00, 'draft', 254, NULL, '2024-10-02 06:53:24', '2024-10-02 06:53:24', NULL),
	(253, 'Architecto eius eaque rerum iste corporis fugit.', 'Placeat quia aperiam autem quas. Et sed debitis quis omnis repellendus. Ad blanditiis molestiae in amet quos.', 568.00, 'draft', 255, NULL, '2024-10-02 06:53:24', '2024-10-02 06:53:24', NULL),
	(254, 'Voluptas molestiae ut qui sed ut accusamus voluptate deleniti.', 'In beatae perferendis atque quam. Expedita facilis nostrum fugiat consequatur non ipsum facilis. Et voluptas praesentium quis facere quidem sint qui.', 635.00, 'draft', 256, NULL, '2024-10-02 06:53:24', '2024-10-02 06:53:24', NULL),
	(255, 'Eaque tempore a eveniet enim.', 'Facilis repellendus ducimus quibusdam expedita. Quia esse ex qui veritatis. Ut ut cupiditate nulla aut.', 905.00, 'draft', 257, NULL, '2024-10-02 06:53:24', '2024-10-02 06:53:24', NULL),
	(256, 'Exercitationem ipsum enim aut impedit eos dolorem amet.', 'Rerum dolor nostrum eos aut blanditiis magni. Voluptas non ad excepturi tempora nisi. Autem dolor nesciunt optio corrupti et repudiandae.', 627.00, 'draft', 258, NULL, '2024-10-02 06:53:24', '2024-10-02 06:53:24', NULL),
	(257, 'Necessitatibus et ipsam temporibus amet libero voluptatem deleniti.', 'Sed hic temporibus labore temporibus veniam. Est vero perspiciatis repellat omnis aliquam impedit dignissimos. Eum veritatis ut fugit accusamus dolor. Sed fugiat nesciunt totam tempore neque quibusdam voluptatem consectetur.', 755.00, 'draft', 259, NULL, '2024-10-02 06:53:24', '2024-10-02 06:53:24', NULL),
	(258, 'Repellendus adipisci et totam sed.', 'Repellendus dolor quidem ea quam asperiores impedit earum ipsum. Explicabo occaecati officia quasi id temporibus. Enim saepe ipsam aspernatur alias.', 779.00, 'draft', 260, NULL, '2024-10-02 06:53:24', '2024-10-02 06:53:24', NULL),
	(259, 'Vitae distinctio corporis architecto expedita eaque.', 'Alias error sunt facere labore eveniet molestiae. Ducimus nobis non eum doloremque facere. Inventore tempore eos quam.', 527.00, 'draft', 261, NULL, '2024-10-02 06:53:24', '2024-10-02 06:53:24', NULL),
	(260, 'Officiis quo rerum laborum rerum eveniet reprehenderit.', 'Consequatur excepturi dolor libero voluptatem. Quidem voluptas architecto modi et consequuntur repellat voluptatibus. Porro quaerat quasi sed dolorem. Alias quis rerum quia est omnis rem.', 954.00, 'draft', 262, NULL, '2024-10-02 06:53:24', '2024-10-02 06:53:24', NULL),
	(261, 'Enim consequuntur totam quia repellat laudantium sit similique asperiores.', 'Impedit aut vitae voluptates molestias dignissimos. Error eaque esse et sed eaque pariatur. Voluptatem aut non id. Aliquam aliquid quis quae odio sed voluptatibus. Id repudiandae ut incidunt dolores itaque quibusdam eos incidunt.', 802.00, 'draft', 263, NULL, '2024-10-02 06:53:24', '2024-10-02 06:53:24', NULL),
	(262, 'Quisquam ut velit quis sed eos facere quia nostrum.', 'Sit ut est asperiores autem. Eligendi ea provident dignissimos voluptatem hic ratione. Sit et dolor et. Dolore sunt dolor sunt quis repellat necessitatibus sint.', 906.00, 'draft', 264, NULL, '2024-10-02 06:53:24', '2024-10-02 06:53:24', NULL),
	(263, 'Modi odit porro corrupti quasi tempora sit dolorem officiis.', 'Doloribus et consectetur delectus sit fugit sed asperiores. Aut commodi velit quasi nihil adipisci magnam. Aut quisquam quas ab consequatur iusto.', 729.00, 'draft', 265, NULL, '2024-10-02 06:53:24', '2024-10-02 06:53:24', NULL),
	(264, 'Deleniti ab voluptas quia corporis.', 'Sunt dolorem quis possimus soluta perferendis voluptas. Sit qui eaque voluptatem maxime occaecati sint corporis deleniti. Voluptatem explicabo omnis id non natus non deleniti laborum. Facilis rerum officiis eaque ea cupiditate iusto.', 236.00, 'draft', 266, NULL, '2024-10-02 06:53:24', '2024-10-02 06:53:24', NULL),
	(265, 'Facilis nesciunt molestias ut natus.', 'Ratione doloremque sed non. Omnis qui vitae provident iusto consequuntur voluptas vero. Non accusantium rerum explicabo nulla aut modi harum. Molestiae quae quia harum sapiente distinctio qui.', 974.00, 'draft', 267, NULL, '2024-10-02 06:53:24', '2024-10-02 06:53:24', NULL),
	(266, 'Velit fugiat ut debitis debitis atque.', 'Numquam eius aut facilis dolorum. Est rerum eius doloremque et fugit. Quisquam placeat fugit eum unde quae aut autem. Sed rerum animi dolor incidunt quo et omnis aut. Eum iure aut dolorem labore est quam dolorem.', 883.00, 'draft', 268, NULL, '2024-10-02 06:53:24', '2024-10-02 06:53:24', NULL),
	(267, 'Sed at qui eius et porro.', 'Voluptatibus laborum et odio. Et quidem deleniti id ex. Placeat quidem quia provident rerum sint et facilis. Velit rerum cum esse perferendis.', 349.00, 'draft', 269, NULL, '2024-10-02 06:53:24', '2024-10-02 06:53:24', NULL),
	(268, 'Molestiae quo voluptatem voluptas maxime laboriosam sint id.', 'Neque sed voluptatem sequi nesciunt rerum quas fugit est. Ea laboriosam sunt et illum. Voluptas eaque ea reiciendis aut laboriosam est.', 300.00, 'draft', 270, NULL, '2024-10-02 06:53:24', '2024-10-02 06:53:24', NULL),
	(269, 'Itaque sed eum corporis possimus.', 'Cumque delectus labore vero qui temporibus perferendis minima dicta. Nesciunt non velit occaecati culpa quisquam quia qui. A est nesciunt natus ut non.', 160.00, 'draft', 271, NULL, '2024-10-02 06:53:24', '2024-10-02 06:53:24', NULL),
	(270, 'Aut ut rem cumque.', 'Perferendis tempora non et ullam molestiae nisi et. Error cum magnam rerum deserunt. Expedita provident nihil in debitis vel.', 908.00, 'draft', 272, NULL, '2024-10-02 06:53:24', '2024-10-02 06:53:24', NULL),
	(271, 'Quidem ut esse et nam.', 'Numquam ab similique accusamus ipsum veniam. Explicabo nam esse ea eos. Dolor atque et rerum nihil aut nam laudantium.', 158.00, 'draft', 273, NULL, '2024-10-02 06:53:24', '2024-10-02 06:53:24', NULL),
	(272, 'Similique velit dolores sunt officia.', 'Debitis sed a quo mollitia neque natus veniam. Velit et fuga iusto optio vel numquam quod. Et assumenda cupiditate at voluptatem amet voluptates.', 187.00, 'draft', 274, NULL, '2024-10-02 06:53:24', '2024-10-02 06:53:24', NULL),
	(273, 'Beatae modi fugit earum.', 'Sunt reiciendis aliquid quibusdam deleniti sapiente. Non aperiam unde inventore aliquam dolorem sapiente aut. Quia quas qui similique dolores voluptatum a et.', 461.00, 'draft', 275, NULL, '2024-10-02 06:53:24', '2024-10-02 06:53:24', NULL),
	(274, 'Eligendi expedita aliquid libero qui eaque dolore.', 'Asperiores non aut eligendi sed inventore. Deleniti asperiores at et aliquid rem rerum. Dolorum autem atque blanditiis ipsam qui voluptate. Officiis doloremque debitis corrupti maiores temporibus.', 684.00, 'draft', 276, NULL, '2024-10-02 06:53:24', '2024-10-02 06:53:24', NULL),
	(275, 'Id suscipit repellendus distinctio qui provident harum.', 'Iure eos ipsum nostrum natus ut labore illum. Quia quisquam corporis deleniti laborum illo blanditiis. Distinctio qui molestiae est rerum.', 900.00, 'draft', 277, NULL, '2024-10-02 06:53:24', '2024-10-02 06:53:24', NULL),
	(276, 'Veritatis quis eos amet occaecati minima eum sunt.', 'Rem rem dolorem fugiat suscipit quam. Excepturi hic ipsam iusto dolor nobis. Et quia deleniti voluptas quas eius quo. Ea voluptatem ut reiciendis recusandae perferendis eum similique. Aut illo quae et esse eius.', 762.00, 'draft', 278, NULL, '2024-10-02 06:53:24', '2024-10-02 06:53:24', NULL),
	(277, 'Laudantium voluptatem non et harum quaerat ut ut.', 'Est dolore fugit distinctio molestiae facere porro. Quo fugiat aspernatur et placeat qui.', 728.00, 'draft', 279, NULL, '2024-10-02 06:53:24', '2024-10-02 06:53:24', NULL),
	(278, 'Vero facilis et voluptatem omnis aut.', 'Quae quis quisquam quia in nulla. Quibusdam molestias non sed ut enim reiciendis. Quia vel ex dolore ad et quas. Possimus voluptas aut quo et consequatur repudiandae ut.', 204.00, 'draft', 280, NULL, '2024-10-02 06:53:24', '2024-10-02 06:53:24', NULL),
	(279, 'Culpa corporis vel quo.', 'Iusto mollitia qui corporis non. Id vero quas qui iste. Vel omnis omnis ratione deleniti debitis.', 331.00, 'draft', 281, NULL, '2024-10-02 06:53:24', '2024-10-02 06:53:24', NULL),
	(280, 'Sed nemo qui non temporibus sunt.', 'Ipsam iure ut laboriosam quia quas est sequi. Mollitia in est nobis et officiis sed. Nobis autem aut optio nisi debitis et.', 928.00, 'draft', 282, NULL, '2024-10-02 06:53:24', '2024-10-02 06:53:24', NULL),
	(281, 'Veniam hic ea placeat necessitatibus.', 'Nemo nemo velit et eaque. Et amet in vel quos autem. Autem sint et repudiandae veniam quibusdam. Magnam nulla quia minus accusamus repudiandae sit non.', 393.00, 'draft', 283, NULL, '2024-10-02 06:53:24', '2024-10-02 06:53:24', NULL),
	(282, 'Soluta nemo laboriosam sequi consequuntur beatae.', 'Voluptas doloribus consequatur cumque laboriosam ab et. Sed deleniti dolores quaerat officiis sequi est. Ab eum qui dolores totam et non.', 986.00, 'draft', 284, NULL, '2024-10-02 06:53:24', '2024-10-02 06:53:24', NULL),
	(283, 'Odit vel voluptates repellat dolor vel dolore facere.', 'Voluptas impedit amet iste quasi quos ut laborum officiis. Necessitatibus ut dolorem mollitia eveniet soluta nemo qui. Aliquid nulla qui voluptatum labore.', 752.00, 'draft', 285, NULL, '2024-10-02 06:53:24', '2024-10-02 06:53:24', NULL),
	(284, 'Ratione molestiae magnam impedit consequatur.', 'Nisi accusamus quaerat dicta minima et. Magnam quo sed repellat ut repellendus. Minus tempora soluta ducimus quia nobis. Laboriosam molestiae voluptatum voluptate repellat veniam repellendus nulla.', 282.00, 'draft', 286, NULL, '2024-10-02 06:53:24', '2024-10-02 06:53:24', NULL),
	(285, 'Odit est aut optio eos consequatur culpa.', 'Error voluptate doloremque neque nesciunt qui. Repudiandae eos quis magni nobis eligendi vero. Eveniet aut cum sit expedita.', 310.00, 'draft', 287, NULL, '2024-10-02 06:53:24', '2024-10-02 06:53:24', NULL),
	(286, 'Optio ut eum qui libero at at libero.', 'Fuga facere enim voluptates eaque ullam accusamus eligendi. Corporis voluptatem in tempore cum commodi recusandae. Earum voluptatum tempore omnis accusantium voluptate. Sequi harum perspiciatis fugiat reprehenderit corrupti atque placeat.', 561.00, 'draft', 288, NULL, '2024-10-02 06:53:24', '2024-10-02 06:53:24', NULL),
	(287, 'Cumque qui voluptatem in aliquid vel.', 'Voluptas fugiat sunt nesciunt amet ut pariatur aut. Dolorem quae qui quasi consequuntur ducimus atque animi beatae. Facere eaque sunt laboriosam rerum eaque ex ut id. Eos veniam tenetur a excepturi harum. Et rem atque blanditiis et sit.', 345.00, 'draft', 289, NULL, '2024-10-02 06:53:24', '2024-10-02 06:53:24', NULL),
	(288, 'Delectus aut et est dolor architecto sed expedita.', 'Labore odit eius maxime doloremque eos beatae sint. Dolores aut modi dolorem et tempora. Quibusdam architecto at libero voluptas iure officiis sit et. Est iure voluptatem voluptatum sint laudantium nemo et. Aut atque voluptatum sit exercitationem.', 795.00, 'draft', 290, NULL, '2024-10-02 06:53:24', '2024-10-02 06:53:24', NULL),
	(289, 'At dicta quisquam quidem nobis nesciunt.', 'Quibusdam itaque cum in hic et distinctio reiciendis. Id accusantium eum porro excepturi quia et voluptas. Vel aut voluptatem quam aut. Non quo et impedit minus praesentium earum rerum.', 218.00, 'draft', 291, NULL, '2024-10-02 06:53:24', '2024-10-02 06:53:24', NULL),
	(290, 'Aut fugiat quidem dolor aut enim mollitia.', 'Molestiae tempore debitis eligendi voluptas. Enim molestiae maxime enim consequatur enim culpa. Eligendi nobis iusto quisquam rem. Accusamus quia perferendis recusandae consequatur provident.', 328.00, 'draft', 292, NULL, '2024-10-02 06:53:24', '2024-10-02 06:53:24', NULL),
	(291, 'Quasi doloremque maiores suscipit deserunt magnam.', 'Eaque autem sit et quaerat sint autem. Quo et minus quia ab sequi. Mollitia vitae nihil aliquam ut odio.', 838.00, 'draft', 293, NULL, '2024-10-02 06:53:24', '2024-10-02 06:53:24', NULL),
	(292, 'Vero reiciendis cum magni autem voluptatem vel.', 'Minus dolores et assumenda ut. Eveniet hic ad necessitatibus est et beatae ducimus. Autem veniam quo omnis magnam autem iusto.', 940.00, 'draft', 294, NULL, '2024-10-02 06:53:24', '2024-10-02 06:53:24', NULL),
	(293, 'Harum quia totam est qui magni omnis et temporibus.', 'Reprehenderit est in eos dignissimos. Eum voluptas enim eum non labore eum repellendus.', 159.00, 'draft', 295, NULL, '2024-10-02 06:53:24', '2024-10-02 06:53:24', NULL),
	(294, 'Eligendi voluptatem porro ut hic qui modi.', 'Praesentium vitae nam laborum dolores. Alias velit optio facilis praesentium accusamus eum rerum qui. Corrupti voluptatem ut minima facere sit nemo minima.', 544.00, 'draft', 296, NULL, '2024-10-02 06:53:24', '2024-10-02 06:53:24', NULL),
	(295, 'Nulla molestiae accusantium ut labore consequatur natus.', 'Iusto nam dolor a delectus earum. Explicabo officia praesentium ut et cupiditate iure. Non alias rerum eaque ullam vero assumenda.', 680.00, 'draft', 297, NULL, '2024-10-02 06:53:24', '2024-10-02 06:53:24', NULL),
	(296, 'Rerum iste voluptates earum odio quasi dolorum rerum.', 'Iure facilis molestiae explicabo facilis non enim sint. Odio dolorem et error cum labore tempore. Est voluptas necessitatibus dolores. Explicabo ipsam libero dolor. Non dicta hic dolorum voluptate molestiae et ea officia.', 268.00, 'draft', 298, NULL, '2024-10-02 06:53:24', '2024-10-02 06:53:24', NULL),
	(297, 'Voluptas labore quia eos sapiente ad.', 'Iste sed porro illum ex mollitia voluptas. Beatae eos est temporibus at voluptatem quo eveniet. Quia aut rerum non nesciunt. Vel aut est facilis asperiores sed est.', 968.00, 'draft', 299, NULL, '2024-10-02 06:53:24', '2024-10-02 06:53:24', NULL),
	(298, 'Repudiandae qui ea qui fugiat odit deserunt et.', 'Non voluptas modi laboriosam id et nihil nisi. Est aliquid nisi ipsa libero iure officia. Ratione magni rerum repellat modi voluptas quasi deserunt. Libero itaque quia voluptatum nostrum.', 933.00, 'draft', 300, NULL, '2024-10-02 06:53:24', '2024-10-02 06:53:24', NULL),
	(299, 'Ea sit harum a ut pariatur eos enim.', 'Ducimus tempora optio et corrupti. Nemo eos doloremque neque consequuntur exercitationem et voluptatem maxime. Et adipisci possimus nam est. Et dolore pariatur sed.', 777.00, 'draft', 301, NULL, '2024-10-02 06:53:24', '2024-10-02 06:53:24', NULL),
	(300, 'Necessitatibus dolorem error eos.', 'Libero velit explicabo dicta explicabo distinctio. Sint aut et non qui quod consequuntur sed. Velit explicabo odio et ullam voluptas aperiam.', 594.00, 'draft', 302, NULL, '2024-10-02 06:53:24', '2024-10-02 06:53:24', NULL),
	(301, 'Distinctio mollitia aliquid eveniet corporis voluptatem sit dolores.', 'Aut vel est molestiae. Iste molestiae repudiandae optio ea. Aspernatur temporibus nisi tempore vel odit molestiae eaque quo. Et culpa molestias ut consectetur.', 565.00, 'draft', 303, NULL, '2024-10-02 06:53:24', '2024-10-02 06:53:24', NULL),
	(302, 'Id dolores quod tenetur atque itaque est et.', 'Et provident et consequatur minima sunt quisquam. Assumenda molestiae unde recusandae accusantium veniam dolor maxime. Sint quis mollitia in dolorem ut corporis quas. Earum molestiae eius nesciunt voluptatum excepturi.', 869.00, 'draft', 304, NULL, '2024-10-02 06:53:24', '2024-10-02 06:53:24', NULL),
	(303, 'Tempore et voluptas non minus similique.', 'Et dolor minima qui. Quae quibusdam incidunt ut quia velit. Cum est sit molestiae excepturi iure commodi.', 192.00, 'draft', 305, NULL, '2024-10-02 06:53:24', '2024-10-02 06:53:24', NULL),
	(304, 'Consequatur vero cumque ut dolor nihil qui dolorem.', 'Est qui est excepturi aut excepturi aspernatur sed nobis. Error autem aut consequatur iusto officiis vel. Minima adipisci ut reprehenderit sint impedit. Voluptatem in labore numquam. Ut incidunt enim quasi reprehenderit.', 129.00, 'draft', 306, NULL, '2024-10-02 06:53:24', '2024-10-02 06:53:24', NULL),
	(305, 'Quod neque optio recusandae et unde nihil.', 'Velit et deleniti qui ut eveniet. Et totam deleniti est itaque.', 894.00, 'draft', 307, NULL, '2024-10-02 06:53:24', '2024-10-02 06:53:24', NULL),
	(306, 'Fugiat sed porro qui quo laudantium.', 'Et voluptatibus consectetur fuga ut voluptas laborum. Voluptatem dolorum animi et ipsa sit. Ipsa beatae eaque voluptas labore officia voluptatem eius.', 795.00, 'draft', 308, NULL, '2024-10-02 06:53:24', '2024-10-02 06:53:24', NULL),
	(307, 'Rerum laudantium ut modi vitae.', 'Vel autem cupiditate natus iste amet voluptas officia quae. Vel dignissimos sed rerum cum magni. Expedita totam omnis neque libero sit molestiae est neque.', 527.00, 'draft', 309, NULL, '2024-10-02 06:53:24', '2024-10-02 06:53:24', NULL),
	(308, 'A ducimus saepe repudiandae ut nulla.', 'Iusto quas voluptas sunt magnam excepturi sequi exercitationem. Id et deleniti velit. Sapiente sit laboriosam in impedit libero iure. Animi quae magnam at et sed eligendi perferendis voluptatibus.', 232.00, 'draft', 310, NULL, '2024-10-02 06:53:24', '2024-10-02 06:53:24', NULL),
	(309, 'Dolorem earum reprehenderit officiis ipsam reprehenderit mollitia laboriosam ut.', 'Et veniam rerum aut aut neque ipsa quaerat. Totam voluptatibus id tempora esse repellendus nisi provident. Sint sapiente consectetur numquam quia quos facilis.', 903.00, 'draft', 311, NULL, '2024-10-02 06:53:24', '2024-10-02 06:53:24', NULL),
	(310, 'Voluptas et et neque omnis quae in sed aliquid.', 'Est natus impedit assumenda asperiores delectus. Eaque doloremque alias quis laboriosam. Quaerat veniam voluptas sint id. Et error quisquam dolorem exercitationem omnis.', 991.00, 'draft', 312, NULL, '2024-10-02 06:53:24', '2024-10-02 06:53:24', NULL),
	(311, 'Nobis atque sequi omnis eos.', 'Sit blanditiis molestiae voluptas animi. Ut consequuntur sed beatae optio rerum. Aut quas sed perferendis quia omnis ad assumenda voluptatem.', 392.00, 'draft', 313, NULL, '2024-10-02 06:53:24', '2024-10-02 06:53:24', NULL),
	(312, 'Quod voluptate rem doloremque eos aut sunt numquam.', 'Asperiores veritatis id similique eos eos voluptates cupiditate. Amet soluta labore quia ullam asperiores architecto. Est sint non illum nihil perferendis asperiores.', 322.00, 'draft', 314, NULL, '2024-10-02 06:53:24', '2024-10-02 06:53:24', NULL),
	(313, 'Aut sint delectus vel placeat deleniti labore.', 'Consequatur labore debitis beatae. Eum tempore sed enim et necessitatibus laudantium. At architecto eum aliquam molestias suscipit. Nobis assumenda repellat sit est.', 459.00, 'draft', 315, NULL, '2024-10-02 06:53:24', '2024-10-02 06:53:24', NULL),
	(314, 'Qui omnis ipsa at est est nulla.', 'Maiores consequatur impedit ducimus rerum ut voluptas. Cupiditate qui architecto omnis reiciendis eaque non sed. Quas quo sit aperiam odit a sequi repellendus velit. At debitis odit minus corporis sed.', 123.00, 'draft', 316, NULL, '2024-10-02 06:53:24', '2024-10-02 06:53:24', NULL),
	(315, 'Voluptas in delectus aspernatur quos est dignissimos voluptatibus.', 'Voluptatem nihil aut dolores est. Molestiae et minus molestiae. Ipsam modi reiciendis repellendus accusantium velit quidem fugit.', 971.00, 'draft', 317, NULL, '2024-10-02 06:53:24', '2024-10-02 06:53:24', NULL),
	(316, 'Illum dolorum ab provident.', 'Necessitatibus odit enim reiciendis molestiae officiis sint est. Amet eum qui commodi eaque. Veniam necessitatibus at reprehenderit sunt nam omnis.', 102.00, 'draft', 318, NULL, '2024-10-02 06:53:24', '2024-10-02 06:53:24', NULL),
	(317, 'Est quae cum repellat sunt tempora molestiae ad.', 'Est veniam aut occaecati et id sunt id enim. Vel repellat sed ab ea sapiente. Eius illum corporis nam quod sint maiores rerum. Voluptatem possimus dicta illo qui facere odio assumenda. Quod quo ipsa possimus aut fuga quas nisi.', 599.00, 'draft', 319, NULL, '2024-10-02 06:53:24', '2024-10-02 06:53:24', NULL),
	(318, 'Ut voluptatibus omnis ea suscipit iure aut a.', 'Et corporis culpa sit alias. Eligendi in id ratione eos architecto. Neque rem sint temporibus consequatur sunt. Dicta et a maiores hic tempore deleniti reprehenderit.', 375.00, 'draft', 320, NULL, '2024-10-02 06:53:24', '2024-10-02 06:53:24', NULL),
	(319, 'Nesciunt consequatur pariatur veniam aut beatae amet occaecati nihil.', 'Alias odit voluptatum consectetur eligendi quo debitis voluptatum. Ducimus quisquam officia ut facere molestiae sunt. Tempora tenetur quod enim non voluptas iusto. Perspiciatis harum similique earum magnam aliquam vel.', 244.00, 'draft', 321, NULL, '2024-10-02 06:53:24', '2024-10-02 06:53:24', NULL),
	(320, 'Eligendi quos suscipit omnis et aut est cum veniam.', 'Maxime nisi fugit natus quasi illo sit. Minus sed eos nam. Nostrum facilis a blanditiis voluptas.', 134.00, 'draft', 322, NULL, '2024-10-02 06:53:24', '2024-10-02 06:53:24', NULL),
	(321, 'Saepe et minima consectetur aliquid sint.', 'Enim itaque quae sed voluptatem excepturi. Possimus aspernatur omnis et totam omnis. Ut quae recusandae consequatur eligendi eligendi.', 153.00, 'draft', 323, NULL, '2024-10-02 06:53:24', '2024-10-02 06:53:24', NULL),
	(322, 'Sit expedita iusto officia.', 'Sunt beatae nobis ullam aliquid tempore. Sequi est adipisci quia excepturi atque est. Dolores aliquid consequuntur nostrum est. Distinctio similique natus ea tenetur cumque minima laudantium et.', 694.00, 'draft', 324, NULL, '2024-10-02 06:53:24', '2024-10-02 06:53:24', NULL),
	(323, 'A labore nihil assumenda officiis ut ratione.', 'Tempore aliquam consequuntur consectetur eum est distinctio quibusdam voluptas. Iure facere laborum eum possimus perferendis et. Doloribus nostrum accusantium suscipit illo magnam officia et nam. Qui pariatur deleniti non nihil sed placeat.', 616.00, 'draft', 325, NULL, '2024-10-02 06:53:24', '2024-10-02 06:53:24', NULL),
	(324, 'Placeat libero molestiae est corporis veniam aperiam.', 'Eveniet illo ut itaque recusandae at. Nobis at dolorum necessitatibus eligendi veniam repellat. Doloribus reiciendis sed est voluptatem voluptate libero. Iste maiores temporibus sit.', 318.00, 'draft', 326, NULL, '2024-10-02 06:53:24', '2024-10-02 06:53:24', NULL),
	(325, 'Omnis iste aut eum beatae qui voluptatem quis.', 'Blanditiis inventore est sit consequuntur id. Adipisci dolor unde voluptatum architecto eum magnam veniam. Facere veritatis cumque consequatur et quaerat eum atque. Autem distinctio quis porro et iure.', 312.00, 'draft', 327, NULL, '2024-10-02 06:53:24', '2024-10-02 06:53:24', NULL),
	(326, 'Fuga tempora totam voluptas aspernatur non enim.', 'Debitis cumque odio est qui quos reprehenderit. Error ipsam beatae impedit. Ut iusto et dolorem quo aut nihil.', 807.00, 'draft', 328, NULL, '2024-10-02 06:53:24', '2024-10-02 06:53:24', NULL),
	(327, 'Nulla magnam dolorem nihil repellendus provident.', 'Molestiae ab velit dicta rem sint autem ducimus. Aliquam enim consequatur ipsum provident et quo. Odio delectus sit autem fuga recusandae tenetur.', 284.00, 'draft', 329, NULL, '2024-10-02 06:53:24', '2024-10-02 06:53:24', NULL),
	(328, 'Quos nihil delectus quia tempore.', 'Est blanditiis provident porro voluptas accusantium officia dolorum provident. Explicabo soluta placeat in necessitatibus omnis. Vel beatae soluta est dolore tenetur et eum vel.', 264.00, 'draft', 330, NULL, '2024-10-02 06:53:24', '2024-10-02 06:53:24', NULL),
	(329, 'Aliquam omnis aut dolore facilis totam distinctio et.', 'Ullam inventore dolorum eaque natus ea. Suscipit non officiis tempora. Reiciendis et qui ut delectus. Deserunt ut ut dolor porro voluptatem facere.', 174.00, 'draft', 331, NULL, '2024-10-02 06:53:24', '2024-10-02 06:53:24', NULL),
	(330, 'Ipsum ipsam veniam vel eaque magnam nobis.', 'Ut est quos pariatur nesciunt voluptas ratione et. Soluta illo reprehenderit autem voluptatem vel. Quia eos possimus ratione unde.', 553.00, 'draft', 332, NULL, '2024-10-02 06:53:24', '2024-10-02 06:53:24', NULL),
	(331, 'Aspernatur quod ut esse.', 'Rerum recusandae cupiditate eveniet ratione hic qui nobis. Dolorem atque tenetur quia sapiente consequatur. Est similique quos accusantium sed qui non quas illum. Nam enim corrupti aut est.', 673.00, 'draft', 333, NULL, '2024-10-02 06:53:24', '2024-10-02 06:53:24', NULL),
	(332, 'Corrupti quis praesentium est eos.', 'A quasi eveniet voluptatem dolorem repellendus debitis. Dolorem quia voluptates eos modi tempore aut ipsam ea. Tempora neque culpa sed sit. Quo quidem consequuntur at id molestiae nihil.', 796.00, 'draft', 334, NULL, '2024-10-02 06:53:24', '2024-10-02 06:53:24', NULL),
	(333, 'Animi assumenda autem dicta consequatur voluptate.', 'Omnis id voluptas fugit molestias libero. Sit id qui quia molestiae. Sit exercitationem est ducimus sit corporis. Nam iusto doloribus accusantium architecto suscipit magnam. Dolor recusandae assumenda pariatur est modi temporibus autem pariatur.', 494.00, 'draft', 335, NULL, '2024-10-02 06:53:24', '2024-10-02 06:53:24', NULL),
	(334, 'Ut voluptatem iure et nisi atque aperiam aperiam.', 'Qui illo voluptas laboriosam quia voluptate eum autem. Qui pariatur quasi veritatis qui. Autem velit id tempora.', 269.00, 'draft', 336, NULL, '2024-10-02 06:53:24', '2024-10-02 06:53:24', NULL),
	(335, 'In voluptate qui et quibusdam.', 'Sit cum ipsum dolores aperiam qui fugit. Quia illo esse nisi nihil labore et aut quo. Expedita perferendis illum impedit quis.', 202.00, 'draft', 337, NULL, '2024-10-02 06:53:24', '2024-10-02 06:53:24', NULL),
	(336, 'Eum quis quae sunt dolor nesciunt nihil.', 'Dolor nobis quia cumque nam delectus. Enim repudiandae est nulla dolore. Iusto sequi omnis cumque. Culpa amet nesciunt rerum mollitia.', 297.00, 'draft', 338, NULL, '2024-10-02 06:53:24', '2024-10-02 06:53:24', NULL),
	(337, 'Rem commodi repellat eveniet et occaecati voluptas dolor.', 'Distinctio adipisci ut maxime ullam. Quia distinctio iste iste alias. Quaerat magni neque excepturi molestiae sunt ratione.', 972.00, 'draft', 339, NULL, '2024-10-02 06:53:24', '2024-10-02 06:53:24', NULL),
	(338, 'Quidem aliquid molestias quam voluptatem quis.', 'Ex mollitia tempora quam sunt. Quis esse sit totam aperiam velit corporis vero. Ipsum voluptatum eum deserunt earum id dolorum rem. In qui voluptas ea molestiae ipsum at illo.', 333.00, 'draft', 340, NULL, '2024-10-02 06:53:24', '2024-10-02 06:53:24', NULL),
	(339, 'Porro recusandae doloremque quod.', 'Enim sint sit natus voluptatibus expedita assumenda. Deserunt aliquam beatae voluptas consequatur quas in. Expedita labore hic placeat fugiat. Exercitationem aut ut laborum sed et qui.', 394.00, 'draft', 341, NULL, '2024-10-02 06:53:24', '2024-10-02 06:53:24', NULL),
	(340, 'Asperiores iure alias ut sed.', 'Laudantium nisi placeat consequatur quae voluptatem. Alias fugit deserunt ad quisquam pariatur autem. Non itaque praesentium tempore. Quam totam ipsum exercitationem aut animi soluta ducimus.', 929.00, 'draft', 342, NULL, '2024-10-02 06:53:24', '2024-10-02 06:53:24', NULL),
	(341, 'Repudiandae modi quis voluptas unde.', 'Dolorem et quidem ullam omnis quaerat minima alias. Qui modi accusamus cum sit ex tempora culpa ab.', 135.00, 'draft', 343, NULL, '2024-10-02 06:53:24', '2024-10-02 06:53:24', NULL),
	(342, 'Non non nulla explicabo eum.', 'Quae neque et sed est eius. Ipsam odio aut repellat ut labore nisi alias. Nisi in ut voluptatem maiores qui ut. Beatae dolorem nam exercitationem amet deleniti.', 526.00, 'draft', 344, NULL, '2024-10-02 06:53:24', '2024-10-02 06:53:24', NULL),
	(343, 'Et qui aliquam beatae nostrum repellendus laboriosam consequatur rerum.', 'Nihil qui quo error modi. Eius consequatur in voluptas dignissimos. Et in perferendis quia qui velit sit ut.', 557.00, 'draft', 345, NULL, '2024-10-02 06:53:24', '2024-10-02 06:53:24', NULL),
	(344, 'Velit ut quos maiores.', 'Voluptas architecto dolorum laborum. Reprehenderit commodi sit qui quos. Distinctio officiis rerum est autem porro aliquam. Provident totam qui sed.', 356.00, 'draft', 346, NULL, '2024-10-02 06:53:24', '2024-10-02 06:53:24', NULL),
	(345, 'Natus nostrum eligendi sapiente nemo magni sit id provident.', 'Est temporibus ut officia aut culpa. Vel omnis aut quis. In ad aut delectus quo labore est. Optio non doloribus exercitationem molestias rem.', 453.00, 'draft', 347, NULL, '2024-10-02 06:53:24', '2024-10-02 06:53:24', NULL),
	(346, 'Doloremque unde distinctio voluptatibus illum omnis.', 'Id asperiores eligendi dolore. Ullam eius voluptatem non quia eos autem. Dolore nostrum sed illo sit omnis est rerum consequuntur.', 649.00, 'draft', 348, NULL, '2024-10-02 06:53:24', '2024-10-02 06:53:24', NULL),
	(347, 'Excepturi architecto maiores voluptatibus nobis quasi fugiat.', 'At mollitia ut id ratione quaerat. Minima est tempora veniam quo fugiat harum. Tempora non aut voluptatum aut.', 412.00, 'draft', 349, NULL, '2024-10-02 06:53:24', '2024-10-02 06:53:24', NULL),
	(348, 'Ducimus facilis quasi illum dolores.', 'Mollitia quibusdam et ut provident. Provident voluptatum eos corporis odit nobis saepe. Aut quas voluptatem non qui. Ut et et aut est.', 390.00, 'draft', 350, NULL, '2024-10-02 06:53:24', '2024-10-02 06:53:24', NULL),
	(349, 'Quam consequatur ad vel vel.', 'Dolore et iusto illo soluta nam non sint. Atque numquam vitae ad accusantium explicabo accusamus. Eligendi qui dignissimos sit hic quidem illo quia.', 604.00, 'draft', 351, NULL, '2024-10-02 06:53:24', '2024-10-02 06:53:24', NULL),
	(350, 'At facilis aut architecto.', 'Esse neque impedit in dignissimos voluptas. Est harum quasi aspernatur eos et. Nulla dolorem optio iste voluptatem quis. Perspiciatis eligendi similique qui quaerat nihil aut.', 756.00, 'draft', 352, NULL, '2024-10-02 06:53:24', '2024-10-02 06:53:24', NULL),
	(351, 'Aspernatur corrupti non minima vitae iste eos.', 'Et rerum rerum accusamus voluptates voluptatem necessitatibus ut et. Aperiam repellat saepe non similique aut odio. Iure sapiente sed eius voluptatem accusamus. Cum totam voluptatem ullam dolor quo occaecati dolore.', 909.00, 'draft', 353, NULL, '2024-10-02 06:53:24', '2024-10-02 06:53:24', NULL),
	(352, 'Officiis autem corrupti voluptatibus maiores voluptas eum.', 'Quia assumenda nihil fuga autem rerum accusantium repellendus. Consequatur dolores inventore qui aut eos delectus consequuntur. Sunt laudantium dolorum in dolores ullam iste cum dolorum.', 184.00, 'draft', 354, NULL, '2024-10-02 06:53:24', '2024-10-02 06:53:24', NULL),
	(353, 'Natus est illo deleniti corrupti libero recusandae.', 'Iste repellat sapiente eligendi iusto voluptas saepe omnis. Autem dolorem est odio dolores in quis. Numquam quo ex magni maxime quo.', 143.00, 'draft', 355, NULL, '2024-10-02 06:53:24', '2024-10-02 06:53:24', NULL),
	(354, 'Nam placeat eaque autem consequuntur non exercitationem.', 'Modi excepturi aut enim. Beatae nobis dolores reprehenderit est. Voluptatem ut eius quasi maxime sit. Vel error quaerat et molestiae modi nostrum.', 219.00, 'draft', 356, NULL, '2024-10-02 06:53:24', '2024-10-02 06:53:24', NULL),
	(355, 'Exercitationem et impedit nemo exercitationem in.', 'Delectus officiis atque sed sint aut et natus. Vitae nulla vitae laborum dicta. Consequatur voluptatem at fugiat ut consequuntur nisi fuga.', 787.00, 'draft', 357, NULL, '2024-10-02 06:53:24', '2024-10-02 06:53:24', NULL),
	(356, 'Dolor qui recusandae consequatur quam ut quibusdam.', 'Dolores eos quaerat assumenda voluptas deserunt ea. Quam amet praesentium et. Velit doloremque dolor ratione est.', 468.00, 'draft', 358, NULL, '2024-10-02 06:53:24', '2024-10-02 06:53:24', NULL),
	(357, 'Optio non quo qui et.', 'Occaecati autem maxime occaecati qui in quis qui. Quos dolore ut sint assumenda ut quam quos.', 532.00, 'draft', 359, NULL, '2024-10-02 06:53:24', '2024-10-02 06:53:24', NULL),
	(358, 'Odit non voluptatum distinctio cumque.', 'Quia et quia ducimus iusto doloribus molestiae voluptates. Qui facere laborum ut repellat. Sequi ratione laboriosam vero error quo eius est. Est porro aliquam quibusdam voluptatem.', 108.00, 'draft', 360, NULL, '2024-10-02 06:53:24', '2024-10-02 06:53:24', NULL),
	(359, 'Quae maxime rerum sunt aut sunt.', 'Quis aut rerum dolores a. Enim ad dolor aperiam quidem saepe quas labore qui. Unde et quasi blanditiis ea quas dolorem. Consequatur optio non quia.', 522.00, 'draft', 361, NULL, '2024-10-02 06:53:24', '2024-10-02 06:53:24', NULL),
	(360, 'Inventore sed totam ipsum porro aspernatur aut nihil.', 'Id explicabo nemo et quo earum vero. Quidem et harum enim corrupti eligendi voluptatibus. Et et aliquid neque quas. Id repellendus rem et.', 673.00, 'draft', 362, NULL, '2024-10-02 06:53:24', '2024-10-02 06:53:24', NULL),
	(361, 'Placeat consequuntur cumque sequi doloremque.', 'Quis omnis non iure ex consequatur ut omnis. Vel et atque accusamus sint earum corrupti repellat. Animi fugit iusto ipsa hic ut ut vero hic. Corporis laborum sunt et inventore et enim voluptas.', 497.00, 'draft', 363, NULL, '2024-10-02 06:53:24', '2024-10-02 06:53:24', NULL),
	(362, 'Quasi repellendus animi quasi iste odio repudiandae architecto.', 'Est omnis nobis aut dolorum ut et dolorem cupiditate. Consequatur aperiam dolorem distinctio iste occaecati. Fugiat distinctio non suscipit natus quia mollitia.', 350.00, 'draft', 364, NULL, '2024-10-02 06:53:24', '2024-10-02 06:53:24', NULL),
	(363, 'Consectetur qui velit non impedit aut dignissimos.', 'In dolor et aperiam repellat ut. Sunt explicabo nostrum odio nihil autem reprehenderit. Excepturi ut maxime incidunt ex. Sit non vero placeat architecto.', 303.00, 'draft', 365, NULL, '2024-10-02 06:53:24', '2024-10-02 06:53:24', NULL),
	(364, 'Enim doloremque mollitia rerum deleniti at quaerat.', 'Deleniti maxime ullam consectetur quia cumque ipsa vitae. Autem non dicta voluptates impedit doloremque labore magni ratione.', 531.00, 'draft', 366, NULL, '2024-10-02 06:53:24', '2024-10-02 06:53:24', NULL),
	(365, 'Quod laudantium laudantium vitae dolores et praesentium sapiente.', 'Quos necessitatibus accusantium est voluptatem ut aspernatur dolorem possimus. Illo reprehenderit veniam quam voluptatem. Magnam iure nemo dignissimos totam adipisci quo. Consequatur aspernatur eum dolor ratione.', 990.00, 'draft', 367, NULL, '2024-10-02 06:53:24', '2024-10-02 06:53:24', NULL),
	(366, 'Nesciunt consequuntur aperiam esse sit voluptas sed laborum occaecati.', 'Qui laboriosam corrupti accusamus possimus ea quas tempora. Et culpa quia aliquid. Dolore modi eum porro occaecati possimus omnis minus. Blanditiis dolor illo maxime dolore quod ea esse voluptatem.', 526.00, 'draft', 368, NULL, '2024-10-02 06:53:24', '2024-10-02 06:53:24', NULL),
	(367, 'Provident nisi ullam fugiat.', 'Et autem assumenda asperiores dolores dolores nesciunt alias dolores. Nulla quia ad modi molestias quasi eius. Ut et neque quaerat doloremque dolor consequatur quasi. Iusto sunt fugit voluptas molestias.', 438.00, 'draft', 369, NULL, '2024-10-02 06:53:24', '2024-10-02 06:53:24', NULL),
	(368, 'Repudiandae est nulla voluptates repellat.', 'Non ab est sunt perspiciatis in consequatur et. Aut explicabo fugit corporis odio sint fugit et deleniti.', 699.00, 'draft', 370, NULL, '2024-10-02 06:53:24', '2024-10-02 06:53:24', NULL),
	(369, 'Est fugiat aut quidem ut at dolor.', 'Eveniet inventore rerum est id tempora similique ducimus. Architecto et cupiditate eveniet voluptas voluptas ut.', 296.00, 'draft', 371, NULL, '2024-10-02 06:53:24', '2024-10-02 06:53:24', NULL),
	(370, 'Dolor et ut nobis consequuntur repudiandae consequatur nisi dolor.', 'Velit tempora porro adipisci ullam. Et consequatur reprehenderit rem. Facere id sint sequi nihil eveniet totam optio non. Soluta est sit qui.', 850.00, 'draft', 372, NULL, '2024-10-02 06:53:24', '2024-10-02 06:53:24', NULL),
	(371, 'Magnam aut debitis nesciunt iusto.', 'Consequuntur ut id ipsam facilis vitae corrupti. Pariatur aut in ullam quam dignissimos quas. Veniam voluptatem optio quis nulla ea assumenda.', 172.00, 'draft', 373, NULL, '2024-10-02 06:53:24', '2024-10-02 06:53:24', NULL),
	(372, 'Quam minus eum id id doloribus.', 'Expedita iste qui culpa dolor. Sit nostrum rerum magni veritatis. Sed perferendis rem ea maiores. Corporis et ut ut omnis.', 532.00, 'draft', 374, NULL, '2024-10-02 06:53:24', '2024-10-02 06:53:24', NULL),
	(373, 'Aspernatur officiis voluptatem itaque voluptas cum sit.', 'Consectetur voluptatem natus qui iste eveniet numquam. Est ut ut odio vel neque. Vitae quia architecto rerum cum illo rem.', 864.00, 'draft', 375, NULL, '2024-10-02 06:53:24', '2024-10-02 06:53:24', NULL),
	(374, 'Vitae vel corporis occaecati in ipsum.', 'Dolores laudantium asperiores possimus rem. Saepe numquam voluptas pariatur et ut et ut. Aperiam laboriosam est impedit eaque sit et vel.', 808.00, 'draft', 376, NULL, '2024-10-02 06:53:24', '2024-10-02 06:53:24', NULL),
	(375, 'Ut enim saepe tempora eum ex quia.', 'Soluta ut cum quia fuga. Quaerat reiciendis amet nemo. Ipsum quisquam at quos exercitationem sint quo. Voluptas qui et architecto qui voluptatibus.', 815.00, 'draft', 377, NULL, '2024-10-02 06:53:24', '2024-10-02 06:53:24', NULL),
	(376, 'Et cumque ducimus id veniam id eos.', 'Est inventore suscipit dicta neque. Voluptatum sed molestiae beatae ut eveniet totam. Qui soluta autem voluptas aut sunt eum expedita et. Reprehenderit veritatis facere eius.', 987.00, 'draft', 378, NULL, '2024-10-02 06:53:24', '2024-10-02 06:53:24', NULL),
	(377, 'Itaque ab quos aliquid et est.', 'Et aut enim qui dolores reiciendis ratione possimus. Distinctio aut aut ut. Dolor temporibus iste et est repudiandae deserunt ut.', 663.00, 'draft', 379, NULL, '2024-10-02 06:53:24', '2024-10-02 06:53:24', NULL),
	(378, 'Error voluptatum rerum voluptatem vel rerum.', 'Aut debitis impedit inventore consequatur error omnis amet. Autem quo molestiae iste occaecati exercitationem. Dolorum nesciunt voluptas nemo suscipit magnam. Voluptatum modi delectus quis voluptas corporis.', 866.00, 'draft', 380, NULL, '2024-10-02 06:53:24', '2024-10-02 06:53:24', NULL),
	(379, 'Sed eveniet quia exercitationem et totam.', 'Quo eaque sapiente occaecati nihil laboriosam recusandae pariatur. Ratione nesciunt corporis quae voluptatem accusantium. Vel consequuntur mollitia accusamus quos.', 146.00, 'draft', 381, NULL, '2024-10-02 06:53:24', '2024-10-02 06:53:24', NULL),
	(380, 'Dignissimos dicta voluptates distinctio voluptatem dicta.', 'Molestias soluta qui ut repellendus inventore. Voluptas ea distinctio dolores autem ut. Aut ipsam quod quo quam rem. Odio laboriosam sint unde sed aperiam commodi similique.', 115.00, 'draft', 382, NULL, '2024-10-02 06:53:24', '2024-10-02 06:53:24', NULL),
	(381, 'Est dignissimos et est id id illum possimus.', 'Sed doloribus accusamus consequatur illum itaque non quis. Fugit id tenetur illo ipsum. Quia voluptatibus repellat quam omnis quia facere.', 239.00, 'draft', 383, NULL, '2024-10-02 06:53:24', '2024-10-02 06:53:24', NULL),
	(382, 'Nihil est quam ullam voluptatem doloremque non quisquam quis.', 'Quas minus placeat reiciendis exercitationem. Et sunt iusto deserunt repellendus. Omnis nihil assumenda ducimus dignissimos quia perferendis a. Iusto quod animi accusamus est inventore laboriosam.', 233.00, 'draft', 384, NULL, '2024-10-02 06:53:24', '2024-10-02 06:53:24', NULL),
	(383, 'Quisquam sit in repudiandae impedit aliquam voluptatem aut cumque.', 'Iste dolores quisquam non distinctio expedita. Qui modi harum accusantium ut similique ut perspiciatis. Qui rerum omnis fugit voluptatibus. Laborum nostrum molestiae omnis accusamus.', 418.00, 'draft', 385, NULL, '2024-10-02 06:53:24', '2024-10-02 06:53:24', NULL),
	(384, 'Aut maiores animi quidem qui eaque maiores nesciunt.', 'Ratione quia quia asperiores magni quasi perspiciatis minima. Enim recusandae hic quibusdam quas quo itaque. Ipsa ducimus occaecati assumenda porro rerum ut odit. Harum distinctio possimus voluptatibus at.', 965.00, 'draft', 386, NULL, '2024-10-02 06:53:24', '2024-10-02 06:53:24', NULL),
	(385, 'Voluptas sit incidunt aspernatur nihil neque incidunt.', 'Ratione nam nihil illum ut est ipsam. At eaque ducimus amet distinctio. Deserunt aut perferendis eum veritatis et eos excepturi nam. Aliquid et quia cumque dicta. Temporibus nam sit maiores incidunt in sed.', 999.00, 'draft', 387, NULL, '2024-10-02 06:53:24', '2024-10-02 06:53:24', NULL),
	(386, 'Iste laudantium laudantium aut enim.', 'Aliquam est voluptate labore maxime enim dolorem aut. Harum molestiae qui et est voluptate esse ratione. Non quia quas dolorem aut fugit numquam blanditiis quia.', 933.00, 'draft', 388, NULL, '2024-10-02 06:53:24', '2024-10-02 06:53:24', NULL),
	(387, 'Id dolorem tenetur deserunt aut.', 'Quia sit sint tenetur voluptatem. Qui sit natus dolor sed debitis. Similique et voluptas officia et. Fugit ut velit ut.', 477.00, 'draft', 389, NULL, '2024-10-02 06:53:24', '2024-10-02 06:53:24', NULL),
	(388, 'Ut dicta suscipit est quia accusantium in.', 'Unde officiis dicta esse. Sapiente temporibus voluptates sequi dignissimos. Itaque incidunt quam et unde enim unde. Quo exercitationem totam consequatur culpa magnam.', 706.00, 'draft', 390, NULL, '2024-10-02 06:53:24', '2024-10-02 06:53:24', NULL),
	(389, 'Ut ut inventore facere et hic est.', 'Maxime hic et quidem et delectus. Qui consequatur sed ullam adipisci laudantium. Possimus nisi modi minus. Porro quidem et esse odit magnam iusto dolorum nam.', 415.00, 'draft', 391, NULL, '2024-10-02 06:53:24', '2024-10-02 06:53:24', NULL),
	(390, 'Occaecati et molestias est asperiores quod id delectus.', 'Natus maxime tempora rem velit amet. Et deleniti quas amet autem explicabo. Aut officia non enim cum quam mollitia est dignissimos.', 932.00, 'draft', 392, NULL, '2024-10-02 06:53:24', '2024-10-02 06:53:24', NULL),
	(391, 'Impedit est est voluptas dicta fugit officiis.', 'Velit nobis voluptate in officiis eos. Sed esse voluptatem laborum voluptatem ad velit. Voluptates voluptate quaerat praesentium sit laborum sint enim. Eius non blanditiis nostrum omnis placeat a. Voluptatem praesentium dolor illo.', 192.00, 'draft', 393, NULL, '2024-10-02 06:53:24', '2024-10-02 06:53:24', NULL),
	(392, 'Eaque assumenda quis dicta voluptatem excepturi sequi.', 'Mollitia ut atque facere ipsum ea officiis rerum et. Ex ea quos sed neque ullam velit. Sint distinctio asperiores doloremque officia. Voluptatum autem quos aperiam mollitia consequatur quia nam molestias.', 373.00, 'draft', 394, NULL, '2024-10-02 06:53:24', '2024-10-02 06:53:24', NULL),
	(393, 'Quam quaerat perspiciatis eveniet esse.', 'Alias et ullam voluptatem. Earum perferendis est deserunt. Aut qui nulla hic fugiat.', 672.00, 'draft', 395, NULL, '2024-10-02 06:53:24', '2024-10-02 06:53:24', NULL),
	(394, 'At est hic nam.', 'Quidem molestiae ut voluptatibus eaque qui. Et aspernatur assumenda officiis similique et atque. Omnis dolorem sit labore corrupti labore. Alias quo accusamus deleniti qui.', 342.00, 'draft', 396, NULL, '2024-10-02 06:53:24', '2024-10-02 06:53:24', NULL),
	(395, 'Consequuntur sunt quibusdam molestias ad nostrum dolores.', 'Debitis aut aliquam dolorem quo recusandae ut nihil eius. Repudiandae ut qui consectetur. Nesciunt ut velit et voluptate voluptatum molestiae delectus. Est quos sed at ea qui.', 866.00, 'draft', 397, NULL, '2024-10-02 06:53:24', '2024-10-02 06:53:24', NULL),
	(396, 'Ea repellendus voluptatem libero minima.', 'Aut et tempora fuga voluptatem accusantium assumenda animi. Non error maxime ut molestias consequuntur est. Et aut rerum inventore sint consequatur et id. Eius qui ut nostrum qui et velit.', 896.00, 'draft', 398, NULL, '2024-10-02 06:53:24', '2024-10-02 06:53:24', NULL),
	(397, 'Non aut sit sunt et.', 'Voluptates quas omnis id nulla et molestiae. Qui occaecati ut odio. Iusto mollitia porro sapiente cum qui quia. Atque cum deleniti ut dignissimos id laudantium.', 801.00, 'draft', 399, NULL, '2024-10-02 06:53:24', '2024-10-02 06:53:24', NULL),
	(398, 'Sed repudiandae asperiores veritatis sed.', 'Veniam dolorem aut omnis aperiam quia nihil dolores. Nihil quaerat quaerat placeat est qui et ex. Corrupti quibusdam eligendi quibusdam in aut.', 849.00, 'draft', 400, NULL, '2024-10-02 06:53:24', '2024-10-02 06:53:24', NULL),
	(399, 'Voluptatem voluptatem amet dolores totam.', 'Doloremque est error quia voluptates cumque eos. Placeat veritatis sit mollitia voluptatem sint voluptate. Officiis qui minima iste temporibus laudantium nesciunt repellendus.', 998.00, 'draft', 401, NULL, '2024-10-02 06:53:24', '2024-10-02 06:53:24', NULL),
	(400, 'Ipsa eveniet voluptas aut fugiat quasi assumenda consequatur.', 'Expedita et neque illo sed aliquam sint qui. Ut mollitia adipisci aliquid soluta beatae a. Omnis distinctio dolorem sit culpa.', 246.00, 'draft', 402, NULL, '2024-10-02 06:53:24', '2024-10-02 06:53:24', NULL),
	(401, 'Ea temporibus assumenda quia blanditiis.', 'Aut tenetur et iste laboriosam illo dolor. Enim et cupiditate reprehenderit illo harum magni inventore eos. Aut eos dolor veritatis pariatur quos optio. Aperiam quia repudiandae optio fuga pariatur velit.', 142.00, 'draft', 403, NULL, '2024-10-02 06:53:24', '2024-10-02 06:53:24', NULL),
	(402, 'Amet nam officiis voluptatem vero inventore quidem eum enim.', 'Inventore suscipit vel non aliquid. Commodi omnis commodi expedita hic cupiditate minima. Culpa cum animi et reprehenderit quis perspiciatis. Debitis et dicta iste facere atque perspiciatis.', 967.00, 'draft', 404, NULL, '2024-10-02 06:53:24', '2024-10-02 06:53:24', NULL),
	(403, 'Suscipit non est atque.', 'Sint et dolorum excepturi laborum est exercitationem. Quaerat voluptatem labore sunt. Magni repellendus et doloribus nemo.', 812.00, 'draft', 405, NULL, '2024-10-02 06:53:24', '2024-10-02 06:53:24', NULL),
	(404, 'Optio et qui aut.', 'Odit sunt in recusandae quia. Facilis animi ea neque. Id expedita blanditiis cumque distinctio eos. Accusantium labore sint qui a voluptas eius iusto.', 686.00, 'draft', 406, NULL, '2024-10-02 06:53:24', '2024-10-02 06:53:24', NULL),
	(405, 'Maxime expedita facilis illum et sapiente tenetur ducimus.', 'Ullam dolorem facere aut impedit amet ad. Non maxime occaecati officiis. Vel modi atque nemo sit. Placeat commodi veniam molestiae fugit.', 482.00, 'draft', 407, NULL, '2024-10-02 06:53:24', '2024-10-02 06:53:24', NULL),
	(406, 'Hic non eum expedita est.', 'Eligendi natus odit ex sint et. Sit ea eaque et. In ipsa saepe doloremque voluptate. In in enim aut sit.', 416.00, 'draft', 408, NULL, '2024-10-02 06:53:24', '2024-10-02 06:53:24', NULL),
	(407, 'Earum voluptatum ut architecto nemo similique ut qui qui.', 'Dolor est soluta ut non quasi mollitia nostrum odit. Quasi aut non ab laudantium earum vero aspernatur. Illo occaecati nemo est sunt eius.', 271.00, 'draft', 409, NULL, '2024-10-02 06:53:24', '2024-10-02 06:53:24', NULL),
	(408, 'Veniam hic eius omnis tempora.', 'Sapiente ut facere qui voluptas. Assumenda aspernatur est ad cum reprehenderit. Corporis repellat cum quia voluptatem reiciendis in optio.', 677.00, 'draft', 410, NULL, '2024-10-02 06:53:24', '2024-10-02 06:53:24', NULL),
	(409, 'Sint est aliquam quia quas enim eum soluta libero.', 'Harum labore dolor quo quam cupiditate aliquam. Eum natus ea aspernatur dolorem dolorem ut. Provident nesciunt vitae impedit eos et magni est. Ea cumque voluptatem quos et similique adipisci dolor.', 369.00, 'draft', 411, NULL, '2024-10-02 06:53:24', '2024-10-02 06:53:24', NULL),
	(410, 'Dicta ut dignissimos voluptatum animi eos rem.', 'Eligendi reiciendis natus placeat optio molestiae quia dolore culpa. Aliquid aut sit dolore aliquam. Eius molestiae rem et aperiam ex amet est quam. Aut sunt maxime repellat ipsa nulla natus.', 176.00, 'draft', 412, NULL, '2024-10-02 06:53:24', '2024-10-02 06:53:24', NULL),
	(411, 'Ipsa recusandae voluptates quia harum eum.', 'Deserunt ipsam quidem et facilis consequuntur minima. Voluptas velit aliquid qui quis. Sed dolor qui repudiandae et qui iure. Commodi et sequi rerum fuga fuga qui.', 623.00, 'draft', 413, NULL, '2024-10-02 06:53:24', '2024-10-02 06:53:24', NULL),
	(412, 'Repudiandae ex magni dolorem dolor magni.', 'Libero quia excepturi dolor natus alias eius. Consequatur repellendus illo harum cumque. Sed fugit in et facilis suscipit quisquam at ut.', 646.00, 'draft', 414, NULL, '2024-10-02 06:53:24', '2024-10-02 06:53:24', NULL),
	(413, 'Architecto quisquam autem qui repudiandae et.', 'Qui rem nam nesciunt aut sint. Ipsum vitae in maiores aliquam sint. Hic cumque tenetur quas. Hic molestiae iure distinctio officia quia.', 255.00, 'draft', 415, NULL, '2024-10-02 06:53:24', '2024-10-02 06:53:24', NULL),
	(414, 'Autem qui reiciendis est qui.', 'Ex nulla quia natus. Facere repellendus sint vel ea aut fuga. Labore voluptate qui reprehenderit id facere eligendi.', 501.00, 'draft', 416, NULL, '2024-10-02 06:53:24', '2024-10-02 06:53:24', NULL),
	(415, 'Voluptas doloribus dolores eum molestiae eligendi optio et neque.', 'Facere accusantium ad eveniet corporis nihil aut. Beatae qui necessitatibus placeat nisi delectus. Ipsum dolor quia ipsa autem.', 295.00, 'draft', 417, NULL, '2024-10-02 06:53:24', '2024-10-02 06:53:24', NULL),
	(416, 'Reiciendis quo voluptas cumque corrupti cupiditate velit quisquam.', 'Fugit qui modi enim est architecto. Error repudiandae quis voluptatibus cumque quasi eos. Nam ullam quaerat qui facilis velit nemo nisi est. Esse accusamus veritatis molestias.', 909.00, 'draft', 418, NULL, '2024-10-02 06:53:24', '2024-10-02 06:53:24', NULL),
	(417, 'Et eaque tempora et molestiae.', 'Cumque a est voluptas voluptatem optio in rerum. Maxime molestiae quidem recusandae voluptates omnis et eaque officiis. Non sint et sed non. Aut maiores ducimus rerum aut perspiciatis repellendus commodi minima.', 593.00, 'draft', 419, NULL, '2024-10-02 06:53:24', '2024-10-02 06:53:24', NULL),
	(418, 'Facilis aut dolor aut earum neque.', 'Error molestiae at enim quam quaerat aliquam voluptas. Ut vel illo qui et eos atque hic. Perspiciatis dolorem pariatur aperiam. Labore eum aut ducimus excepturi voluptas tempore.', 167.00, 'draft', 420, NULL, '2024-10-02 06:53:24', '2024-10-02 06:53:24', NULL),
	(419, 'Hic nisi aut corrupti eos pariatur.', 'Voluptas necessitatibus natus aut commodi nihil quod. Aut adipisci voluptate magni nostrum quasi voluptas aliquam. Ea vel maxime ipsum et officiis dolorum architecto. Consequuntur ea deleniti qui reiciendis nulla. Qui deleniti praesentium cupiditate consequatur.', 664.00, 'draft', 421, NULL, '2024-10-02 06:53:24', '2024-10-02 06:53:24', NULL),
	(420, 'Ipsam et dolor harum quae natus recusandae nam.', 'Libero autem est voluptates vel in nesciunt aut. Totam harum sit perspiciatis magni iusto. Commodi qui quod ea velit. Dicta velit culpa perspiciatis sed.', 242.00, 'draft', 422, NULL, '2024-10-02 06:53:24', '2024-10-02 06:53:24', NULL),
	(421, 'Id suscipit quod quibusdam veniam.', 'Fugiat inventore velit qui ipsam dicta. Magnam aut nihil adipisci distinctio esse non ipsum aut. Vero voluptas dolorem quia eius aut debitis fuga facilis. Nihil autem dolore voluptatem exercitationem aut aliquam ut.', 180.00, 'draft', 423, NULL, '2024-10-02 06:53:24', '2024-10-02 06:53:24', NULL),
	(422, 'Delectus molestias ea voluptatem vero quos cumque consectetur.', 'Temporibus dolorem exercitationem sed cum veritatis sapiente ea. Doloribus eius adipisci quis excepturi eligendi. Perspiciatis aperiam magni eum commodi quam consequatur eaque. Autem fugiat quia velit adipisci aperiam.', 666.00, 'draft', 424, NULL, '2024-10-02 06:53:24', '2024-10-02 06:53:24', NULL),
	(423, 'Enim culpa nesciunt et occaecati omnis porro.', 'Assumenda tempora nam totam. Voluptatibus similique commodi suscipit porro similique quia magni maxime.', 606.00, 'draft', 425, NULL, '2024-10-02 06:53:24', '2024-10-02 06:53:24', NULL),
	(424, 'Iusto sed architecto modi quia pariatur.', 'Impedit inventore reiciendis rerum. Repellat consectetur molestias beatae officiis ut. Non ducimus culpa praesentium fugit aut. Fugit et sapiente aut earum.', 846.00, 'draft', 426, NULL, '2024-10-02 06:53:24', '2024-10-02 06:53:24', NULL),
	(425, 'Non modi dolorem minima qui labore voluptatem.', 'Sit dolor sit facilis recusandae assumenda occaecati ut. Consectetur perferendis et rem omnis doloremque. Debitis necessitatibus ad a et.', 749.00, 'draft', 427, NULL, '2024-10-02 06:53:24', '2024-10-02 06:53:24', NULL),
	(426, 'Ea ut consequuntur dolore sed minima.', 'Expedita repellendus qui aut atque. Vitae inventore et vel qui dolorem nulla tenetur. Et magni numquam eum voluptatum architecto eaque voluptate. Enim cumque necessitatibus sit et ut iure.', 459.00, 'draft', 428, NULL, '2024-10-02 06:53:24', '2024-10-02 06:53:24', NULL),
	(427, 'Veritatis ut id omnis voluptas odio maxime.', 'Omnis magni temporibus sit quidem pariatur delectus. Placeat sunt minus dolores ut in. Est nihil et provident ex velit. Dolores laudantium ducimus quia odit voluptatum tenetur quidem.', 810.00, 'draft', 429, NULL, '2024-10-02 06:53:24', '2024-10-02 06:53:24', NULL),
	(428, 'Doloribus et non nostrum sint dolor occaecati.', 'Voluptatem necessitatibus velit magni quae nihil eveniet saepe. Non animi quod in et dolorem vitae. Consectetur voluptate sunt minus nihil numquam voluptates. Vel est aliquid id.', 373.00, 'draft', 430, NULL, '2024-10-02 06:53:24', '2024-10-02 06:53:24', NULL),
	(429, 'Omnis laboriosam similique mollitia placeat non.', 'Laboriosam ut id vero officia in et. Voluptatum sed numquam necessitatibus in ullam.', 407.00, 'draft', 431, NULL, '2024-10-02 06:53:24', '2024-10-02 06:53:24', NULL),
	(430, 'Nobis magni sint porro voluptas veritatis quo molestias rerum.', 'Fugiat omnis vel earum in. Sit voluptates tempora consequatur eveniet ut illum. Ut hic aliquam repellendus quae. Dolorem perspiciatis eos eos modi et dignissimos. Cumque ut sed nobis dignissimos.', 708.00, 'draft', 432, NULL, '2024-10-02 06:53:24', '2024-10-02 06:53:24', NULL),
	(431, 'Magni sit aliquid repellat doloribus fugit.', 'Neque ipsam velit minus mollitia. Dolorem hic consequatur aut qui. Expedita aut dolores facilis numquam aliquid vel.', 518.00, 'draft', 433, NULL, '2024-10-02 06:53:24', '2024-10-02 06:53:24', NULL),
	(432, 'Inventore possimus quae sunt eos maiores eum.', 'Voluptas ad voluptatem doloremque quam qui quidem officiis. Dolorem aut ipsum est architecto possimus in culpa. Enim vitae maiores saepe pariatur animi sint.', 695.00, 'draft', 434, NULL, '2024-10-02 06:53:24', '2024-10-02 06:53:24', NULL),
	(433, 'Sit sequi quisquam quia sint est architecto non.', 'Eos dicta expedita enim nihil. Voluptate et rerum esse inventore maxime voluptatum. Illo qui ea vero esse nam voluptatibus et. Accusantium ut impedit maiores exercitationem.', 161.00, 'draft', 435, NULL, '2024-10-02 06:53:24', '2024-10-02 06:53:24', NULL),
	(434, 'Incidunt quia beatae id ex rerum eum.', 'Qui provident illo at dignissimos. Quam sequi vero dolorem rerum. Harum et cum sit velit praesentium.', 984.00, 'draft', 436, NULL, '2024-10-02 06:53:24', '2024-10-02 06:53:24', NULL),
	(435, 'Saepe fuga voluptate id temporibus totam.', 'Quasi est est qui incidunt. Qui officia enim sed ea officiis. Nostrum enim laboriosam perspiciatis temporibus. Sed vero dolor exercitationem aut nesciunt.', 406.00, 'draft', 437, NULL, '2024-10-02 06:53:24', '2024-10-02 06:53:24', NULL),
	(436, 'Ipsum expedita placeat omnis fuga laborum aut labore.', 'Eaque necessitatibus debitis est et quae. Perspiciatis aliquam consequuntur ipsa cum omnis aspernatur quia. Porro et qui enim qui. Ea ullam sequi officia autem fugiat provident consequatur. Voluptatibus rem expedita rem nisi voluptatem est doloribus voluptas.', 265.00, 'draft', 438, NULL, '2024-10-02 06:53:24', '2024-10-02 06:53:24', NULL),
	(437, 'Accusamus totam dolores voluptas rerum vero dicta.', 'Repellat voluptatem quae ut vel. Rerum molestiae ullam vel dolores esse. Optio reprehenderit quisquam velit.', 111.00, 'draft', 439, NULL, '2024-10-02 06:53:24', '2024-10-02 06:53:24', NULL),
	(438, 'Quis tenetur sapiente iste ea illo.', 'Et deleniti omnis qui reiciendis reiciendis ipsum odio. Id ab exercitationem porro voluptas sequi. Ducimus aut rerum repellendus velit temporibus.', 959.00, 'draft', 440, NULL, '2024-10-02 06:53:24', '2024-10-02 06:53:24', NULL),
	(439, 'Suscipit reprehenderit non quas est ad.', 'Totam ut deserunt nostrum quo eligendi nobis ad. Beatae et expedita fugit ab. Excepturi qui sunt consequatur provident vel nostrum labore quam.', 601.00, 'draft', 441, NULL, '2024-10-02 06:53:24', '2024-10-02 06:53:24', NULL),
	(440, 'Earum dolor est sequi architecto molestiae corporis eos.', 'A et sint fugit repellat. Deserunt corporis impedit est perspiciatis rerum quis. Earum asperiores quos itaque impedit officia libero sunt. Accusamus quia sed id voluptates ullam laborum eum. Ullam voluptas quas cumque perspiciatis ea.', 353.00, 'draft', 442, NULL, '2024-10-02 06:53:24', '2024-10-02 06:53:24', NULL),
	(441, 'Asperiores voluptatem quia odio illo voluptatem quasi.', 'Quia in id voluptatem recusandae ut molestias. Et sit optio excepturi.', 353.00, 'draft', 443, NULL, '2024-10-02 06:53:24', '2024-10-02 06:53:24', NULL),
	(442, 'Eligendi dolorem qui praesentium possimus.', 'Enim voluptatem enim perferendis illo laboriosam porro voluptas. Quia labore iusto id est quisquam. Aut consequatur dolores corporis ad et voluptatem rerum. Eos rerum non odit veritatis amet voluptas. Tempora illum explicabo delectus qui libero.', 739.00, 'draft', 444, NULL, '2024-10-02 06:53:24', '2024-10-02 06:53:24', NULL),
	(443, 'Deserunt voluptatem voluptas quos.', 'Dicta autem sequi asperiores possimus earum nam dolorem. Omnis et porro cumque quis sit quae. Quibusdam esse et dolorem qui. Qui officiis qui rerum numquam ut nihil.', 735.00, 'draft', 445, NULL, '2024-10-02 06:53:24', '2024-10-02 06:53:24', NULL),
	(444, 'Fuga eum natus quibusdam minima et dicta.', 'Officia totam assumenda et. Explicabo minus atque consequatur cupiditate qui aspernatur. Rerum ea minima suscipit non tempore est eos. Alias molestias accusantium et.', 763.00, 'draft', 446, NULL, '2024-10-02 06:53:24', '2024-10-02 06:53:24', NULL),
	(445, 'Voluptatem voluptatum ut non sit iure in.', 'Quo quo qui quibusdam maxime voluptas. Aspernatur illum quo beatae et ut. Quis quia facere est ullam voluptas inventore.', 292.00, 'draft', 447, NULL, '2024-10-02 06:53:24', '2024-10-02 06:53:24', NULL),
	(446, 'Aperiam nulla doloribus voluptas necessitatibus est architecto.', 'Sunt blanditiis dolores facilis quasi. Impedit est odit et perspiciatis voluptates expedita. Minima quidem officiis molestiae at sint qui quia libero. Quis ipsum error aliquid sint dolores ratione.', 618.00, 'draft', 448, NULL, '2024-10-02 06:53:24', '2024-10-02 06:53:24', NULL),
	(447, 'Beatae aut sit excepturi accusantium maxime.', 'Reprehenderit accusamus natus accusantium animi iure magnam repudiandae nulla. Omnis consequatur quis nihil autem incidunt. Mollitia quas earum distinctio.', 353.00, 'draft', 449, NULL, '2024-10-02 06:53:24', '2024-10-02 06:53:24', NULL),
	(448, 'Natus totam maiores eos eaque.', 'Eum autem ullam vitae est. Sapiente ratione exercitationem ut nulla omnis. Qui qui nemo est veritatis illo omnis voluptatem veniam. Ipsam suscipit id enim et et velit reprehenderit.', 295.00, 'draft', 450, NULL, '2024-10-02 06:53:24', '2024-10-02 06:53:24', NULL),
	(449, 'Rerum illo molestiae reprehenderit est recusandae nam.', 'Nemo delectus officia beatae corporis reprehenderit iure. Vero quas enim quia sit incidunt. Autem dolor non qui numquam et delectus. Sapiente recusandae nihil vel similique sit.', 205.00, 'draft', 451, NULL, '2024-10-02 06:53:24', '2024-10-02 06:53:24', NULL),
	(450, 'Consequatur repellat et aut accusamus molestias fugit.', 'Quasi animi provident officiis explicabo. Unde quis nisi maiores non atque laborum consequatur. Illo et excepturi veniam fugit tempore sed veritatis possimus. Quo nemo ut quam mollitia.', 413.00, 'draft', 452, NULL, '2024-10-02 06:53:24', '2024-10-02 06:53:24', NULL),
	(451, 'Debitis aliquid similique laborum incidunt aperiam.', 'Suscipit minima voluptates quas nemo. Non omnis repellat facilis asperiores consequatur est. Qui rerum eos error et pariatur aut. Sapiente mollitia laudantium necessitatibus delectus ducimus sit.', 238.00, 'draft', 453, NULL, '2024-10-02 06:53:24', '2024-10-02 06:53:24', NULL),
	(452, 'Itaque fugiat reprehenderit perspiciatis voluptatem cumque in vel.', 'Quia non voluptatem et dolorum et autem rerum omnis. Enim sit dolor sunt ut eum aut. Est deleniti et quam eveniet qui tempore ipsam. Et ut ad quod sunt asperiores consequatur odit.', 928.00, 'draft', 454, NULL, '2024-10-02 06:53:24', '2024-10-02 06:53:24', NULL),
	(453, 'Odio commodi necessitatibus aperiam in culpa.', 'Velit ipsum voluptatem molestiae. Architecto alias illum omnis ipsa aliquam dolore voluptates. Voluptas et nobis doloribus saepe minus voluptatibus.', 178.00, 'draft', 455, NULL, '2024-10-02 06:53:24', '2024-10-02 06:53:24', NULL),
	(454, 'Rerum non autem voluptas ratione est exercitationem sit.', 'Adipisci ducimus odit quasi vero. Tenetur et sequi consectetur sit in libero. Ullam praesentium voluptatibus nobis eum beatae. Temporibus in totam odio ut.', 767.00, 'draft', 456, NULL, '2024-10-02 06:53:24', '2024-10-02 06:53:24', NULL),
	(455, 'Nulla pariatur nihil deleniti veniam rem aliquam.', 'Nulla explicabo sapiente sed sint corrupti a. Porro dolores libero dolores animi dolores et. Rem ipsa aut magni atque. Occaecati earum commodi quia veritatis.', 483.00, 'draft', 457, NULL, '2024-10-02 06:53:24', '2024-10-02 06:53:24', NULL),
	(456, 'Et quia et autem et ut voluptas quisquam.', 'Voluptates consequatur omnis quo quas fuga suscipit voluptate. Animi ducimus non similique et iste consequatur accusamus. Veritatis exercitationem enim omnis velit similique illum.', 888.00, 'draft', 458, NULL, '2024-10-02 06:53:24', '2024-10-02 06:53:24', NULL),
	(457, 'Autem voluptatem culpa assumenda necessitatibus in dignissimos soluta.', 'Odio dolores iste alias eum et. Libero quasi delectus quasi quam qui voluptatem. Ut ab deleniti sit tempora. Sint hic qui repudiandae velit ad eveniet.', 827.00, 'draft', 459, NULL, '2024-10-02 06:53:24', '2024-10-02 06:53:24', NULL),
	(458, 'Consequuntur reiciendis deleniti occaecati in minima.', 'Natus tempora quia unde nemo. Et quis dolores repudiandae enim et iusto harum. Vel nihil ullam suscipit molestiae id tempora.', 677.00, 'draft', 460, NULL, '2024-10-02 06:53:24', '2024-10-02 06:53:24', NULL),
	(459, 'Reprehenderit ipsa unde quos vel et doloremque sed aperiam.', 'Fugiat vitae molestias eos impedit voluptas atque quos qui. Aperiam fugiat ullam debitis et temporibus ea quibusdam. Esse suscipit provident inventore qui commodi. Voluptas consectetur voluptatem qui laudantium.', 645.00, 'draft', 461, NULL, '2024-10-02 06:53:24', '2024-10-02 06:53:24', NULL),
	(460, 'Eum repellat saepe exercitationem est id voluptas.', 'Asperiores magni ut tenetur natus molestias expedita. Rerum rerum optio nihil non optio nulla. Veritatis consequatur sit ad voluptatem et.', 247.00, 'draft', 462, NULL, '2024-10-02 06:53:24', '2024-10-02 06:53:24', NULL),
	(461, 'Ipsam sed reprehenderit sed blanditiis autem.', 'Non non provident modi ratione pariatur. Sequi commodi impedit fuga id sit voluptas nobis. Velit id voluptas ad molestias sit qui consectetur.', 674.00, 'draft', 463, NULL, '2024-10-02 06:53:24', '2024-10-02 06:53:24', NULL),
	(462, 'Esse assumenda sed aliquam.', 'Consequuntur autem alias eum voluptas. Optio id itaque sit excepturi magnam. Eaque assumenda placeat veniam qui id doloribus.', 748.00, 'draft', 464, NULL, '2024-10-02 06:53:24', '2024-10-02 06:53:24', NULL),
	(463, 'Molestiae atque itaque expedita.', 'Aut tempora est est nam laboriosam. Dolorem consequatur neque est quos in corrupti laborum. Quas molestias sunt itaque quis. Aut quisquam sed exercitationem ex.', 219.00, 'draft', 465, NULL, '2024-10-02 06:53:24', '2024-10-02 06:53:24', NULL),
	(464, 'Neque non ut sit corrupti id.', 'Architecto velit dolore maxime sint et voluptatum aliquid. Vitae voluptas velit quidem velit beatae quia. Aut ab veniam possimus odit.', 228.00, 'draft', 466, NULL, '2024-10-02 06:53:24', '2024-10-02 06:53:24', NULL),
	(465, 'Iste et ex odit totam saepe repudiandae.', 'Quisquam odio eaque illum non. Dolorum officia quidem voluptas dolore. Ut voluptates quibusdam saepe eos. Et aut ut quas omnis rerum ducimus. Non vel et deserunt cumque beatae natus.', 952.00, 'draft', 467, NULL, '2024-10-02 06:53:24', '2024-10-02 06:53:24', NULL),
	(466, 'Ipsa deserunt ut fuga et vel modi molestiae.', 'Enim reiciendis libero aut. Harum dolores repellat voluptatem et facere dignissimos rem. Quia eum voluptates ut totam quam officia.', 245.00, 'draft', 468, NULL, '2024-10-02 06:53:24', '2024-10-02 06:53:24', NULL),
	(467, 'Animi quo vel voluptas.', 'Recusandae officia et et et vel aut sed nihil. Voluptatem vero quo consequatur ratione fugiat et dignissimos ex. Voluptatibus rem voluptatem illo et. Perferendis quo quas ut autem enim autem nihil.', 415.00, 'draft', 469, NULL, '2024-10-02 06:53:24', '2024-10-02 06:53:24', NULL),
	(468, 'Aut et quasi et facilis quo quae voluptas.', 'Non qui quibusdam a iure laboriosam et voluptatem. Molestiae nam impedit quaerat ab dolore sint iste. Corporis eaque maxime aliquid atque. Quibusdam eos dolores recusandae expedita rerum et consectetur.', 867.00, 'draft', 470, NULL, '2024-10-02 06:53:24', '2024-10-02 06:53:24', NULL),
	(469, 'At sunt qui iure non explicabo eligendi.', 'Quos magni sequi adipisci. Nihil aut beatae officiis quia.', 853.00, 'draft', 471, NULL, '2024-10-02 06:53:24', '2024-10-02 06:53:24', NULL),
	(470, 'Dolorem animi aut et.', 'Ipsa nulla vero dolore ex deleniti blanditiis necessitatibus. Adipisci saepe est accusamus ab. Ab corrupti eius voluptas sit est et rerum.', 764.00, 'draft', 472, NULL, '2024-10-02 06:53:24', '2024-10-02 06:53:24', NULL),
	(471, 'Sint fuga iste ut sed nostrum pariatur.', 'Est et neque deleniti ut. Quia est ea iure voluptates illo quisquam quasi. Voluptatem fugiat voluptatem esse doloribus nihil sint. Quidem animi suscipit omnis modi et animi.', 579.00, 'draft', 473, NULL, '2024-10-02 06:53:24', '2024-10-02 06:53:24', NULL),
	(472, 'Ipsum voluptatem omnis est quisquam quo non consequuntur.', 'Est nesciunt repudiandae et dolor voluptatibus. Ut velit accusamus ipsum quia eius rerum et. Ipsum quibusdam voluptas distinctio et. Minus deleniti animi sunt similique aut temporibus corrupti.', 155.00, 'draft', 474, NULL, '2024-10-02 06:53:24', '2024-10-02 06:53:24', NULL),
	(473, 'Dolore nobis sit autem maiores cupiditate sint est.', 'Quisquam dolores sit aut et non nihil officia. Esse ut ea ratione possimus quaerat. Numquam non error maxime voluptate possimus commodi.', 273.00, 'draft', 475, NULL, '2024-10-02 06:53:24', '2024-10-02 06:53:24', NULL),
	(474, 'Voluptas iusto molestias omnis impedit.', 'Perferendis omnis ut qui quasi velit et sed. Dolores illo sed commodi et aut tenetur nisi. Quis dolorum est reprehenderit iure.', 405.00, 'draft', 476, NULL, '2024-10-02 06:53:24', '2024-10-02 06:53:24', NULL),
	(475, 'Ex nesciunt nemo architecto incidunt aut aut accusamus et.', 'Perspiciatis quis vel vero. At neque enim aut et. Nostrum cupiditate odio laborum eaque earum. Nam beatae cum et provident. Veniam magni aut nam quos.', 152.00, 'draft', 477, NULL, '2024-10-02 06:53:24', '2024-10-02 06:53:24', NULL),
	(476, 'Error temporibus dolorem atque aut facilis voluptate dignissimos delectus.', 'Sit eius voluptatem temporibus repellat. Est nobis iusto facere est quis aut quae. Ipsa et quia corrupti earum error nihil sit.', 811.00, 'draft', 478, NULL, '2024-10-02 06:53:24', '2024-10-02 06:53:24', NULL),
	(477, 'Rerum ad sunt minus aut.', 'Aut totam provident necessitatibus reiciendis qui minima provident eos. Distinctio qui voluptas atque pariatur. Sapiente atque et aspernatur aliquam ipsa quia.', 251.00, 'draft', 479, NULL, '2024-10-02 06:53:24', '2024-10-02 06:53:24', NULL),
	(478, 'Non aliquid ducimus molestiae vel sit officia rem.', 'Sunt enim modi quo. Sed quo esse nesciunt est laudantium et autem. Molestiae quia consequatur harum. Exercitationem laborum ut ipsa recusandae eos natus.', 114.00, 'draft', 480, NULL, '2024-10-02 06:53:24', '2024-10-02 06:53:24', NULL),
	(479, 'Facere vero unde dolorum et.', 'Id qui consectetur blanditiis facilis et. Sed aut voluptas ex sit. Veniam consequuntur nostrum debitis repellat non veritatis consequatur. Optio adipisci maxime ducimus nihil quisquam.', 490.00, 'draft', 481, NULL, '2024-10-02 06:53:24', '2024-10-02 06:53:24', NULL),
	(480, 'Molestias modi quaerat vitae ex consequatur libero.', 'Debitis iusto libero animi ullam dolore quibusdam. Natus sapiente vero et aliquid praesentium eum cum. Dolores quia fugiat eos quo dolore rerum.', 383.00, 'draft', 482, NULL, '2024-10-02 06:53:24', '2024-10-02 06:53:24', NULL),
	(481, 'Voluptas doloremque voluptate dolorem quis.', 'Corporis alias ut cum. Quas autem facere omnis minus ipsa nihil. Quis qui quos aut quia placeat. Fugiat illo nobis quos ut.', 893.00, 'draft', 483, NULL, '2024-10-02 06:53:24', '2024-10-02 06:53:24', NULL),
	(482, 'Dolores velit deserunt cum excepturi sint dolorum non.', 'Amet voluptatum quaerat et architecto veritatis. Vel nemo et excepturi a sed perferendis et. Qui voluptatem dolorem voluptatum molestiae sit minima.', 373.00, 'draft', 484, NULL, '2024-10-02 06:53:24', '2024-10-02 06:53:24', NULL),
	(483, 'Similique esse in maxime.', 'Necessitatibus assumenda beatae tenetur animi odio minus adipisci. Fugit tenetur incidunt ut ratione velit numquam.', 144.00, 'draft', 485, NULL, '2024-10-02 06:53:24', '2024-10-02 06:53:24', NULL),
	(484, 'Consequatur beatae et eveniet molestias provident et minus provident.', 'Iusto maxime similique quo ullam sunt. Sed iste et ad id. Repellendus a similique dolores fugiat ut vel voluptatem quaerat.', 925.00, 'draft', 486, NULL, '2024-10-02 06:53:24', '2024-10-02 06:53:24', NULL),
	(485, 'Sunt aut nam molestiae occaecati.', 'Est rerum odit maiores quos tempore. Pariatur autem sed et praesentium in delectus. Qui beatae natus aperiam.', 682.00, 'draft', 487, NULL, '2024-10-02 06:53:24', '2024-10-02 06:53:24', NULL),
	(486, 'Vel nihil consectetur consequatur maiores consequatur.', 'Ducimus rerum accusantium praesentium voluptatem et cupiditate. Quo provident accusamus vitae eos rem qui ullam. In animi quia quo sunt voluptatum. Illum ducimus nulla quae.', 669.00, 'draft', 488, NULL, '2024-10-02 06:53:24', '2024-10-02 06:53:24', NULL),
	(487, 'Totam illum nam vero fugiat et itaque quia cum.', 'Earum optio et delectus aut est enim. Dolores illum quo ad. Voluptas hic ullam excepturi est quo id tempore qui.', 104.00, 'draft', 489, NULL, '2024-10-02 06:53:24', '2024-10-02 06:53:24', NULL),
	(488, 'Officia iste sint deserunt possimus dignissimos vero.', 'Porro quia et pariatur. Repudiandae deleniti rerum error aut harum quidem eius. Possimus expedita eos commodi aut velit.', 843.00, 'draft', 490, NULL, '2024-10-02 06:53:24', '2024-10-02 06:53:24', NULL),
	(489, 'Sequi dolor enim nemo nihil officiis omnis.', 'Vel id qui nam laudantium qui dolor. Inventore dicta consectetur nam recusandae aperiam id. Vel magni at quia non voluptatem repudiandae.', 827.00, 'draft', 491, NULL, '2024-10-02 06:53:24', '2024-10-02 06:53:24', NULL),
	(490, 'Esse non quasi accusamus.', 'Eveniet debitis perspiciatis officiis eligendi. Doloremque voluptatem vero in quae. Modi facere dicta eveniet dicta dolorum. Voluptatum eos et est quisquam ullam eos illo.', 749.00, 'draft', 492, NULL, '2024-10-02 06:53:24', '2024-10-02 06:53:24', NULL),
	(491, 'Eligendi est iste aut suscipit repellendus aspernatur.', 'Explicabo perspiciatis id sequi velit beatae. Sunt modi voluptatum velit illum voluptatem. Suscipit illum omnis nostrum ut sint. Officiis sunt beatae culpa voluptatem aut exercitationem. Officiis ullam accusamus magnam occaecati mollitia praesentium enim placeat.', 239.00, 'draft', 493, NULL, '2024-10-02 06:53:24', '2024-10-02 06:53:24', NULL),
	(492, 'Animi nesciunt illo et odio voluptatem velit.', 'Qui laboriosam quam repudiandae sed aut ut. Eum itaque nam voluptates aut et labore sint. Nesciunt enim enim dolor id amet velit natus.', 234.00, 'draft', 494, NULL, '2024-10-02 06:53:24', '2024-10-02 06:53:24', NULL),
	(493, 'Cupiditate eaque delectus perferendis dolor sit ducimus doloribus.', 'Odit voluptatem modi est eligendi. Error modi ut ullam iste est est. Dolor aut est aspernatur est est.', 650.00, 'draft', 495, NULL, '2024-10-02 06:53:24', '2024-10-02 06:53:24', NULL),
	(494, 'Quis voluptatem totam qui et sint.', 'Officia asperiores alias explicabo a officiis voluptatem. Et rerum voluptatem officia dolor excepturi id sint. Ipsam at numquam perspiciatis quia. Voluptatem eaque voluptatum laudantium quisquam doloribus accusantium. Voluptate id ut animi veritatis.', 116.00, 'draft', 496, NULL, '2024-10-02 06:53:24', '2024-10-02 06:53:24', NULL),
	(495, 'Mollitia quidem mollitia quis placeat veritatis nemo ut quia.', 'Ea quasi rerum voluptatibus facere et aut. Doloremque rem molestiae quam dignissimos temporibus. Veritatis modi rerum aut ut eum.', 998.00, 'draft', 497, NULL, '2024-10-02 06:53:24', '2024-10-02 06:53:24', NULL),
	(496, 'In perspiciatis suscipit ipsum.', 'Placeat quibusdam facere exercitationem ad beatae. Delectus sed eligendi temporibus dolorum aut ea. Sapiente quis cupiditate dolor eos quam tempore vitae. Maiores repellendus molestias provident officia et.', 962.00, 'draft', 498, NULL, '2024-10-02 06:53:24', '2024-10-02 06:53:24', NULL),
	(497, 'Officiis modi magnam ipsam sequi dolor.', 'Veniam aliquid iste qui soluta. Iste eveniet saepe est accusamus doloremque. Quam et optio possimus nam.', 163.00, 'draft', 499, NULL, '2024-10-02 06:53:24', '2024-10-02 06:53:24', NULL),
	(498, 'Nulla eum rerum ex quod odio omnis est sit.', 'Consequuntur voluptas est iure et eligendi cum. Tempore qui voluptas aliquid illo quos architecto necessitatibus totam. Doloribus sunt perferendis accusantium dignissimos commodi et. Ut unde placeat neque.', 506.00, 'draft', 500, NULL, '2024-10-02 06:53:24', '2024-10-02 06:53:24', NULL),
	(499, 'Cumque soluta velit quae illum similique recusandae.', 'Ut repellendus sed quo doloremque facilis nihil eaque. Autem non unde illum iste quibusdam qui. Exercitationem qui expedita laborum est.', 473.00, 'draft', 501, NULL, '2024-10-02 06:53:24', '2024-10-02 06:53:24', NULL),
	(500, 'Ut deserunt incidunt molestias tempora consequatur.', 'Dicta in quos blanditiis omnis. Quia quia velit aut maiores aliquam consequatur. Labore fugit expedita aut aspernatur quo.', 592.00, 'draft', 502, NULL, '2024-10-02 06:53:24', '2024-10-02 06:53:24', NULL),
	(501, 'Sed et amet ab impedit earum qui officiis quasi.', 'Nesciunt dolorem explicabo enim voluptatibus. Earum consectetur praesentium non tempora quia.', 254.00, 'draft', 503, NULL, '2024-10-02 06:53:24', '2024-10-02 06:53:24', NULL),
	(502, 'Corporis magni odio facere fugit ex et odio.', 'Cupiditate quasi blanditiis sed accusantium ut inventore nulla odio. Quaerat est quis optio vel.', 155.00, 'draft', 504, NULL, '2024-10-02 06:53:24', '2024-10-02 06:53:24', NULL),
	(503, 'Aut dolor nemo nobis fugit.', 'Sit voluptate corrupti et. Quis consequatur atque laudantium assumenda. Recusandae quasi dolor assumenda qui fugit vel. Quaerat ipsa officia est earum qui aliquam nihil. Ipsam pariatur modi inventore illum.', 895.00, 'draft', 505, NULL, '2024-10-02 06:53:24', '2024-10-02 06:53:24', NULL),
	(504, 'Modi porro eveniet quos quia.', 'Nulla eos ut qui animi corporis et voluptatibus. Sapiente quo corporis quis optio aut eos eius esse. Tempore illum tempore nihil culpa mollitia deleniti consequatur.', 787.00, 'draft', 506, NULL, '2024-10-02 06:53:24', '2024-10-02 06:53:24', NULL),
	(505, 'Laborum accusantium veniam assumenda et dolor.', 'Est maxime nihil delectus ipsam quia quia qui. Eos veritatis qui eum quibusdam. Quidem blanditiis qui nostrum aspernatur vel aut.', 364.00, 'draft', 507, NULL, '2024-10-02 06:53:24', '2024-10-02 06:53:24', NULL),
	(506, 'Nihil dolorem omnis voluptas quia.', 'Ab autem praesentium eum ad voluptas eveniet adipisci. Mollitia cum labore facere illo soluta placeat. Optio iure mollitia eos et.', 491.00, 'draft', 508, NULL, '2024-10-02 06:53:24', '2024-10-02 06:53:24', NULL),
	(507, 'Qui quasi aspernatur hic similique.', 'Fugiat quas dolores in in voluptas tempora omnis quod. Optio at rerum quasi unde.', 563.00, 'draft', 509, NULL, '2024-10-02 06:53:24', '2024-10-02 06:53:24', NULL),
	(508, 'Omnis necessitatibus qui porro perspiciatis asperiores.', 'Dolorem et officiis sit quisquam. Quas et molestiae est quia esse reprehenderit et. Rerum voluptatem doloribus earum amet beatae corporis pariatur.', 963.00, 'draft', 510, NULL, '2024-10-02 06:53:24', '2024-10-02 06:53:24', NULL),
	(509, 'Delectus cupiditate earum dolore ex distinctio.', 'Quod at aut qui dicta a quod nulla hic. Quae rerum maiores quos iusto. Sit officia accusamus libero in a sint.', 883.00, 'draft', 511, NULL, '2024-10-02 06:53:24', '2024-10-02 06:53:24', NULL),
	(510, 'Exercitationem voluptatem maiores incidunt molestiae id.', 'Consequatur doloribus blanditiis nam ipsa eaque laboriosam vitae. Animi doloremque earum tempora. Repellat tempora inventore fugiat quo commodi est. Unde dolores sit temporibus est porro ex architecto aliquam. Dolor non enim error.', 661.00, 'draft', 512, NULL, '2024-10-02 06:53:24', '2024-10-02 06:53:24', NULL),
	(511, '    ', 'Test description', 905.00, 'draft', 1, NULL, '2024-10-06 06:54:47', '2024-10-06 06:54:47', NULL),
	(512, '   ', 'Test description', 155.00, 'draft', 1, NULL, '2024-10-06 06:54:47', '2024-10-06 06:54:47', NULL),
	(513, '   ', 'Test description', 611.00, 'draft', 1, NULL, '2024-10-06 06:54:47', '2024-10-06 06:54:47', NULL),
	(514, '    ', 'Test description', 905.00, 'draft', 1, NULL, '2024-10-06 07:23:01', '2024-10-06 07:23:01', NULL),
	(515, '   ', 'Test description', 155.00, 'draft', 1, NULL, '2024-10-06 07:23:01', '2024-10-06 07:23:01', NULL),
	(516, '   ', 'Test description', 611.00, 'draft', 1, NULL, '2024-10-06 07:23:01', '2024-10-06 07:23:01', NULL),
	(517, '    ', 'Test description', 905.00, 'draft', 1, NULL, '2024-10-07 00:15:05', '2024-10-07 00:15:05', NULL),
	(518, '   ', 'Test description', 155.00, 'draft', 1, NULL, '2024-10-07 00:15:06', '2024-10-07 00:15:06', NULL),
	(519, '   ', 'Test description', 611.00, 'draft', 1, NULL, '2024-10-07 00:15:06', '2024-10-07 00:15:06', NULL),
	(521, '    ', 'Test description', 905.00, 'draft', 1, NULL, '2024-10-07 00:26:36', '2024-10-07 00:26:36', NULL),
	(522, '   ', 'Test description', 155.00, 'draft', 1, NULL, '2024-10-07 00:26:37', '2024-10-07 00:26:37', NULL),
	(523, '   ', 'Test description', 611.00, 'draft', 1, NULL, '2024-10-07 00:26:37', '2024-10-07 00:26:37', NULL),
	(524, '    ', 'Test description', 905.00, 'draft', 1, NULL, '2024-10-07 00:33:16', '2024-10-07 00:33:16', NULL),
	(525, '   ', 'Test description', 155.00, 'draft', 1, NULL, '2024-10-07 00:33:16', '2024-10-07 00:33:16', NULL),
	(526, '   ', 'Test description', 611.00, 'draft', 1, NULL, '2024-10-07 00:33:16', '2024-10-07 00:33:16', NULL),
	(529, '    ', 'Test description', 905.00, 'draft', 1, NULL, '2024-10-07 00:48:03', '2024-10-07 00:48:03', NULL),
	(530, '   ', 'Test description', 155.00, 'draft', 1, NULL, '2024-10-07 00:48:03', '2024-10-07 00:48:03', NULL),
	(531, '   ', 'Test description', 611.00, 'draft', 1, NULL, '2024-10-07 00:48:03', '2024-10-07 00:48:03', NULL),
	(534, '    ', 'Test description', 905.00, 'draft', 1, NULL, '2024-10-07 00:51:25', '2024-10-07 00:51:25', NULL),
	(535, '   ', 'Test description', 155.00, 'draft', 1, NULL, '2024-10-07 00:51:25', '2024-10-07 00:51:25', NULL),
	(536, '   ', 'Test description', 611.00, 'draft', 1, NULL, '2024-10-07 00:51:25', '2024-10-07 00:51:25', NULL),
	(537, '    ', 'Test description', 905.00, 'draft', 1, NULL, '2024-10-07 00:53:02', '2024-10-07 00:53:02', NULL),
	(538, '   ', 'Test description', 155.00, 'draft', 1, NULL, '2024-10-07 00:53:02', '2024-10-07 00:53:02', NULL),
	(539, '   ', 'Test description', 611.00, 'draft', 1, NULL, '2024-10-07 00:53:02', '2024-10-07 00:53:02', NULL),
	(540, '    ', 'Test description', 905.00, 'draft', 1, NULL, '2024-10-07 01:08:45', '2024-10-07 01:08:45', NULL),
	(541, '   ', 'Test description', 155.00, 'draft', 1, NULL, '2024-10-07 01:08:45', '2024-10-07 01:08:45', NULL),
	(542, '   ', 'Test description', 611.00, 'draft', 1, NULL, '2024-10-07 01:08:45', '2024-10-07 01:08:45', NULL),
	(543, '    ', 'Test description', 905.00, 'draft', 1, NULL, '2024-10-07 01:10:25', '2024-10-07 01:10:25', NULL),
	(544, '   ', 'Test description', 155.00, 'draft', 1, NULL, '2024-10-07 01:10:25', '2024-10-07 01:10:25', NULL),
	(545, '   ', 'Test description', 611.00, 'draft', 1, NULL, '2024-10-07 01:10:25', '2024-10-07 01:10:25', NULL),
	(546, '    ', 'Test description', 905.00, 'draft', 1, NULL, '2024-10-07 01:35:46', '2024-10-07 01:35:46', NULL),
	(547, '   ', 'Test description', 155.00, 'draft', 1, NULL, '2024-10-07 01:35:46', '2024-10-07 01:35:46', NULL),
	(548, '   ', 'Test description', 611.00, 'draft', 1, NULL, '2024-10-07 01:35:46', '2024-10-07 01:35:46', NULL),
	(553, '    ', 'Test description', 905.00, 'draft', 1, NULL, '2024-10-07 02:25:41', '2024-10-07 02:25:41', NULL),
	(554, '   ', 'Test description', 155.00, 'draft', 1, NULL, '2024-10-07 02:25:42', '2024-10-07 02:25:42', NULL),
	(555, '   ', 'Test description', 611.00, 'draft', 1, NULL, '2024-10-07 02:25:42', '2024-10-07 02:25:42', NULL),
	(556, '    ', 'Test description', 905.00, 'draft', 1, NULL, '2024-10-07 02:34:29', '2024-10-07 02:34:29', NULL),
	(557, '   ', 'Test description', 155.00, 'draft', 1, NULL, '2024-10-07 02:34:30', '2024-10-07 02:34:30', NULL),
	(558, '   ', 'Test description', 611.00, 'draft', 1, NULL, '2024-10-07 02:34:30', '2024-10-07 02:34:30', NULL),
	(559, '    ', 'Test description', 905.00, 'draft', 1, NULL, '2024-10-07 02:38:37', '2024-10-07 02:38:37', NULL),
	(560, '   ', 'Test description', 155.00, 'draft', 1, NULL, '2024-10-07 02:38:37', '2024-10-07 02:38:37', NULL),
	(561, '   ', 'Test description', 611.00, 'draft', 1, NULL, '2024-10-07 02:38:37', '2024-10-07 02:38:37', NULL),
	(564, 'User Activity Logs update', 'Hello', 100.00, 'draft', 1, NULL, '2024-10-07 05:22:15', '2024-10-07 05:56:39', NULL);

-- Dumping structure for table isp_management.password_reset_tokens
CREATE TABLE IF NOT EXISTS `password_reset_tokens` (
  `email` varchar(255) COLLATE utf8mb4_unicode_ci NOT NULL,
  `token` varchar(255) COLLATE utf8mb4_unicode_ci NOT NULL,
  `created_at` timestamp NULL DEFAULT NULL,
  PRIMARY KEY (`email`)
) ENGINE=InnoDB DEFAULT CHARSET=utf8mb4 COLLATE=utf8mb4_unicode_ci;

-- Dumping data for table isp_management.password_reset_tokens: ~0 rows (approximately)

-- Dumping structure for table isp_management.personal_access_tokens
CREATE TABLE IF NOT EXISTS `personal_access_tokens` (
  `id` bigint unsigned NOT NULL AUTO_INCREMENT,
  `tokenable_type` varchar(255) COLLATE utf8mb4_unicode_ci NOT NULL,
  `tokenable_id` bigint unsigned NOT NULL,
  `name` varchar(255) COLLATE utf8mb4_unicode_ci NOT NULL,
  `token` varchar(64) COLLATE utf8mb4_unicode_ci NOT NULL,
  `abilities` text COLLATE utf8mb4_unicode_ci,
  `last_used_at` timestamp NULL DEFAULT NULL,
  `expires_at` timestamp NULL DEFAULT NULL,
  `created_at` timestamp NULL DEFAULT NULL,
  `updated_at` timestamp NULL DEFAULT NULL,
  PRIMARY KEY (`id`),
  UNIQUE KEY `personal_access_tokens_token_unique` (`token`),
  KEY `personal_access_tokens_tokenable_type_tokenable_id_index` (`tokenable_type`,`tokenable_id`)
) ENGINE=InnoDB DEFAULT CHARSET=utf8mb4 COLLATE=utf8mb4_unicode_ci;

-- Dumping data for table isp_management.personal_access_tokens: ~0 rows (approximately)

-- Dumping structure for table isp_management.users
CREATE TABLE IF NOT EXISTS `users` (
  `id` bigint unsigned NOT NULL AUTO_INCREMENT,
  `name` varchar(255) COLLATE utf8mb4_unicode_ci NOT NULL,
  `email` varchar(255) COLLATE utf8mb4_unicode_ci NOT NULL,
  `email_verified_at` timestamp NULL DEFAULT NULL,
  `password` varchar(255) COLLATE utf8mb4_unicode_ci NOT NULL,
  `role` varchar(255) COLLATE utf8mb4_unicode_ci NOT NULL DEFAULT 'user',
  `remember_token` varchar(100) COLLATE utf8mb4_unicode_ci DEFAULT NULL,
  `created_at` timestamp NULL DEFAULT NULL,
  `updated_at` timestamp NULL DEFAULT NULL,
  PRIMARY KEY (`id`),
  UNIQUE KEY `users_email_unique` (`email`)
) ENGINE=InnoDB AUTO_INCREMENT=513 DEFAULT CHARSET=utf8mb4 COLLATE=utf8mb4_unicode_ci;

-- Dumping data for table isp_management.users: ~512 rows (approximately)
INSERT INTO `users` (`id`, `name`, `email`, `email_verified_at`, `password`, `role`, `remember_token`, `created_at`, `updated_at`) VALUES
	(1, 'Admin', 'admin@gmail.com', '2024-10-02 05:59:32', '$2y$10$92IXUNpkjO0rOQ5byMi.Ye4oKoEa3Ro9llC/.og/at2.uheWG/igi', 'user', 'BZSN49CW3nO2QZZKV214ryZikaN5NBrTg2OUVW7J3SCTZSwORq574zF2OtY2', '2024-10-02 05:59:32', '2024-10-02 05:59:32'),
	(2, 'Seller', 'seller@gmail.com', '2024-10-02 05:59:32', '$2y$10$92IXUNpkjO0rOQ5byMi.Ye4oKoEa3Ro9llC/.og/at2.uheWG/igi', 'user', 'tEcw6T96ui', '2024-10-02 05:59:32', '2024-10-02 05:59:32'),
	(3, 'Elvera Rodriguez', 'maudie87@example.net', '2024-10-02 05:59:32', '$2y$10$92IXUNpkjO0rOQ5byMi.Ye4oKoEa3Ro9llC/.og/at2.uheWG/igi', 'user', 'Y0jhRu2PeG', '2024-10-02 05:59:32', '2024-10-02 05:59:32'),
	(4, 'Dandre Lemke DVM', 'abshire.brent@example.net', '2024-10-02 05:59:32', '$2y$10$92IXUNpkjO0rOQ5byMi.Ye4oKoEa3Ro9llC/.og/at2.uheWG/igi', 'user', '8tXqIyiIkg', '2024-10-02 05:59:32', '2024-10-02 05:59:32'),
	(5, 'Tiffany Weber', 'nritchie@example.com', '2024-10-02 05:59:32', '$2y$10$92IXUNpkjO0rOQ5byMi.Ye4oKoEa3Ro9llC/.og/at2.uheWG/igi', 'user', 'U24sUR5o6F', '2024-10-02 05:59:32', '2024-10-02 05:59:32'),
	(6, 'Columbus Brekke', 'oondricka@example.org', '2024-10-02 05:59:32', '$2y$10$92IXUNpkjO0rOQ5byMi.Ye4oKoEa3Ro9llC/.og/at2.uheWG/igi', 'user', '4WeUTmXMGG', '2024-10-02 05:59:32', '2024-10-02 05:59:32'),
	(7, 'Meaghan Keebler', 'virgie17@example.org', '2024-10-02 05:59:32', '$2y$10$92IXUNpkjO0rOQ5byMi.Ye4oKoEa3Ro9llC/.og/at2.uheWG/igi', 'user', '0cyNGSujm1', '2024-10-02 05:59:32', '2024-10-02 05:59:32'),
	(8, 'Martine Zemlak', 'suzanne68@example.com', '2024-10-02 06:52:53', '$2y$10$92IXUNpkjO0rOQ5byMi.Ye4oKoEa3Ro9llC/.og/at2.uheWG/igi', 'user', 'tp8kF8TB6u', '2024-10-02 06:52:53', '2024-10-02 06:52:53'),
	(9, 'Lou Torp', 'ellen.rippin@example.com', '2024-10-02 06:52:53', '$2y$10$92IXUNpkjO0rOQ5byMi.Ye4oKoEa3Ro9llC/.og/at2.uheWG/igi', 'user', 'GCwC6rMdjK', '2024-10-02 06:52:53', '2024-10-02 06:52:53'),
	(10, 'Braxton Reichert V', 'demario89@example.com', '2024-10-02 06:52:53', '$2y$10$92IXUNpkjO0rOQ5byMi.Ye4oKoEa3Ro9llC/.og/at2.uheWG/igi', 'user', 'gQ4iCzIA6N', '2024-10-02 06:52:53', '2024-10-02 06:52:53'),
	(11, 'Felton Jast', 'zgerhold@example.net', '2024-10-02 06:52:53', '$2y$10$92IXUNpkjO0rOQ5byMi.Ye4oKoEa3Ro9llC/.og/at2.uheWG/igi', 'user', 'fJ2C4Mphvm', '2024-10-02 06:52:53', '2024-10-02 06:52:53'),
	(12, 'Bailey Jenkins', 'vena28@example.com', '2024-10-02 06:52:53', '$2y$10$92IXUNpkjO0rOQ5byMi.Ye4oKoEa3Ro9llC/.og/at2.uheWG/igi', 'user', '6vT3iWCtMd', '2024-10-02 06:52:53', '2024-10-02 06:52:53'),
	(13, 'Lucas Mitchell', 'loma.casper@example.com', '2024-10-02 06:53:22', '$2y$10$92IXUNpkjO0rOQ5byMi.Ye4oKoEa3Ro9llC/.og/at2.uheWG/igi', 'user', '2zvhlySk4b', '2024-10-02 06:53:22', '2024-10-02 06:53:22'),
	(14, 'Prof. Rusty Goldner', 'mayer.elsa@example.net', '2024-10-02 06:53:22', '$2y$10$92IXUNpkjO0rOQ5byMi.Ye4oKoEa3Ro9llC/.og/at2.uheWG/igi', 'user', 'xqi4dODjaU', '2024-10-02 06:53:22', '2024-10-02 06:53:22'),
	(15, 'Kailee Carter', 'moore.mafalda@example.com', '2024-10-02 06:53:22', '$2y$10$92IXUNpkjO0rOQ5byMi.Ye4oKoEa3Ro9llC/.og/at2.uheWG/igi', 'user', 'nfxgutfpyX', '2024-10-02 06:53:22', '2024-10-02 06:53:22'),
	(16, 'Hobart Weimann', 'harmon33@example.com', '2024-10-02 06:53:22', '$2y$10$92IXUNpkjO0rOQ5byMi.Ye4oKoEa3Ro9llC/.og/at2.uheWG/igi', 'user', 'kERivu9FDV', '2024-10-02 06:53:22', '2024-10-02 06:53:22'),
	(17, 'Berry Mertz', 'demetris.koelpin@example.org', '2024-10-02 06:53:22', '$2y$10$92IXUNpkjO0rOQ5byMi.Ye4oKoEa3Ro9llC/.og/at2.uheWG/igi', 'user', '6J2XvsnQOF', '2024-10-02 06:53:22', '2024-10-02 06:53:22'),
	(18, 'Fabiola Kuvalis', 'raleigh86@example.net', '2024-10-02 06:53:22', '$2y$10$92IXUNpkjO0rOQ5byMi.Ye4oKoEa3Ro9llC/.og/at2.uheWG/igi', 'user', 'UPlFzRwhJG', '2024-10-02 06:53:22', '2024-10-02 06:53:22'),
	(19, 'Prof. Margarette Nader DDS', 'abner.ritchie@example.net', '2024-10-02 06:53:22', '$2y$10$92IXUNpkjO0rOQ5byMi.Ye4oKoEa3Ro9llC/.og/at2.uheWG/igi', 'user', 'cMqGmjtkJ9', '2024-10-02 06:53:22', '2024-10-02 06:53:22'),
	(20, 'Dr. Giovanni Langworth DVM', 'drew.satterfield@example.com', '2024-10-02 06:53:22', '$2y$10$92IXUNpkjO0rOQ5byMi.Ye4oKoEa3Ro9llC/.og/at2.uheWG/igi', 'user', 'THuzH2CIZV', '2024-10-02 06:53:22', '2024-10-02 06:53:22'),
	(21, 'Boris Beahan', 'drake67@example.net', '2024-10-02 06:53:22', '$2y$10$92IXUNpkjO0rOQ5byMi.Ye4oKoEa3Ro9llC/.og/at2.uheWG/igi', 'user', '0ge7QhhHR1', '2024-10-02 06:53:22', '2024-10-02 06:53:22'),
	(22, 'Prof. Mustafa Kutch DDS', 'gladyce.abshire@example.net', '2024-10-02 06:53:22', '$2y$10$92IXUNpkjO0rOQ5byMi.Ye4oKoEa3Ro9llC/.og/at2.uheWG/igi', 'user', '8llfcMjaaB', '2024-10-02 06:53:22', '2024-10-02 06:53:22'),
	(23, 'Idell Yost', 'alden.kling@example.org', '2024-10-02 06:53:22', '$2y$10$92IXUNpkjO0rOQ5byMi.Ye4oKoEa3Ro9llC/.og/at2.uheWG/igi', 'user', 'zfJDYZgwcm', '2024-10-02 06:53:22', '2024-10-02 06:53:22'),
	(24, 'Hosea Wisoky', 'ivah.green@example.net', '2024-10-02 06:53:22', '$2y$10$92IXUNpkjO0rOQ5byMi.Ye4oKoEa3Ro9llC/.og/at2.uheWG/igi', 'user', 'NUV5SsW8X3', '2024-10-02 06:53:22', '2024-10-02 06:53:22'),
	(25, 'Cordell Heidenreich DDS', 'dahlia32@example.org', '2024-10-02 06:53:22', '$2y$10$92IXUNpkjO0rOQ5byMi.Ye4oKoEa3Ro9llC/.og/at2.uheWG/igi', 'user', '3co24Jienc', '2024-10-02 06:53:22', '2024-10-02 06:53:22'),
	(26, 'Prof. Gaston Wehner Sr.', 'ywilliamson@example.com', '2024-10-02 06:53:22', '$2y$10$92IXUNpkjO0rOQ5byMi.Ye4oKoEa3Ro9llC/.og/at2.uheWG/igi', 'user', 'QVhG6B04Ra', '2024-10-02 06:53:22', '2024-10-02 06:53:22'),
	(27, 'Margaretta Anderson I', 'zmiller@example.com', '2024-10-02 06:53:22', '$2y$10$92IXUNpkjO0rOQ5byMi.Ye4oKoEa3Ro9llC/.og/at2.uheWG/igi', 'user', 'YetrKf106x', '2024-10-02 06:53:22', '2024-10-02 06:53:22'),
	(28, 'Giovani Denesik', 'buckridge.dena@example.com', '2024-10-02 06:53:22', '$2y$10$92IXUNpkjO0rOQ5byMi.Ye4oKoEa3Ro9llC/.og/at2.uheWG/igi', 'user', '1TwxNWRqoV', '2024-10-02 06:53:22', '2024-10-02 06:53:22'),
	(29, 'Emely Brown', 'krippin@example.org', '2024-10-02 06:53:22', '$2y$10$92IXUNpkjO0rOQ5byMi.Ye4oKoEa3Ro9llC/.og/at2.uheWG/igi', 'user', '806e3UQhRm', '2024-10-02 06:53:22', '2024-10-02 06:53:22'),
	(30, 'Billie Murazik', 'dlemke@example.org', '2024-10-02 06:53:22', '$2y$10$92IXUNpkjO0rOQ5byMi.Ye4oKoEa3Ro9llC/.og/at2.uheWG/igi', 'user', 'Vbr52Hmnqo', '2024-10-02 06:53:22', '2024-10-02 06:53:22'),
	(31, 'Moises Nienow', 'matilda19@example.net', '2024-10-02 06:53:22', '$2y$10$92IXUNpkjO0rOQ5byMi.Ye4oKoEa3Ro9llC/.og/at2.uheWG/igi', 'user', 'KWQwvPhbs4', '2024-10-02 06:53:22', '2024-10-02 06:53:22'),
	(32, 'Mr. Gonzalo Nienow', 'kadin64@example.com', '2024-10-02 06:53:22', '$2y$10$92IXUNpkjO0rOQ5byMi.Ye4oKoEa3Ro9llC/.og/at2.uheWG/igi', 'user', 'dT3DYC58mU', '2024-10-02 06:53:22', '2024-10-02 06:53:22'),
	(33, 'Verlie Thiel', 'casimir.king@example.net', '2024-10-02 06:53:22', '$2y$10$92IXUNpkjO0rOQ5byMi.Ye4oKoEa3Ro9llC/.og/at2.uheWG/igi', 'user', 'hjXsYGMCry', '2024-10-02 06:53:22', '2024-10-02 06:53:22'),
	(34, 'Jeffery Price', 'kendall.jacobs@example.com', '2024-10-02 06:53:22', '$2y$10$92IXUNpkjO0rOQ5byMi.Ye4oKoEa3Ro9llC/.og/at2.uheWG/igi', 'user', 'oC2rbjMyp7', '2024-10-02 06:53:22', '2024-10-02 06:53:22'),
	(35, 'Mrs. Joana Greenholt', 'adan.schaefer@example.org', '2024-10-02 06:53:22', '$2y$10$92IXUNpkjO0rOQ5byMi.Ye4oKoEa3Ro9llC/.og/at2.uheWG/igi', 'user', 'daEQ3Vum25', '2024-10-02 06:53:22', '2024-10-02 06:53:22'),
	(36, 'Daisy Leffler', 'douglas.wilfred@example.org', '2024-10-02 06:53:22', '$2y$10$92IXUNpkjO0rOQ5byMi.Ye4oKoEa3Ro9llC/.og/at2.uheWG/igi', 'user', 'l5xPWN5r8j', '2024-10-02 06:53:22', '2024-10-02 06:53:22'),
	(37, 'Timothy Gulgowski', 'christian95@example.net', '2024-10-02 06:53:22', '$2y$10$92IXUNpkjO0rOQ5byMi.Ye4oKoEa3Ro9llC/.og/at2.uheWG/igi', 'user', 'ssms2xyJ88', '2024-10-02 06:53:22', '2024-10-02 06:53:22'),
	(38, 'Alanis Metz', 'amcdermott@example.org', '2024-10-02 06:53:22', '$2y$10$92IXUNpkjO0rOQ5byMi.Ye4oKoEa3Ro9llC/.og/at2.uheWG/igi', 'user', 'eqzZnd7lh0', '2024-10-02 06:53:22', '2024-10-02 06:53:22'),
	(39, 'Brooks Reinger', 'kkoepp@example.com', '2024-10-02 06:53:23', '$2y$10$92IXUNpkjO0rOQ5byMi.Ye4oKoEa3Ro9llC/.og/at2.uheWG/igi', 'user', 'c92wUSc06u', '2024-10-02 06:53:23', '2024-10-02 06:53:23'),
	(40, 'Leonor D\'Amore', 'naomie32@example.net', '2024-10-02 06:53:23', '$2y$10$92IXUNpkjO0rOQ5byMi.Ye4oKoEa3Ro9llC/.og/at2.uheWG/igi', 'user', 'PGqT6v13vN', '2024-10-02 06:53:23', '2024-10-02 06:53:23'),
	(41, 'Prof. Marlon Gleichner Jr.', 'prince67@example.org', '2024-10-02 06:53:23', '$2y$10$92IXUNpkjO0rOQ5byMi.Ye4oKoEa3Ro9llC/.og/at2.uheWG/igi', 'user', 'fQKtYtx8ux', '2024-10-02 06:53:23', '2024-10-02 06:53:23'),
	(42, 'Bettye Russel DDS', 'marks.carissa@example.org', '2024-10-02 06:53:23', '$2y$10$92IXUNpkjO0rOQ5byMi.Ye4oKoEa3Ro9llC/.og/at2.uheWG/igi', 'user', 'Eonu9p0oE7', '2024-10-02 06:53:23', '2024-10-02 06:53:23'),
	(43, 'Erika Paucek', 'ymccullough@example.com', '2024-10-02 06:53:23', '$2y$10$92IXUNpkjO0rOQ5byMi.Ye4oKoEa3Ro9llC/.og/at2.uheWG/igi', 'user', '1BLM2qNjBF', '2024-10-02 06:53:23', '2024-10-02 06:53:23'),
	(44, 'Mr. Domenick Hartmann', 'kariane07@example.net', '2024-10-02 06:53:23', '$2y$10$92IXUNpkjO0rOQ5byMi.Ye4oKoEa3Ro9llC/.og/at2.uheWG/igi', 'user', 'hKOBcHl3lq', '2024-10-02 06:53:23', '2024-10-02 06:53:23'),
	(45, 'Magnolia Conroy', 'lamar06@example.com', '2024-10-02 06:53:23', '$2y$10$92IXUNpkjO0rOQ5byMi.Ye4oKoEa3Ro9llC/.og/at2.uheWG/igi', 'user', 'AhU3Q0iLSZ', '2024-10-02 06:53:23', '2024-10-02 06:53:23'),
	(46, 'Lincoln Kshlerin MD', 'dnitzsche@example.com', '2024-10-02 06:53:23', '$2y$10$92IXUNpkjO0rOQ5byMi.Ye4oKoEa3Ro9llC/.og/at2.uheWG/igi', 'user', 'r0LIXk5zmz', '2024-10-02 06:53:23', '2024-10-02 06:53:23'),
	(47, 'Prof. Emelia Moore', 'bernier.vern@example.com', '2024-10-02 06:53:23', '$2y$10$92IXUNpkjO0rOQ5byMi.Ye4oKoEa3Ro9llC/.og/at2.uheWG/igi', 'user', 'd38adOgv8C', '2024-10-02 06:53:23', '2024-10-02 06:53:23'),
	(48, 'Prof. Brendon Stark', 'izboncak@example.com', '2024-10-02 06:53:23', '$2y$10$92IXUNpkjO0rOQ5byMi.Ye4oKoEa3Ro9llC/.og/at2.uheWG/igi', 'user', 'GzkiZ7AVpr', '2024-10-02 06:53:23', '2024-10-02 06:53:23'),
	(49, 'Lonie Wilkinson', 'alexie.nienow@example.net', '2024-10-02 06:53:23', '$2y$10$92IXUNpkjO0rOQ5byMi.Ye4oKoEa3Ro9llC/.og/at2.uheWG/igi', 'user', '2F5VpIhuKR', '2024-10-02 06:53:23', '2024-10-02 06:53:23'),
	(50, 'Dr. Margaret Hartmann PhD', 'schimmel.abdullah@example.org', '2024-10-02 06:53:23', '$2y$10$92IXUNpkjO0rOQ5byMi.Ye4oKoEa3Ro9llC/.og/at2.uheWG/igi', 'user', '2fdSh6GeLt', '2024-10-02 06:53:23', '2024-10-02 06:53:23'),
	(51, 'Agnes Hahn', 'ron01@example.com', '2024-10-02 06:53:23', '$2y$10$92IXUNpkjO0rOQ5byMi.Ye4oKoEa3Ro9llC/.og/at2.uheWG/igi', 'user', 'zagF0uxOYZ', '2024-10-02 06:53:23', '2024-10-02 06:53:23'),
	(52, 'Mrs. Cordie Morissette IV', 'okertzmann@example.org', '2024-10-02 06:53:23', '$2y$10$92IXUNpkjO0rOQ5byMi.Ye4oKoEa3Ro9llC/.og/at2.uheWG/igi', 'user', 'D6oEzlG4D8', '2024-10-02 06:53:23', '2024-10-02 06:53:23'),
	(53, 'Dr. Gayle Keeling', 'osvaldo.hagenes@example.org', '2024-10-02 06:53:23', '$2y$10$92IXUNpkjO0rOQ5byMi.Ye4oKoEa3Ro9llC/.og/at2.uheWG/igi', 'user', '8zUbmiCZAG', '2024-10-02 06:53:23', '2024-10-02 06:53:23'),
	(54, 'Dr. Donnie Wolff DVM', 'tbosco@example.org', '2024-10-02 06:53:23', '$2y$10$92IXUNpkjO0rOQ5byMi.Ye4oKoEa3Ro9llC/.og/at2.uheWG/igi', 'user', 'CVoMZeKkIj', '2024-10-02 06:53:23', '2024-10-02 06:53:23'),
	(55, 'Mr. Sid Rosenbaum III', 'rohan.alexandria@example.net', '2024-10-02 06:53:23', '$2y$10$92IXUNpkjO0rOQ5byMi.Ye4oKoEa3Ro9llC/.og/at2.uheWG/igi', 'user', '5wcMit7JjS', '2024-10-02 06:53:23', '2024-10-02 06:53:23'),
	(56, 'Prof. Gerald Flatley PhD', 'madge46@example.org', '2024-10-02 06:53:23', '$2y$10$92IXUNpkjO0rOQ5byMi.Ye4oKoEa3Ro9llC/.og/at2.uheWG/igi', 'user', 'ch6Ze0sPRI', '2024-10-02 06:53:23', '2024-10-02 06:53:23'),
	(57, 'Dr. Weldon Doyle', 'kulas.laurie@example.net', '2024-10-02 06:53:23', '$2y$10$92IXUNpkjO0rOQ5byMi.Ye4oKoEa3Ro9llC/.og/at2.uheWG/igi', 'user', 'pejm9wFlsh', '2024-10-02 06:53:23', '2024-10-02 06:53:23'),
	(58, 'Cora Willms', 'colt.kiehn@example.org', '2024-10-02 06:53:23', '$2y$10$92IXUNpkjO0rOQ5byMi.Ye4oKoEa3Ro9llC/.og/at2.uheWG/igi', 'user', 'ocSusWsT6p', '2024-10-02 06:53:23', '2024-10-02 06:53:23'),
	(59, 'Keyshawn Dooley', 'cecil23@example.org', '2024-10-02 06:53:23', '$2y$10$92IXUNpkjO0rOQ5byMi.Ye4oKoEa3Ro9llC/.og/at2.uheWG/igi', 'user', 'mnH1qqWwdr', '2024-10-02 06:53:23', '2024-10-02 06:53:23'),
	(60, 'Ardith Dooley', 'jeramie.roberts@example.net', '2024-10-02 06:53:23', '$2y$10$92IXUNpkjO0rOQ5byMi.Ye4oKoEa3Ro9llC/.og/at2.uheWG/igi', 'user', 'D1ldESikRi', '2024-10-02 06:53:23', '2024-10-02 06:53:23'),
	(61, 'Andre Prohaska', 'charley.lemke@example.org', '2024-10-02 06:53:23', '$2y$10$92IXUNpkjO0rOQ5byMi.Ye4oKoEa3Ro9llC/.og/at2.uheWG/igi', 'user', 'hhiQzLq3EP', '2024-10-02 06:53:23', '2024-10-02 06:53:23'),
	(62, 'Pamela Rolfson', 'laisha75@example.com', '2024-10-02 06:53:23', '$2y$10$92IXUNpkjO0rOQ5byMi.Ye4oKoEa3Ro9llC/.og/at2.uheWG/igi', 'user', 'b3F6rGB6LN', '2024-10-02 06:53:23', '2024-10-02 06:53:23'),
	(63, 'Kendra Herzog', 'jaquan37@example.com', '2024-10-02 06:53:23', '$2y$10$92IXUNpkjO0rOQ5byMi.Ye4oKoEa3Ro9llC/.og/at2.uheWG/igi', 'user', '7ckppoyNKU', '2024-10-02 06:53:23', '2024-10-02 06:53:23'),
	(64, 'Prof. Kariane Volkman', 'rahsaan.ledner@example.org', '2024-10-02 06:53:23', '$2y$10$92IXUNpkjO0rOQ5byMi.Ye4oKoEa3Ro9llC/.og/at2.uheWG/igi', 'user', 'Ml8bMjB4WW', '2024-10-02 06:53:23', '2024-10-02 06:53:23'),
	(65, 'Carolanne Murray', 'kkunze@example.net', '2024-10-02 06:53:23', '$2y$10$92IXUNpkjO0rOQ5byMi.Ye4oKoEa3Ro9llC/.og/at2.uheWG/igi', 'user', 'z8WtucXAmj', '2024-10-02 06:53:23', '2024-10-02 06:53:23'),
	(66, 'Miss Vida Emard', 'flittel@example.org', '2024-10-02 06:53:23', '$2y$10$92IXUNpkjO0rOQ5byMi.Ye4oKoEa3Ro9llC/.og/at2.uheWG/igi', 'user', 'nImr2tvgag', '2024-10-02 06:53:23', '2024-10-02 06:53:23'),
	(67, 'Robb Dickinson', 'xlegros@example.org', '2024-10-02 06:53:23', '$2y$10$92IXUNpkjO0rOQ5byMi.Ye4oKoEa3Ro9llC/.og/at2.uheWG/igi', 'user', 'svkxJysAWW', '2024-10-02 06:53:23', '2024-10-02 06:53:23'),
	(68, 'Estella Fahey', 'heloise97@example.org', '2024-10-02 06:53:23', '$2y$10$92IXUNpkjO0rOQ5byMi.Ye4oKoEa3Ro9llC/.og/at2.uheWG/igi', 'user', 'pHapli4U6M', '2024-10-02 06:53:23', '2024-10-02 06:53:23'),
	(69, 'Linnea Abshire', 'prosacco.domenico@example.net', '2024-10-02 06:53:23', '$2y$10$92IXUNpkjO0rOQ5byMi.Ye4oKoEa3Ro9llC/.og/at2.uheWG/igi', 'user', 'HLgNqqu6n9', '2024-10-02 06:53:23', '2024-10-02 06:53:23'),
	(70, 'Ms. Larissa Kling IV', 'sawayn.shea@example.org', '2024-10-02 06:53:23', '$2y$10$92IXUNpkjO0rOQ5byMi.Ye4oKoEa3Ro9llC/.og/at2.uheWG/igi', 'user', 'qGV6KRibzr', '2024-10-02 06:53:23', '2024-10-02 06:53:23'),
	(71, 'Prof. Freida Cronin', 'fhackett@example.org', '2024-10-02 06:53:23', '$2y$10$92IXUNpkjO0rOQ5byMi.Ye4oKoEa3Ro9llC/.og/at2.uheWG/igi', 'user', 'kGYFWFZWhN', '2024-10-02 06:53:23', '2024-10-02 06:53:23'),
	(72, 'Dr. Shyann Auer', 'santino37@example.org', '2024-10-02 06:53:23', '$2y$10$92IXUNpkjO0rOQ5byMi.Ye4oKoEa3Ro9llC/.og/at2.uheWG/igi', 'user', '5mw71sNNwx', '2024-10-02 06:53:23', '2024-10-02 06:53:23'),
	(73, 'Santa Wilkinson DVM', 'mrice@example.org', '2024-10-02 06:53:23', '$2y$10$92IXUNpkjO0rOQ5byMi.Ye4oKoEa3Ro9llC/.og/at2.uheWG/igi', 'user', '1LrzUJryBG', '2024-10-02 06:53:23', '2024-10-02 06:53:23'),
	(74, 'Mandy Prohaska', 'westley.oreilly@example.com', '2024-10-02 06:53:23', '$2y$10$92IXUNpkjO0rOQ5byMi.Ye4oKoEa3Ro9llC/.og/at2.uheWG/igi', 'user', 'ckxqAx7zcr', '2024-10-02 06:53:23', '2024-10-02 06:53:23'),
	(75, 'Mrs. Maybelle Gleason', 'jmertz@example.org', '2024-10-02 06:53:23', '$2y$10$92IXUNpkjO0rOQ5byMi.Ye4oKoEa3Ro9llC/.og/at2.uheWG/igi', 'user', '8LWgkvJwgh', '2024-10-02 06:53:23', '2024-10-02 06:53:23'),
	(76, 'Jason Reynolds', 'bstamm@example.com', '2024-10-02 06:53:23', '$2y$10$92IXUNpkjO0rOQ5byMi.Ye4oKoEa3Ro9llC/.og/at2.uheWG/igi', 'user', '3KRh4nSZsV', '2024-10-02 06:53:23', '2024-10-02 06:53:23'),
	(77, 'Miss Madie Reynolds IV', 'jesus.mccullough@example.com', '2024-10-02 06:53:23', '$2y$10$92IXUNpkjO0rOQ5byMi.Ye4oKoEa3Ro9llC/.og/at2.uheWG/igi', 'user', 'QrncbelshE', '2024-10-02 06:53:23', '2024-10-02 06:53:23'),
	(78, 'Kasey Medhurst', 'yromaguera@example.net', '2024-10-02 06:53:23', '$2y$10$92IXUNpkjO0rOQ5byMi.Ye4oKoEa3Ro9llC/.og/at2.uheWG/igi', 'user', 'LhGel6D40H', '2024-10-02 06:53:23', '2024-10-02 06:53:23'),
	(79, 'Alexandre Schowalter', 'xkeeling@example.net', '2024-10-02 06:53:23', '$2y$10$92IXUNpkjO0rOQ5byMi.Ye4oKoEa3Ro9llC/.og/at2.uheWG/igi', 'user', 'n3JBcEvgUQ', '2024-10-02 06:53:23', '2024-10-02 06:53:23'),
	(80, 'Jena Gulgowski', 'kuhn.tania@example.com', '2024-10-02 06:53:23', '$2y$10$92IXUNpkjO0rOQ5byMi.Ye4oKoEa3Ro9llC/.og/at2.uheWG/igi', 'user', 'sA12Rg3V57', '2024-10-02 06:53:23', '2024-10-02 06:53:23'),
	(81, 'Mable Kassulke', 'ofelia.hessel@example.org', '2024-10-02 06:53:23', '$2y$10$92IXUNpkjO0rOQ5byMi.Ye4oKoEa3Ro9llC/.og/at2.uheWG/igi', 'user', '4aWASPyV6r', '2024-10-02 06:53:23', '2024-10-02 06:53:23'),
	(82, 'Miss Tara Stokes V', 'abogisich@example.org', '2024-10-02 06:53:23', '$2y$10$92IXUNpkjO0rOQ5byMi.Ye4oKoEa3Ro9llC/.og/at2.uheWG/igi', 'user', 'q2zHvTKZ5e', '2024-10-02 06:53:23', '2024-10-02 06:53:23'),
	(83, 'Elvera Medhurst', 'ozieme@example.net', '2024-10-02 06:53:23', '$2y$10$92IXUNpkjO0rOQ5byMi.Ye4oKoEa3Ro9llC/.og/at2.uheWG/igi', 'user', 'iK1aUBZHOp', '2024-10-02 06:53:23', '2024-10-02 06:53:23'),
	(84, 'Samara Crooks', 'ctromp@example.com', '2024-10-02 06:53:23', '$2y$10$92IXUNpkjO0rOQ5byMi.Ye4oKoEa3Ro9llC/.og/at2.uheWG/igi', 'user', 'lCw6tlmoPE', '2024-10-02 06:53:23', '2024-10-02 06:53:23'),
	(85, 'Mrs. Eve Casper PhD', 'dibbert.toy@example.net', '2024-10-02 06:53:23', '$2y$10$92IXUNpkjO0rOQ5byMi.Ye4oKoEa3Ro9llC/.og/at2.uheWG/igi', 'user', 'Utpruyftak', '2024-10-02 06:53:23', '2024-10-02 06:53:23'),
	(86, 'Camron Hammes', 'lavern44@example.net', '2024-10-02 06:53:23', '$2y$10$92IXUNpkjO0rOQ5byMi.Ye4oKoEa3Ro9llC/.og/at2.uheWG/igi', 'user', 'RiaqZs1X81', '2024-10-02 06:53:23', '2024-10-02 06:53:23'),
	(87, 'Mrs. Elmira Donnelly', 'koepp.chanel@example.net', '2024-10-02 06:53:23', '$2y$10$92IXUNpkjO0rOQ5byMi.Ye4oKoEa3Ro9llC/.og/at2.uheWG/igi', 'user', 'gnxmWMBrod', '2024-10-02 06:53:23', '2024-10-02 06:53:23'),
	(88, 'Prof. Tyreek Willms Jr.', 'pollich.keara@example.org', '2024-10-02 06:53:23', '$2y$10$92IXUNpkjO0rOQ5byMi.Ye4oKoEa3Ro9llC/.og/at2.uheWG/igi', 'user', '0iDQATIGWX', '2024-10-02 06:53:23', '2024-10-02 06:53:23'),
	(89, 'Dr. King Kozey', 'clyde.langosh@example.org', '2024-10-02 06:53:23', '$2y$10$92IXUNpkjO0rOQ5byMi.Ye4oKoEa3Ro9llC/.og/at2.uheWG/igi', 'user', 'ml8MFasJbH', '2024-10-02 06:53:23', '2024-10-02 06:53:23'),
	(90, 'Reanna Christiansen', 'crooks.larry@example.net', '2024-10-02 06:53:23', '$2y$10$92IXUNpkjO0rOQ5byMi.Ye4oKoEa3Ro9llC/.og/at2.uheWG/igi', 'user', 'Agqs9Ox6UH', '2024-10-02 06:53:23', '2024-10-02 06:53:23'),
	(91, 'Verdie Kassulke', 'bennett.cummerata@example.net', '2024-10-02 06:53:23', '$2y$10$92IXUNpkjO0rOQ5byMi.Ye4oKoEa3Ro9llC/.og/at2.uheWG/igi', 'user', 'iDoFUmBTSQ', '2024-10-02 06:53:23', '2024-10-02 06:53:23'),
	(92, 'Florida Jones', 'langworth.buster@example.net', '2024-10-02 06:53:23', '$2y$10$92IXUNpkjO0rOQ5byMi.Ye4oKoEa3Ro9llC/.og/at2.uheWG/igi', 'user', '1RwfauRU9W', '2024-10-02 06:53:23', '2024-10-02 06:53:23'),
	(93, 'Dr. Cleveland Dicki Jr.', 'mschamberger@example.net', '2024-10-02 06:53:23', '$2y$10$92IXUNpkjO0rOQ5byMi.Ye4oKoEa3Ro9llC/.og/at2.uheWG/igi', 'user', '8dqPa19O1M', '2024-10-02 06:53:23', '2024-10-02 06:53:23'),
	(94, 'Mertie Osinski', 'jabari66@example.com', '2024-10-02 06:53:23', '$2y$10$92IXUNpkjO0rOQ5byMi.Ye4oKoEa3Ro9llC/.og/at2.uheWG/igi', 'user', 'djFqI1Rbzd', '2024-10-02 06:53:23', '2024-10-02 06:53:23'),
	(95, 'Prof. Jovany Fadel', 'waters.marlon@example.org', '2024-10-02 06:53:23', '$2y$10$92IXUNpkjO0rOQ5byMi.Ye4oKoEa3Ro9llC/.og/at2.uheWG/igi', 'user', 'KWVHmIPnt5', '2024-10-02 06:53:23', '2024-10-02 06:53:23'),
	(96, 'Neha Pollich II', 'linnea01@example.com', '2024-10-02 06:53:23', '$2y$10$92IXUNpkjO0rOQ5byMi.Ye4oKoEa3Ro9llC/.og/at2.uheWG/igi', 'user', 'zEBrmTaeRa', '2024-10-02 06:53:23', '2024-10-02 06:53:23'),
	(97, 'Consuelo Swaniawski', 'fannie38@example.com', '2024-10-02 06:53:23', '$2y$10$92IXUNpkjO0rOQ5byMi.Ye4oKoEa3Ro9llC/.og/at2.uheWG/igi', 'user', 'ejI0Xq3cQL', '2024-10-02 06:53:23', '2024-10-02 06:53:23'),
	(98, 'Madison Fay', 'eldridge26@example.org', '2024-10-02 06:53:23', '$2y$10$92IXUNpkjO0rOQ5byMi.Ye4oKoEa3Ro9llC/.og/at2.uheWG/igi', 'user', 'zC9u1rE5PS', '2024-10-02 06:53:23', '2024-10-02 06:53:23'),
	(99, 'Trinity Harber', 'faustino28@example.com', '2024-10-02 06:53:23', '$2y$10$92IXUNpkjO0rOQ5byMi.Ye4oKoEa3Ro9llC/.og/at2.uheWG/igi', 'user', 'GFY5ZzRM67', '2024-10-02 06:53:23', '2024-10-02 06:53:23'),
	(100, 'Dorris Bashirian', 'neha77@example.com', '2024-10-02 06:53:23', '$2y$10$92IXUNpkjO0rOQ5byMi.Ye4oKoEa3Ro9llC/.og/at2.uheWG/igi', 'user', 'ReFMRj5HZs', '2024-10-02 06:53:23', '2024-10-02 06:53:23'),
	(101, 'Ms. Nicole Auer Sr.', 'jessika83@example.com', '2024-10-02 06:53:23', '$2y$10$92IXUNpkjO0rOQ5byMi.Ye4oKoEa3Ro9llC/.og/at2.uheWG/igi', 'user', 'SSf0QsyEpe', '2024-10-02 06:53:23', '2024-10-02 06:53:23'),
	(102, 'Ms. Orie Cartwright IV', 'goldner.terence@example.com', '2024-10-02 06:53:23', '$2y$10$92IXUNpkjO0rOQ5byMi.Ye4oKoEa3Ro9llC/.og/at2.uheWG/igi', 'user', 'CgZrzMNbcl', '2024-10-02 06:53:23', '2024-10-02 06:53:23'),
	(103, 'Kobe Reichert', 'runolfsdottir.willa@example.net', '2024-10-02 06:53:23', '$2y$10$92IXUNpkjO0rOQ5byMi.Ye4oKoEa3Ro9llC/.og/at2.uheWG/igi', 'user', 'PPlP3ux3rh', '2024-10-02 06:53:23', '2024-10-02 06:53:23'),
	(104, 'Jennie Kreiger', 'zpfannerstill@example.org', '2024-10-02 06:53:23', '$2y$10$92IXUNpkjO0rOQ5byMi.Ye4oKoEa3Ro9llC/.og/at2.uheWG/igi', 'user', 'GICdklYyh4', '2024-10-02 06:53:23', '2024-10-02 06:53:23'),
	(105, 'Cicero Roberts', 'markus48@example.com', '2024-10-02 06:53:23', '$2y$10$92IXUNpkjO0rOQ5byMi.Ye4oKoEa3Ro9llC/.og/at2.uheWG/igi', 'user', '2u31KcwSaM', '2024-10-02 06:53:23', '2024-10-02 06:53:23'),
	(106, 'Zackery Rath', 'ova.yundt@example.com', '2024-10-02 06:53:23', '$2y$10$92IXUNpkjO0rOQ5byMi.Ye4oKoEa3Ro9llC/.og/at2.uheWG/igi', 'user', 'ZhhGwe1HmU', '2024-10-02 06:53:23', '2024-10-02 06:53:23'),
	(107, 'Bernhard Powlowski MD', 'zboncak.erich@example.net', '2024-10-02 06:53:23', '$2y$10$92IXUNpkjO0rOQ5byMi.Ye4oKoEa3Ro9llC/.og/at2.uheWG/igi', 'user', '1B4Ouah3NW', '2024-10-02 06:53:23', '2024-10-02 06:53:23'),
	(108, 'Edward Marquardt', 'okuneva.naomi@example.org', '2024-10-02 06:53:23', '$2y$10$92IXUNpkjO0rOQ5byMi.Ye4oKoEa3Ro9llC/.og/at2.uheWG/igi', 'user', '3WDQeFs6zM', '2024-10-02 06:53:23', '2024-10-02 06:53:23'),
	(109, 'Diego Herzog V', 'dpouros@example.net', '2024-10-02 06:53:23', '$2y$10$92IXUNpkjO0rOQ5byMi.Ye4oKoEa3Ro9llC/.og/at2.uheWG/igi', 'user', 'oIo7DgF2Z0', '2024-10-02 06:53:23', '2024-10-02 06:53:23'),
	(110, 'Terrance Goyette', 'kebert@example.org', '2024-10-02 06:53:23', '$2y$10$92IXUNpkjO0rOQ5byMi.Ye4oKoEa3Ro9llC/.og/at2.uheWG/igi', 'user', 'byeUJGQfoK', '2024-10-02 06:53:23', '2024-10-02 06:53:23'),
	(111, 'Oma Osinski', 'ibarrows@example.com', '2024-10-02 06:53:23', '$2y$10$92IXUNpkjO0rOQ5byMi.Ye4oKoEa3Ro9llC/.og/at2.uheWG/igi', 'user', 'loLUv6oAU7', '2024-10-02 06:53:23', '2024-10-02 06:53:23'),
	(112, 'Marjorie Anderson', 'okeefe.amir@example.com', '2024-10-02 06:53:23', '$2y$10$92IXUNpkjO0rOQ5byMi.Ye4oKoEa3Ro9llC/.og/at2.uheWG/igi', 'user', 'GR3cxKhKI8', '2024-10-02 06:53:23', '2024-10-02 06:53:23'),
	(113, 'Rey Haley', 'nicole.oreilly@example.net', '2024-10-02 06:53:23', '$2y$10$92IXUNpkjO0rOQ5byMi.Ye4oKoEa3Ro9llC/.og/at2.uheWG/igi', 'user', 'cK4ovkeVIG', '2024-10-02 06:53:23', '2024-10-02 06:53:23'),
	(114, 'Yolanda Bashirian', 'margaret.becker@example.net', '2024-10-02 06:53:23', '$2y$10$92IXUNpkjO0rOQ5byMi.Ye4oKoEa3Ro9llC/.og/at2.uheWG/igi', 'user', 'oAhkc2DUF4', '2024-10-02 06:53:23', '2024-10-02 06:53:23'),
	(115, 'Mr. Parker Bartoletti', 'cummerata.hermina@example.org', '2024-10-02 06:53:23', '$2y$10$92IXUNpkjO0rOQ5byMi.Ye4oKoEa3Ro9llC/.og/at2.uheWG/igi', 'user', 'uqVk45HG7E', '2024-10-02 06:53:23', '2024-10-02 06:53:23'),
	(116, 'Joshua Gutkowski', 'anderson.clair@example.org', '2024-10-02 06:53:23', '$2y$10$92IXUNpkjO0rOQ5byMi.Ye4oKoEa3Ro9llC/.og/at2.uheWG/igi', 'user', 'MZEsqRGVND', '2024-10-02 06:53:23', '2024-10-02 06:53:23'),
	(117, 'Dr. Marcus McClure I', 'dayton23@example.com', '2024-10-02 06:53:23', '$2y$10$92IXUNpkjO0rOQ5byMi.Ye4oKoEa3Ro9llC/.og/at2.uheWG/igi', 'user', 'NQluuyyGU0', '2024-10-02 06:53:23', '2024-10-02 06:53:23'),
	(118, 'Dr. Waldo Windler V', 'wyman.anabelle@example.com', '2024-10-02 06:53:23', '$2y$10$92IXUNpkjO0rOQ5byMi.Ye4oKoEa3Ro9llC/.og/at2.uheWG/igi', 'user', 'bYlP1vS7zu', '2024-10-02 06:53:23', '2024-10-02 06:53:23'),
	(119, 'Darrick Schimmel', 'kulas.josh@example.org', '2024-10-02 06:53:23', '$2y$10$92IXUNpkjO0rOQ5byMi.Ye4oKoEa3Ro9llC/.og/at2.uheWG/igi', 'user', 'q49NFtyLV5', '2024-10-02 06:53:23', '2024-10-02 06:53:23'),
	(120, 'Henderson O\'Keefe MD', 'kristopher.witting@example.net', '2024-10-02 06:53:23', '$2y$10$92IXUNpkjO0rOQ5byMi.Ye4oKoEa3Ro9llC/.og/at2.uheWG/igi', 'user', '6I6aBPTd6k', '2024-10-02 06:53:23', '2024-10-02 06:53:23'),
	(121, 'Elwin Bayer DVM', 'qtremblay@example.org', '2024-10-02 06:53:23', '$2y$10$92IXUNpkjO0rOQ5byMi.Ye4oKoEa3Ro9llC/.og/at2.uheWG/igi', 'user', 'MhLdzH92fU', '2024-10-02 06:53:23', '2024-10-02 06:53:23'),
	(122, 'Alexzander Gislason', 'cathryn16@example.com', '2024-10-02 06:53:23', '$2y$10$92IXUNpkjO0rOQ5byMi.Ye4oKoEa3Ro9llC/.og/at2.uheWG/igi', 'user', 'ilItkYuJhJ', '2024-10-02 06:53:23', '2024-10-02 06:53:23'),
	(123, 'Prof. Leon Corwin Jr.', 'kip35@example.net', '2024-10-02 06:53:23', '$2y$10$92IXUNpkjO0rOQ5byMi.Ye4oKoEa3Ro9llC/.og/at2.uheWG/igi', 'user', 'EH2n6aan0t', '2024-10-02 06:53:23', '2024-10-02 06:53:23'),
	(124, 'Porter Kuhn PhD', 'hodkiewicz.maribel@example.com', '2024-10-02 06:53:23', '$2y$10$92IXUNpkjO0rOQ5byMi.Ye4oKoEa3Ro9llC/.og/at2.uheWG/igi', 'user', 'sO7W7IShoe', '2024-10-02 06:53:23', '2024-10-02 06:53:23'),
	(125, 'Frieda Paucek', 'dannie.sauer@example.org', '2024-10-02 06:53:23', '$2y$10$92IXUNpkjO0rOQ5byMi.Ye4oKoEa3Ro9llC/.og/at2.uheWG/igi', 'user', 'lfoMKensbg', '2024-10-02 06:53:23', '2024-10-02 06:53:23'),
	(126, 'Mrs. Augustine Kuvalis', 'marks.prudence@example.net', '2024-10-02 06:53:23', '$2y$10$92IXUNpkjO0rOQ5byMi.Ye4oKoEa3Ro9llC/.og/at2.uheWG/igi', 'user', 'ckcBqMhh55', '2024-10-02 06:53:23', '2024-10-02 06:53:23'),
	(127, 'Yasmeen Lynch I', 'carmella01@example.net', '2024-10-02 06:53:23', '$2y$10$92IXUNpkjO0rOQ5byMi.Ye4oKoEa3Ro9llC/.og/at2.uheWG/igi', 'user', 'X4oq5XJ73U', '2024-10-02 06:53:23', '2024-10-02 06:53:23'),
	(128, 'Maxine Wyman PhD', 'zmurazik@example.org', '2024-10-02 06:53:23', '$2y$10$92IXUNpkjO0rOQ5byMi.Ye4oKoEa3Ro9llC/.og/at2.uheWG/igi', 'user', 'NopPXRf4Ls', '2024-10-02 06:53:23', '2024-10-02 06:53:23'),
	(129, 'Nathen Shanahan', 'anderson59@example.net', '2024-10-02 06:53:23', '$2y$10$92IXUNpkjO0rOQ5byMi.Ye4oKoEa3Ro9llC/.og/at2.uheWG/igi', 'user', 'AK78hX688E', '2024-10-02 06:53:23', '2024-10-02 06:53:23'),
	(130, 'Prof. Dane Kreiger V', 'jovan.romaguera@example.org', '2024-10-02 06:53:23', '$2y$10$92IXUNpkjO0rOQ5byMi.Ye4oKoEa3Ro9llC/.og/at2.uheWG/igi', 'user', 'ACXwcUIaP4', '2024-10-02 06:53:23', '2024-10-02 06:53:23'),
	(131, 'Mr. Willard Bahringer V', 'oren.abernathy@example.com', '2024-10-02 06:53:23', '$2y$10$92IXUNpkjO0rOQ5byMi.Ye4oKoEa3Ro9llC/.og/at2.uheWG/igi', 'user', 'u0ESv9roV7', '2024-10-02 06:53:23', '2024-10-02 06:53:23'),
	(132, 'Dr. Waldo Zboncak DVM', 'wlockman@example.net', '2024-10-02 06:53:23', '$2y$10$92IXUNpkjO0rOQ5byMi.Ye4oKoEa3Ro9llC/.og/at2.uheWG/igi', 'user', 'CyHE0zH5jr', '2024-10-02 06:53:23', '2024-10-02 06:53:23'),
	(133, 'Prof. Noemi Mosciski MD', 'terry.kali@example.net', '2024-10-02 06:53:23', '$2y$10$92IXUNpkjO0rOQ5byMi.Ye4oKoEa3Ro9llC/.og/at2.uheWG/igi', 'user', 'HKn7Te3WkR', '2024-10-02 06:53:23', '2024-10-02 06:53:23'),
	(134, 'Gerda Ferry', 'violet05@example.org', '2024-10-02 06:53:23', '$2y$10$92IXUNpkjO0rOQ5byMi.Ye4oKoEa3Ro9llC/.og/at2.uheWG/igi', 'user', 'WMg26eSZtU', '2024-10-02 06:53:23', '2024-10-02 06:53:23'),
	(135, 'Therese Crist', 'reba36@example.net', '2024-10-02 06:53:23', '$2y$10$92IXUNpkjO0rOQ5byMi.Ye4oKoEa3Ro9llC/.og/at2.uheWG/igi', 'user', 'XaCVLlwJVD', '2024-10-02 06:53:23', '2024-10-02 06:53:23'),
	(136, 'Alice Rodriguez', 'hermann.jeffrey@example.org', '2024-10-02 06:53:23', '$2y$10$92IXUNpkjO0rOQ5byMi.Ye4oKoEa3Ro9llC/.og/at2.uheWG/igi', 'user', 'fhbNhnjf9z', '2024-10-02 06:53:23', '2024-10-02 06:53:23'),
	(137, 'Jarrett Kreiger', 'mona65@example.com', '2024-10-02 06:53:23', '$2y$10$92IXUNpkjO0rOQ5byMi.Ye4oKoEa3Ro9llC/.og/at2.uheWG/igi', 'user', 'TgCYLAF01y', '2024-10-02 06:53:23', '2024-10-02 06:53:23'),
	(138, 'Roberta Larson', 'arlie62@example.org', '2024-10-02 06:53:23', '$2y$10$92IXUNpkjO0rOQ5byMi.Ye4oKoEa3Ro9llC/.og/at2.uheWG/igi', 'user', '3oUGVdGbAA', '2024-10-02 06:53:23', '2024-10-02 06:53:23'),
	(139, 'Alfredo Schumm', 'bgibson@example.org', '2024-10-02 06:53:23', '$2y$10$92IXUNpkjO0rOQ5byMi.Ye4oKoEa3Ro9llC/.og/at2.uheWG/igi', 'user', 'MGWq0WAzst', '2024-10-02 06:53:23', '2024-10-02 06:53:23'),
	(140, 'Maryjane Larkin', 'twatsica@example.net', '2024-10-02 06:53:23', '$2y$10$92IXUNpkjO0rOQ5byMi.Ye4oKoEa3Ro9llC/.og/at2.uheWG/igi', 'user', '7zXhHifdLd', '2024-10-02 06:53:23', '2024-10-02 06:53:23'),
	(141, 'Mr. Ladarius Gutmann', 'katheryn.dickinson@example.net', '2024-10-02 06:53:23', '$2y$10$92IXUNpkjO0rOQ5byMi.Ye4oKoEa3Ro9llC/.og/at2.uheWG/igi', 'user', 'nVpjo5LdKu', '2024-10-02 06:53:23', '2024-10-02 06:53:23'),
	(142, 'Arlie Cormier', 'heber55@example.com', '2024-10-02 06:53:23', '$2y$10$92IXUNpkjO0rOQ5byMi.Ye4oKoEa3Ro9llC/.og/at2.uheWG/igi', 'user', '6r0rgK8am8', '2024-10-02 06:53:23', '2024-10-02 06:53:23'),
	(143, 'Broderick Reinger', 'ostreich@example.net', '2024-10-02 06:53:23', '$2y$10$92IXUNpkjO0rOQ5byMi.Ye4oKoEa3Ro9llC/.og/at2.uheWG/igi', 'user', 'j2AZCU2N7G', '2024-10-02 06:53:23', '2024-10-02 06:53:23'),
	(144, 'Mrs. Mya Sauer', 'nora79@example.com', '2024-10-02 06:53:23', '$2y$10$92IXUNpkjO0rOQ5byMi.Ye4oKoEa3Ro9llC/.og/at2.uheWG/igi', 'user', 'RTjYqnirM8', '2024-10-02 06:53:23', '2024-10-02 06:53:23'),
	(145, 'Constance Hudson', 'usauer@example.com', '2024-10-02 06:53:23', '$2y$10$92IXUNpkjO0rOQ5byMi.Ye4oKoEa3Ro9llC/.og/at2.uheWG/igi', 'user', 'zKmBC8npFt', '2024-10-02 06:53:23', '2024-10-02 06:53:23'),
	(146, 'Marlen O\'Conner', 'prohaska.olaf@example.net', '2024-10-02 06:53:23', '$2y$10$92IXUNpkjO0rOQ5byMi.Ye4oKoEa3Ro9llC/.og/at2.uheWG/igi', 'user', 'zYz3xJxAFO', '2024-10-02 06:53:23', '2024-10-02 06:53:23'),
	(147, 'Ms. Jazlyn Friesen MD', 'luigi.carter@example.net', '2024-10-02 06:53:23', '$2y$10$92IXUNpkjO0rOQ5byMi.Ye4oKoEa3Ro9llC/.og/at2.uheWG/igi', 'user', 'zBf5Mskf3U', '2024-10-02 06:53:23', '2024-10-02 06:53:23'),
	(148, 'Herman Kautzer PhD', 'wfahey@example.net', '2024-10-02 06:53:23', '$2y$10$92IXUNpkjO0rOQ5byMi.Ye4oKoEa3Ro9llC/.og/at2.uheWG/igi', 'user', 'j5JAqErRZR', '2024-10-02 06:53:23', '2024-10-02 06:53:23'),
	(149, 'Dell Harvey Sr.', 'nyundt@example.org', '2024-10-02 06:53:23', '$2y$10$92IXUNpkjO0rOQ5byMi.Ye4oKoEa3Ro9llC/.og/at2.uheWG/igi', 'user', 'L4nCdbXu6k', '2024-10-02 06:53:23', '2024-10-02 06:53:23'),
	(150, 'Leanna Predovic', 'celine81@example.com', '2024-10-02 06:53:23', '$2y$10$92IXUNpkjO0rOQ5byMi.Ye4oKoEa3Ro9llC/.og/at2.uheWG/igi', 'user', 'YxZ7rzHlTQ', '2024-10-02 06:53:23', '2024-10-02 06:53:23'),
	(151, 'Gillian Reichel MD', 'kylee.lesch@example.org', '2024-10-02 06:53:23', '$2y$10$92IXUNpkjO0rOQ5byMi.Ye4oKoEa3Ro9llC/.og/at2.uheWG/igi', 'user', '0JjgiNnoBJ', '2024-10-02 06:53:23', '2024-10-02 06:53:23'),
	(152, 'Judah Bailey', 'rickie.russel@example.com', '2024-10-02 06:53:23', '$2y$10$92IXUNpkjO0rOQ5byMi.Ye4oKoEa3Ro9llC/.og/at2.uheWG/igi', 'user', 'Fxl2wBjtue', '2024-10-02 06:53:23', '2024-10-02 06:53:23'),
	(153, 'Eveline Carter PhD', 'lon87@example.com', '2024-10-02 06:53:23', '$2y$10$92IXUNpkjO0rOQ5byMi.Ye4oKoEa3Ro9llC/.og/at2.uheWG/igi', 'user', 'kn4YrMB6GL', '2024-10-02 06:53:23', '2024-10-02 06:53:23'),
	(154, 'Miss Lavonne Wilderman', 'alberta74@example.net', '2024-10-02 06:53:23', '$2y$10$92IXUNpkjO0rOQ5byMi.Ye4oKoEa3Ro9llC/.og/at2.uheWG/igi', 'user', 'tasiF5WvOZ', '2024-10-02 06:53:23', '2024-10-02 06:53:23'),
	(155, 'Dr. Oren Haag', 'meggie.heller@example.org', '2024-10-02 06:53:23', '$2y$10$92IXUNpkjO0rOQ5byMi.Ye4oKoEa3Ro9llC/.og/at2.uheWG/igi', 'user', 'TNYRNDPJu7', '2024-10-02 06:53:23', '2024-10-02 06:53:23'),
	(156, 'Mrs. Rose Dach', 'hermina59@example.com', '2024-10-02 06:53:23', '$2y$10$92IXUNpkjO0rOQ5byMi.Ye4oKoEa3Ro9llC/.og/at2.uheWG/igi', 'user', 'sd9O8nP0gr', '2024-10-02 06:53:23', '2024-10-02 06:53:23'),
	(157, 'Chanel Terry', 'ansel.bode@example.org', '2024-10-02 06:53:23', '$2y$10$92IXUNpkjO0rOQ5byMi.Ye4oKoEa3Ro9llC/.og/at2.uheWG/igi', 'user', 'ivhanEcXe5', '2024-10-02 06:53:23', '2024-10-02 06:53:23'),
	(158, 'Mrs. Bernice Kohler', 'stephen28@example.net', '2024-10-02 06:53:23', '$2y$10$92IXUNpkjO0rOQ5byMi.Ye4oKoEa3Ro9llC/.og/at2.uheWG/igi', 'user', '5Ev6kjQFdH', '2024-10-02 06:53:23', '2024-10-02 06:53:23'),
	(159, 'Hobart Murphy', 'robin.conn@example.com', '2024-10-02 06:53:23', '$2y$10$92IXUNpkjO0rOQ5byMi.Ye4oKoEa3Ro9llC/.og/at2.uheWG/igi', 'user', 'G6LoltyzWh', '2024-10-02 06:53:23', '2024-10-02 06:53:23'),
	(160, 'Prof. Jeff Reichert', 'bryon79@example.org', '2024-10-02 06:53:23', '$2y$10$92IXUNpkjO0rOQ5byMi.Ye4oKoEa3Ro9llC/.og/at2.uheWG/igi', 'user', 'kdDjhe1Kef', '2024-10-02 06:53:23', '2024-10-02 06:53:23'),
	(161, 'Miss Thalia Boyer PhD', 'bstokes@example.org', '2024-10-02 06:53:23', '$2y$10$92IXUNpkjO0rOQ5byMi.Ye4oKoEa3Ro9llC/.og/at2.uheWG/igi', 'user', 'Gh3XTt3Q30', '2024-10-02 06:53:23', '2024-10-02 06:53:23'),
	(162, 'Aurelio Fritsch', 'jhintz@example.net', '2024-10-02 06:53:23', '$2y$10$92IXUNpkjO0rOQ5byMi.Ye4oKoEa3Ro9llC/.og/at2.uheWG/igi', 'user', '5D6LDIaZ6t', '2024-10-02 06:53:23', '2024-10-02 06:53:23'),
	(163, 'Lexi Jakubowski', 'rath.matt@example.com', '2024-10-02 06:53:23', '$2y$10$92IXUNpkjO0rOQ5byMi.Ye4oKoEa3Ro9llC/.og/at2.uheWG/igi', 'user', 'Q2VQkxXcRp', '2024-10-02 06:53:23', '2024-10-02 06:53:23'),
	(164, 'Maye Herzog', 'spfeffer@example.com', '2024-10-02 06:53:23', '$2y$10$92IXUNpkjO0rOQ5byMi.Ye4oKoEa3Ro9llC/.og/at2.uheWG/igi', 'user', 'qjRm2DXP82', '2024-10-02 06:53:23', '2024-10-02 06:53:23'),
	(165, 'Gracie Feil', 'chase01@example.com', '2024-10-02 06:53:23', '$2y$10$92IXUNpkjO0rOQ5byMi.Ye4oKoEa3Ro9llC/.og/at2.uheWG/igi', 'user', 'HP55Z1erfw', '2024-10-02 06:53:23', '2024-10-02 06:53:23'),
	(166, 'Domingo King', 'iwill@example.com', '2024-10-02 06:53:23', '$2y$10$92IXUNpkjO0rOQ5byMi.Ye4oKoEa3Ro9llC/.og/at2.uheWG/igi', 'user', '5hkmFIOLln', '2024-10-02 06:53:23', '2024-10-02 06:53:23'),
	(167, 'Rebeca Lehner', 'adriel.reichel@example.org', '2024-10-02 06:53:23', '$2y$10$92IXUNpkjO0rOQ5byMi.Ye4oKoEa3Ro9llC/.og/at2.uheWG/igi', 'user', '2csW1QvUEB', '2024-10-02 06:53:23', '2024-10-02 06:53:23'),
	(168, 'Osvaldo Jacobs', 'alexis10@example.com', '2024-10-02 06:53:23', '$2y$10$92IXUNpkjO0rOQ5byMi.Ye4oKoEa3Ro9llC/.og/at2.uheWG/igi', 'user', 'RulEAB3fir', '2024-10-02 06:53:23', '2024-10-02 06:53:23'),
	(169, 'Christina Herzog', 'keara94@example.org', '2024-10-02 06:53:23', '$2y$10$92IXUNpkjO0rOQ5byMi.Ye4oKoEa3Ro9llC/.og/at2.uheWG/igi', 'user', 'Mq5TLZ6inr', '2024-10-02 06:53:23', '2024-10-02 06:53:23'),
	(170, 'Alessandro Padberg V', 'gussie.carroll@example.org', '2024-10-02 06:53:23', '$2y$10$92IXUNpkjO0rOQ5byMi.Ye4oKoEa3Ro9llC/.og/at2.uheWG/igi', 'user', '3FFzGpexNQ', '2024-10-02 06:53:23', '2024-10-02 06:53:23'),
	(171, 'Saul Jones', 'bechtelar.blair@example.org', '2024-10-02 06:53:23', '$2y$10$92IXUNpkjO0rOQ5byMi.Ye4oKoEa3Ro9llC/.og/at2.uheWG/igi', 'user', 'M737zS7xVX', '2024-10-02 06:53:23', '2024-10-02 06:53:23'),
	(172, 'Dr. Jeanne Mann', 'blick.julian@example.net', '2024-10-02 06:53:23', '$2y$10$92IXUNpkjO0rOQ5byMi.Ye4oKoEa3Ro9llC/.og/at2.uheWG/igi', 'user', 'w3nwr1NMOj', '2024-10-02 06:53:23', '2024-10-02 06:53:23'),
	(173, 'Mrs. Madelyn Predovic', 'brakus.coby@example.net', '2024-10-02 06:53:23', '$2y$10$92IXUNpkjO0rOQ5byMi.Ye4oKoEa3Ro9llC/.og/at2.uheWG/igi', 'user', 'nrB86dYGco', '2024-10-02 06:53:23', '2024-10-02 06:53:23'),
	(174, 'Dr. Pamela Welch V', 'lolita.monahan@example.net', '2024-10-02 06:53:23', '$2y$10$92IXUNpkjO0rOQ5byMi.Ye4oKoEa3Ro9llC/.og/at2.uheWG/igi', 'user', 'RAV1WE9p81', '2024-10-02 06:53:23', '2024-10-02 06:53:23'),
	(175, 'Dr. Angelica Crona', 'brendan.huels@example.org', '2024-10-02 06:53:23', '$2y$10$92IXUNpkjO0rOQ5byMi.Ye4oKoEa3Ro9llC/.og/at2.uheWG/igi', 'user', 'CSHEx78uJu', '2024-10-02 06:53:23', '2024-10-02 06:53:23'),
	(176, 'Prof. Golden Wuckert', 'ilubowitz@example.com', '2024-10-02 06:53:23', '$2y$10$92IXUNpkjO0rOQ5byMi.Ye4oKoEa3Ro9llC/.og/at2.uheWG/igi', 'user', 'PwrJd5EjcH', '2024-10-02 06:53:23', '2024-10-02 06:53:23'),
	(177, 'Benedict Brekke', 'osinski.willow@example.org', '2024-10-02 06:53:23', '$2y$10$92IXUNpkjO0rOQ5byMi.Ye4oKoEa3Ro9llC/.og/at2.uheWG/igi', 'user', 'MnyUzVzK7y', '2024-10-02 06:53:23', '2024-10-02 06:53:23'),
	(178, 'Prof. Vladimir Williamson', 'leuschke.nels@example.com', '2024-10-02 06:53:23', '$2y$10$92IXUNpkjO0rOQ5byMi.Ye4oKoEa3Ro9llC/.og/at2.uheWG/igi', 'user', 'vdq7fxyapP', '2024-10-02 06:53:23', '2024-10-02 06:53:23'),
	(179, 'Dr. Roderick Ullrich', 'lexie.beatty@example.org', '2024-10-02 06:53:23', '$2y$10$92IXUNpkjO0rOQ5byMi.Ye4oKoEa3Ro9llC/.og/at2.uheWG/igi', 'user', 'iMIWE4zi1s', '2024-10-02 06:53:23', '2024-10-02 06:53:23'),
	(180, 'Miss Kiera Walsh III', 'rose36@example.org', '2024-10-02 06:53:23', '$2y$10$92IXUNpkjO0rOQ5byMi.Ye4oKoEa3Ro9llC/.og/at2.uheWG/igi', 'user', 'ZcuP15GC5L', '2024-10-02 06:53:23', '2024-10-02 06:53:23'),
	(181, 'Holden Bins', 'bryana13@example.com', '2024-10-02 06:53:23', '$2y$10$92IXUNpkjO0rOQ5byMi.Ye4oKoEa3Ro9llC/.og/at2.uheWG/igi', 'user', 'Yqpto3LTvk', '2024-10-02 06:53:23', '2024-10-02 06:53:23'),
	(182, 'Chyna Pagac', 'samson80@example.net', '2024-10-02 06:53:23', '$2y$10$92IXUNpkjO0rOQ5byMi.Ye4oKoEa3Ro9llC/.og/at2.uheWG/igi', 'user', 'Z1Zbwb3fNN', '2024-10-02 06:53:23', '2024-10-02 06:53:23'),
	(183, 'Bart Ward', 'deborah.prosacco@example.net', '2024-10-02 06:53:23', '$2y$10$92IXUNpkjO0rOQ5byMi.Ye4oKoEa3Ro9llC/.og/at2.uheWG/igi', 'user', 'laIZnz3CF3', '2024-10-02 06:53:23', '2024-10-02 06:53:23'),
	(184, 'Russ Kreiger', 'doug.williamson@example.com', '2024-10-02 06:53:23', '$2y$10$92IXUNpkjO0rOQ5byMi.Ye4oKoEa3Ro9llC/.og/at2.uheWG/igi', 'user', 'LfX7eIGiiC', '2024-10-02 06:53:23', '2024-10-02 06:53:23'),
	(185, 'Ms. Tressie Haley IV', 'cierra54@example.net', '2024-10-02 06:53:23', '$2y$10$92IXUNpkjO0rOQ5byMi.Ye4oKoEa3Ro9llC/.og/at2.uheWG/igi', 'user', 'D5TenoB2jT', '2024-10-02 06:53:23', '2024-10-02 06:53:23'),
	(186, 'Dayna Rodriguez', 'laurine.gorczany@example.net', '2024-10-02 06:53:23', '$2y$10$92IXUNpkjO0rOQ5byMi.Ye4oKoEa3Ro9llC/.og/at2.uheWG/igi', 'user', 'q5OHHPxC3e', '2024-10-02 06:53:23', '2024-10-02 06:53:23'),
	(187, 'Prof. Thaddeus Deckow', 'jarvis.schultz@example.net', '2024-10-02 06:53:23', '$2y$10$92IXUNpkjO0rOQ5byMi.Ye4oKoEa3Ro9llC/.og/at2.uheWG/igi', 'user', '4igrLXLpIi', '2024-10-02 06:53:23', '2024-10-02 06:53:23'),
	(188, 'Adela Yundt', 'vmohr@example.com', '2024-10-02 06:53:23', '$2y$10$92IXUNpkjO0rOQ5byMi.Ye4oKoEa3Ro9llC/.og/at2.uheWG/igi', 'user', 'EgSwnDedhj', '2024-10-02 06:53:23', '2024-10-02 06:53:23'),
	(189, 'Rigoberto Cormier', 'annabell71@example.net', '2024-10-02 06:53:23', '$2y$10$92IXUNpkjO0rOQ5byMi.Ye4oKoEa3Ro9llC/.og/at2.uheWG/igi', 'user', 'CsdPQuP08c', '2024-10-02 06:53:23', '2024-10-02 06:53:23'),
	(190, 'Dr. Makenna Bruen', 'mellie78@example.org', '2024-10-02 06:53:23', '$2y$10$92IXUNpkjO0rOQ5byMi.Ye4oKoEa3Ro9llC/.og/at2.uheWG/igi', 'user', 'ispMf2HDHH', '2024-10-02 06:53:23', '2024-10-02 06:53:23'),
	(191, 'Dr. Wyatt Heathcote III', 'hjacobs@example.org', '2024-10-02 06:53:23', '$2y$10$92IXUNpkjO0rOQ5byMi.Ye4oKoEa3Ro9llC/.og/at2.uheWG/igi', 'user', 'LjYeDzczCf', '2024-10-02 06:53:23', '2024-10-02 06:53:23'),
	(192, 'Miss Shirley Jast IV', 'lind.sarai@example.net', '2024-10-02 06:53:23', '$2y$10$92IXUNpkjO0rOQ5byMi.Ye4oKoEa3Ro9llC/.og/at2.uheWG/igi', 'user', 'VjYXDcI8rS', '2024-10-02 06:53:23', '2024-10-02 06:53:23'),
	(193, 'Miss Maybelle Jenkins', 'marta.bernier@example.com', '2024-10-02 06:53:23', '$2y$10$92IXUNpkjO0rOQ5byMi.Ye4oKoEa3Ro9llC/.og/at2.uheWG/igi', 'user', 'dDqfzY4sDE', '2024-10-02 06:53:23', '2024-10-02 06:53:23'),
	(194, 'Horace Block', 'valentin52@example.net', '2024-10-02 06:53:23', '$2y$10$92IXUNpkjO0rOQ5byMi.Ye4oKoEa3Ro9llC/.og/at2.uheWG/igi', 'user', 'szCqmiUzTm', '2024-10-02 06:53:23', '2024-10-02 06:53:23'),
	(195, 'Tania Auer Jr.', 'antonio.reilly@example.org', '2024-10-02 06:53:23', '$2y$10$92IXUNpkjO0rOQ5byMi.Ye4oKoEa3Ro9llC/.og/at2.uheWG/igi', 'user', 'eTjVWShkCZ', '2024-10-02 06:53:23', '2024-10-02 06:53:23'),
	(196, 'Bria Kunde', 'altenwerth.austen@example.org', '2024-10-02 06:53:23', '$2y$10$92IXUNpkjO0rOQ5byMi.Ye4oKoEa3Ro9llC/.og/at2.uheWG/igi', 'user', 'zSsfjcOkK4', '2024-10-02 06:53:23', '2024-10-02 06:53:23'),
	(197, 'Adela Greenfelder', 'gkoelpin@example.com', '2024-10-02 06:53:23', '$2y$10$92IXUNpkjO0rOQ5byMi.Ye4oKoEa3Ro9llC/.og/at2.uheWG/igi', 'user', 'dcMNK8rZyV', '2024-10-02 06:53:23', '2024-10-02 06:53:23'),
	(198, 'Bertha Considine', 'clark28@example.net', '2024-10-02 06:53:23', '$2y$10$92IXUNpkjO0rOQ5byMi.Ye4oKoEa3Ro9llC/.og/at2.uheWG/igi', 'user', '4A8jre3Xxo', '2024-10-02 06:53:23', '2024-10-02 06:53:23'),
	(199, 'Mrs. Jadyn Rodriguez Jr.', 'melyna.rippin@example.org', '2024-10-02 06:53:23', '$2y$10$92IXUNpkjO0rOQ5byMi.Ye4oKoEa3Ro9llC/.og/at2.uheWG/igi', 'user', 'qrlKAWphEh', '2024-10-02 06:53:23', '2024-10-02 06:53:23'),
	(200, 'Miss Cathrine O\'Conner', 'mara02@example.net', '2024-10-02 06:53:23', '$2y$10$92IXUNpkjO0rOQ5byMi.Ye4oKoEa3Ro9llC/.og/at2.uheWG/igi', 'user', 'SahjQe89HE', '2024-10-02 06:53:23', '2024-10-02 06:53:23'),
	(201, 'Mr. Kenny Hoppe III', 'nlesch@example.net', '2024-10-02 06:53:23', '$2y$10$92IXUNpkjO0rOQ5byMi.Ye4oKoEa3Ro9llC/.og/at2.uheWG/igi', 'user', 'QYCB9zwbTg', '2024-10-02 06:53:23', '2024-10-02 06:53:23'),
	(202, 'Diamond Ferry', 'electa27@example.org', '2024-10-02 06:53:23', '$2y$10$92IXUNpkjO0rOQ5byMi.Ye4oKoEa3Ro9llC/.og/at2.uheWG/igi', 'user', 'LFiY6arONT', '2024-10-02 06:53:23', '2024-10-02 06:53:23'),
	(203, 'Finn Braun', 'walsh.emory@example.org', '2024-10-02 06:53:23', '$2y$10$92IXUNpkjO0rOQ5byMi.Ye4oKoEa3Ro9llC/.og/at2.uheWG/igi', 'user', 'rr4RVaYJYb', '2024-10-02 06:53:23', '2024-10-02 06:53:23'),
	(204, 'Dr. Fernando Cronin', 'destinee11@example.org', '2024-10-02 06:53:23', '$2y$10$92IXUNpkjO0rOQ5byMi.Ye4oKoEa3Ro9llC/.og/at2.uheWG/igi', 'user', '0DkbpiIRJg', '2024-10-02 06:53:23', '2024-10-02 06:53:23'),
	(205, 'Roslyn Jakubowski', 'adah.graham@example.net', '2024-10-02 06:53:23', '$2y$10$92IXUNpkjO0rOQ5byMi.Ye4oKoEa3Ro9llC/.og/at2.uheWG/igi', 'user', 'ABgRXmsuaB', '2024-10-02 06:53:23', '2024-10-02 06:53:23'),
	(206, 'Willow Will', 'cordie.walsh@example.org', '2024-10-02 06:53:23', '$2y$10$92IXUNpkjO0rOQ5byMi.Ye4oKoEa3Ro9llC/.og/at2.uheWG/igi', 'user', 'r4SU2wj5wb', '2024-10-02 06:53:23', '2024-10-02 06:53:23'),
	(207, 'Dr. Letitia Bernier', 'iquitzon@example.net', '2024-10-02 06:53:23', '$2y$10$92IXUNpkjO0rOQ5byMi.Ye4oKoEa3Ro9llC/.og/at2.uheWG/igi', 'user', 'Zhoc7eBoPq', '2024-10-02 06:53:23', '2024-10-02 06:53:23'),
	(208, 'Gregorio Conroy DVM', 'amara16@example.net', '2024-10-02 06:53:23', '$2y$10$92IXUNpkjO0rOQ5byMi.Ye4oKoEa3Ro9llC/.og/at2.uheWG/igi', 'user', '0Lzuwe3FNm', '2024-10-02 06:53:23', '2024-10-02 06:53:23'),
	(209, 'Gia Gaylord', 'lpouros@example.org', '2024-10-02 06:53:23', '$2y$10$92IXUNpkjO0rOQ5byMi.Ye4oKoEa3Ro9llC/.og/at2.uheWG/igi', 'user', 'RT7BbcOon4', '2024-10-02 06:53:23', '2024-10-02 06:53:23'),
	(210, 'Shanie Kessler I', 'tbrakus@example.net', '2024-10-02 06:53:23', '$2y$10$92IXUNpkjO0rOQ5byMi.Ye4oKoEa3Ro9llC/.og/at2.uheWG/igi', 'user', '6Ttb1YkBrW', '2024-10-02 06:53:23', '2024-10-02 06:53:23'),
	(211, 'Cleveland O\'Reilly', 'grimes.adrienne@example.org', '2024-10-02 06:53:23', '$2y$10$92IXUNpkjO0rOQ5byMi.Ye4oKoEa3Ro9llC/.og/at2.uheWG/igi', 'user', 'wSKCSpeanT', '2024-10-02 06:53:23', '2024-10-02 06:53:23'),
	(212, 'Lorna Spencer II', 'adelle.senger@example.org', '2024-10-02 06:53:23', '$2y$10$92IXUNpkjO0rOQ5byMi.Ye4oKoEa3Ro9llC/.og/at2.uheWG/igi', 'user', 'vvSshadE3B', '2024-10-02 06:53:23', '2024-10-02 06:53:23'),
	(213, 'Dereck Wiegand', 'furman.dibbert@example.com', '2024-10-02 06:53:23', '$2y$10$92IXUNpkjO0rOQ5byMi.Ye4oKoEa3Ro9llC/.og/at2.uheWG/igi', 'user', '5hacx9IA6x', '2024-10-02 06:53:23', '2024-10-02 06:53:23'),
	(214, 'Dorthy Padberg', 'gleichner.chauncey@example.org', '2024-10-02 06:53:23', '$2y$10$92IXUNpkjO0rOQ5byMi.Ye4oKoEa3Ro9llC/.og/at2.uheWG/igi', 'user', 'o4xQDiujcj', '2024-10-02 06:53:23', '2024-10-02 06:53:23'),
	(215, 'Chauncey Ebert', 'kassulke.roslyn@example.org', '2024-10-02 06:53:23', '$2y$10$92IXUNpkjO0rOQ5byMi.Ye4oKoEa3Ro9llC/.og/at2.uheWG/igi', 'user', '7pBe07iwNs', '2024-10-02 06:53:23', '2024-10-02 06:53:23'),
	(216, 'Judy Marks IV', 'brakus.jake@example.net', '2024-10-02 06:53:23', '$2y$10$92IXUNpkjO0rOQ5byMi.Ye4oKoEa3Ro9llC/.og/at2.uheWG/igi', 'user', 'TcUL924221', '2024-10-02 06:53:23', '2024-10-02 06:53:23'),
	(217, 'Prof. Kennedy Breitenberg', 'kemmer.marco@example.org', '2024-10-02 06:53:23', '$2y$10$92IXUNpkjO0rOQ5byMi.Ye4oKoEa3Ro9llC/.og/at2.uheWG/igi', 'user', 'vU447BoBB3', '2024-10-02 06:53:23', '2024-10-02 06:53:23'),
	(218, 'Domenic Schmidt Sr.', 'dessie41@example.net', '2024-10-02 06:53:23', '$2y$10$92IXUNpkjO0rOQ5byMi.Ye4oKoEa3Ro9llC/.og/at2.uheWG/igi', 'user', 'W4LnK2XuQ9', '2024-10-02 06:53:23', '2024-10-02 06:53:23'),
	(219, 'Mia Kemmer', 'margarita16@example.net', '2024-10-02 06:53:23', '$2y$10$92IXUNpkjO0rOQ5byMi.Ye4oKoEa3Ro9llC/.og/at2.uheWG/igi', 'user', 'gG3AxJolrC', '2024-10-02 06:53:23', '2024-10-02 06:53:23'),
	(220, 'Sister McGlynn DVM', 'jpfannerstill@example.com', '2024-10-02 06:53:23', '$2y$10$92IXUNpkjO0rOQ5byMi.Ye4oKoEa3Ro9llC/.og/at2.uheWG/igi', 'user', 'cxP435H7FX', '2024-10-02 06:53:23', '2024-10-02 06:53:23'),
	(221, 'Forrest Bruen', 'sbatz@example.org', '2024-10-02 06:53:23', '$2y$10$92IXUNpkjO0rOQ5byMi.Ye4oKoEa3Ro9llC/.og/at2.uheWG/igi', 'user', '693KuTuJDy', '2024-10-02 06:53:23', '2024-10-02 06:53:23'),
	(222, 'Roel Macejkovic I', 'simone.walsh@example.com', '2024-10-02 06:53:23', '$2y$10$92IXUNpkjO0rOQ5byMi.Ye4oKoEa3Ro9llC/.og/at2.uheWG/igi', 'user', 'W8XR3Sfz3Y', '2024-10-02 06:53:23', '2024-10-02 06:53:23'),
	(223, 'Ismael Buckridge MD', 'kwolf@example.net', '2024-10-02 06:53:23', '$2y$10$92IXUNpkjO0rOQ5byMi.Ye4oKoEa3Ro9llC/.og/at2.uheWG/igi', 'user', 'n4ZiQVO5xC', '2024-10-02 06:53:23', '2024-10-02 06:53:23'),
	(224, 'Justyn Little', 'lokuneva@example.net', '2024-10-02 06:53:23', '$2y$10$92IXUNpkjO0rOQ5byMi.Ye4oKoEa3Ro9llC/.og/at2.uheWG/igi', 'user', 'cwm9lpDHrr', '2024-10-02 06:53:23', '2024-10-02 06:53:23'),
	(225, 'Prof. Augustus Keeling', 'beahan.kellie@example.net', '2024-10-02 06:53:23', '$2y$10$92IXUNpkjO0rOQ5byMi.Ye4oKoEa3Ro9llC/.og/at2.uheWG/igi', 'user', 'cIP5mnXKmO', '2024-10-02 06:53:23', '2024-10-02 06:53:23'),
	(226, 'Keegan Quitzon', 'lkilback@example.com', '2024-10-02 06:53:23', '$2y$10$92IXUNpkjO0rOQ5byMi.Ye4oKoEa3Ro9llC/.og/at2.uheWG/igi', 'user', 'SV3OsXIZOS', '2024-10-02 06:53:23', '2024-10-02 06:53:23'),
	(227, 'Candelario Auer', 'brenden34@example.org', '2024-10-02 06:53:23', '$2y$10$92IXUNpkjO0rOQ5byMi.Ye4oKoEa3Ro9llC/.og/at2.uheWG/igi', 'user', 'hLi18bwYqn', '2024-10-02 06:53:23', '2024-10-02 06:53:23'),
	(228, 'Dr. Branson Marks Jr.', 'swaniawski.genevieve@example.org', '2024-10-02 06:53:23', '$2y$10$92IXUNpkjO0rOQ5byMi.Ye4oKoEa3Ro9llC/.og/at2.uheWG/igi', 'user', 'kBRQHre36U', '2024-10-02 06:53:23', '2024-10-02 06:53:23'),
	(229, 'Luther Pfannerstill', 'ehills@example.com', '2024-10-02 06:53:23', '$2y$10$92IXUNpkjO0rOQ5byMi.Ye4oKoEa3Ro9llC/.og/at2.uheWG/igi', 'user', 'PLqbpS8qsB', '2024-10-02 06:53:23', '2024-10-02 06:53:23'),
	(230, 'Reyes Jerde', 'virgil.brekke@example.com', '2024-10-02 06:53:23', '$2y$10$92IXUNpkjO0rOQ5byMi.Ye4oKoEa3Ro9llC/.og/at2.uheWG/igi', 'user', 'ElczOkYX6w', '2024-10-02 06:53:23', '2024-10-02 06:53:23'),
	(231, 'Jana Connelly PhD', 'elisabeth11@example.org', '2024-10-02 06:53:23', '$2y$10$92IXUNpkjO0rOQ5byMi.Ye4oKoEa3Ro9llC/.og/at2.uheWG/igi', 'user', '0jWuIZiz5A', '2024-10-02 06:53:23', '2024-10-02 06:53:23'),
	(232, 'Mariah Harber', 'stefan30@example.org', '2024-10-02 06:53:23', '$2y$10$92IXUNpkjO0rOQ5byMi.Ye4oKoEa3Ro9llC/.og/at2.uheWG/igi', 'user', 'd1cNaXFbwS', '2024-10-02 06:53:23', '2024-10-02 06:53:23'),
	(233, 'Willie Kozey', 'amalia.bayer@example.net', '2024-10-02 06:53:23', '$2y$10$92IXUNpkjO0rOQ5byMi.Ye4oKoEa3Ro9llC/.og/at2.uheWG/igi', 'user', 'u1WXPXKV7N', '2024-10-02 06:53:23', '2024-10-02 06:53:23'),
	(234, 'Mozelle Keeling I', 'jewell13@example.net', '2024-10-02 06:53:23', '$2y$10$92IXUNpkjO0rOQ5byMi.Ye4oKoEa3Ro9llC/.og/at2.uheWG/igi', 'user', 'hDxLWBPcsr', '2024-10-02 06:53:23', '2024-10-02 06:53:23'),
	(235, 'Gabriel Parker', 'glebsack@example.net', '2024-10-02 06:53:23', '$2y$10$92IXUNpkjO0rOQ5byMi.Ye4oKoEa3Ro9llC/.og/at2.uheWG/igi', 'user', 'wBeiNm1gsH', '2024-10-02 06:53:23', '2024-10-02 06:53:23'),
	(236, 'Devante Strosin', 'toy.malika@example.com', '2024-10-02 06:53:23', '$2y$10$92IXUNpkjO0rOQ5byMi.Ye4oKoEa3Ro9llC/.og/at2.uheWG/igi', 'user', 'bUQh93r19z', '2024-10-02 06:53:23', '2024-10-02 06:53:23'),
	(237, 'Prof. Leonard Vandervort PhD', 'amelia.conroy@example.net', '2024-10-02 06:53:23', '$2y$10$92IXUNpkjO0rOQ5byMi.Ye4oKoEa3Ro9llC/.og/at2.uheWG/igi', 'user', 'OJM83rcpbb', '2024-10-02 06:53:23', '2024-10-02 06:53:23'),
	(238, 'Tito Bechtelar', 'alf85@example.net', '2024-10-02 06:53:23', '$2y$10$92IXUNpkjO0rOQ5byMi.Ye4oKoEa3Ro9llC/.og/at2.uheWG/igi', 'user', 'CBeW2iw2vA', '2024-10-02 06:53:23', '2024-10-02 06:53:23'),
	(239, 'Eudora Greenholt', 'weimann.jordon@example.net', '2024-10-02 06:53:23', '$2y$10$92IXUNpkjO0rOQ5byMi.Ye4oKoEa3Ro9llC/.og/at2.uheWG/igi', 'user', 'LQMXEaDGg6', '2024-10-02 06:53:23', '2024-10-02 06:53:23'),
	(240, 'Alverta Hoeger', 'kshlerin.shemar@example.net', '2024-10-02 06:53:23', '$2y$10$92IXUNpkjO0rOQ5byMi.Ye4oKoEa3Ro9llC/.og/at2.uheWG/igi', 'user', 'qTzmx5mvjB', '2024-10-02 06:53:23', '2024-10-02 06:53:23'),
	(241, 'Alford Stanton', 'mconroy@example.com', '2024-10-02 06:53:23', '$2y$10$92IXUNpkjO0rOQ5byMi.Ye4oKoEa3Ro9llC/.og/at2.uheWG/igi', 'user', '23xSXaNVQY', '2024-10-02 06:53:23', '2024-10-02 06:53:23'),
	(242, 'Damien Dietrich', 'zakary51@example.com', '2024-10-02 06:53:23', '$2y$10$92IXUNpkjO0rOQ5byMi.Ye4oKoEa3Ro9llC/.og/at2.uheWG/igi', 'user', 'NhvRihw49g', '2024-10-02 06:53:23', '2024-10-02 06:53:23'),
	(243, 'Prof. Amani Boehm', 'manley.abshire@example.org', '2024-10-02 06:53:23', '$2y$10$92IXUNpkjO0rOQ5byMi.Ye4oKoEa3Ro9llC/.og/at2.uheWG/igi', 'user', 'zBWf2hIfqN', '2024-10-02 06:53:23', '2024-10-02 06:53:23'),
	(244, 'Julio Metz', 'leonardo.dickens@example.com', '2024-10-02 06:53:23', '$2y$10$92IXUNpkjO0rOQ5byMi.Ye4oKoEa3Ro9llC/.og/at2.uheWG/igi', 'user', 'j2cVLqMClc', '2024-10-02 06:53:23', '2024-10-02 06:53:23'),
	(245, 'Dr. Deonte Casper', 'nhettinger@example.com', '2024-10-02 06:53:23', '$2y$10$92IXUNpkjO0rOQ5byMi.Ye4oKoEa3Ro9llC/.og/at2.uheWG/igi', 'user', '39o7g1Tlao', '2024-10-02 06:53:23', '2024-10-02 06:53:23'),
	(246, 'Rigoberto Wiza', 'langworth.angelita@example.org', '2024-10-02 06:53:23', '$2y$10$92IXUNpkjO0rOQ5byMi.Ye4oKoEa3Ro9llC/.og/at2.uheWG/igi', 'user', 'LWYNtpRvVs', '2024-10-02 06:53:23', '2024-10-02 06:53:23'),
	(247, 'Keaton Ward DDS', 'kelly.collier@example.org', '2024-10-02 06:53:23', '$2y$10$92IXUNpkjO0rOQ5byMi.Ye4oKoEa3Ro9llC/.og/at2.uheWG/igi', 'user', 'sWQjC9QBcO', '2024-10-02 06:53:23', '2024-10-02 06:53:23'),
	(248, 'Vladimir Quitzon', 'louvenia61@example.org', '2024-10-02 06:53:23', '$2y$10$92IXUNpkjO0rOQ5byMi.Ye4oKoEa3Ro9llC/.og/at2.uheWG/igi', 'user', 'T3sbGPIFlE', '2024-10-02 06:53:23', '2024-10-02 06:53:23'),
	(249, 'Jarvis Gerhold', 'harmony.wolf@example.net', '2024-10-02 06:53:23', '$2y$10$92IXUNpkjO0rOQ5byMi.Ye4oKoEa3Ro9llC/.og/at2.uheWG/igi', 'user', 'bvnuxCxjXm', '2024-10-02 06:53:23', '2024-10-02 06:53:23'),
	(250, 'Madilyn McLaughlin', 'elnora95@example.com', '2024-10-02 06:53:23', '$2y$10$92IXUNpkjO0rOQ5byMi.Ye4oKoEa3Ro9llC/.og/at2.uheWG/igi', 'user', 'FA8Vo2IkYz', '2024-10-02 06:53:23', '2024-10-02 06:53:23'),
	(251, 'Prof. Daron Blick MD', 'hermiston.isabel@example.net', '2024-10-02 06:53:23', '$2y$10$92IXUNpkjO0rOQ5byMi.Ye4oKoEa3Ro9llC/.og/at2.uheWG/igi', 'user', 'd0BI2EkDsE', '2024-10-02 06:53:23', '2024-10-02 06:53:23'),
	(252, 'Oran Padberg', 'antoinette85@example.org', '2024-10-02 06:53:23', '$2y$10$92IXUNpkjO0rOQ5byMi.Ye4oKoEa3Ro9llC/.og/at2.uheWG/igi', 'user', 'uiJ3RfpCTL', '2024-10-02 06:53:23', '2024-10-02 06:53:23'),
	(253, 'Hazle Kertzmann', 'kian85@example.org', '2024-10-02 06:53:23', '$2y$10$92IXUNpkjO0rOQ5byMi.Ye4oKoEa3Ro9llC/.og/at2.uheWG/igi', 'user', 'QoPRyUbKwN', '2024-10-02 06:53:23', '2024-10-02 06:53:23'),
	(254, 'Aaliyah O\'Keefe', 'xlarson@example.net', '2024-10-02 06:53:23', '$2y$10$92IXUNpkjO0rOQ5byMi.Ye4oKoEa3Ro9llC/.og/at2.uheWG/igi', 'user', '43gDXNmpYo', '2024-10-02 06:53:23', '2024-10-02 06:53:23'),
	(255, 'Prof. Jayson Kuphal', 'thiel.murl@example.org', '2024-10-02 06:53:23', '$2y$10$92IXUNpkjO0rOQ5byMi.Ye4oKoEa3Ro9llC/.og/at2.uheWG/igi', 'user', 'NELuzSRytB', '2024-10-02 06:53:23', '2024-10-02 06:53:23'),
	(256, 'Baron Pfannerstill II', 'alberta.schaden@example.org', '2024-10-02 06:53:23', '$2y$10$92IXUNpkjO0rOQ5byMi.Ye4oKoEa3Ro9llC/.og/at2.uheWG/igi', 'user', 'bCHIIp9ctM', '2024-10-02 06:53:23', '2024-10-02 06:53:23'),
	(257, 'Prof. Wilhelm Conn IV', 'xcole@example.net', '2024-10-02 06:53:23', '$2y$10$92IXUNpkjO0rOQ5byMi.Ye4oKoEa3Ro9llC/.og/at2.uheWG/igi', 'user', '0bxSHUedy5', '2024-10-02 06:53:23', '2024-10-02 06:53:23'),
	(258, 'Tara Kulas DVM', 'jackeline.upton@example.net', '2024-10-02 06:53:23', '$2y$10$92IXUNpkjO0rOQ5byMi.Ye4oKoEa3Ro9llC/.og/at2.uheWG/igi', 'user', 'ZGlJ0FWIzQ', '2024-10-02 06:53:23', '2024-10-02 06:53:23'),
	(259, 'Roger Kling', 'lon.padberg@example.org', '2024-10-02 06:53:23', '$2y$10$92IXUNpkjO0rOQ5byMi.Ye4oKoEa3Ro9llC/.og/at2.uheWG/igi', 'user', 'yIEv6eMr0v', '2024-10-02 06:53:23', '2024-10-02 06:53:23'),
	(260, 'Gabe Schroeder', 'doyle.angelita@example.com', '2024-10-02 06:53:23', '$2y$10$92IXUNpkjO0rOQ5byMi.Ye4oKoEa3Ro9llC/.og/at2.uheWG/igi', 'user', 'rH4Y5xBKs8', '2024-10-02 06:53:23', '2024-10-02 06:53:23'),
	(261, 'Mr. Osborne Smith', 'peggie.powlowski@example.org', '2024-10-02 06:53:23', '$2y$10$92IXUNpkjO0rOQ5byMi.Ye4oKoEa3Ro9llC/.og/at2.uheWG/igi', 'user', 'rP70u6XgCv', '2024-10-02 06:53:23', '2024-10-02 06:53:23'),
	(262, 'Ms. Gretchen Kozey', 'myrna87@example.com', '2024-10-02 06:53:23', '$2y$10$92IXUNpkjO0rOQ5byMi.Ye4oKoEa3Ro9llC/.og/at2.uheWG/igi', 'user', 'Slphk4NkuG', '2024-10-02 06:53:23', '2024-10-02 06:53:23'),
	(263, 'Mrs. Viva Swift', 'electa01@example.org', '2024-10-02 06:53:23', '$2y$10$92IXUNpkjO0rOQ5byMi.Ye4oKoEa3Ro9llC/.og/at2.uheWG/igi', 'user', '4dNC0pDky4', '2024-10-02 06:53:23', '2024-10-02 06:53:23'),
	(264, 'Leonard Reichert V', 'muller.jaylen@example.net', '2024-10-02 06:53:23', '$2y$10$92IXUNpkjO0rOQ5byMi.Ye4oKoEa3Ro9llC/.og/at2.uheWG/igi', 'user', 'wIeEqSCx19', '2024-10-02 06:53:23', '2024-10-02 06:53:23'),
	(265, 'Mrs. Patricia Schaden II', 'fiona33@example.org', '2024-10-02 06:53:23', '$2y$10$92IXUNpkjO0rOQ5byMi.Ye4oKoEa3Ro9llC/.og/at2.uheWG/igi', 'user', 'W4gUqzmsGw', '2024-10-02 06:53:23', '2024-10-02 06:53:23'),
	(266, 'Hailie Cummerata', 'ettie.satterfield@example.com', '2024-10-02 06:53:23', '$2y$10$92IXUNpkjO0rOQ5byMi.Ye4oKoEa3Ro9llC/.og/at2.uheWG/igi', 'user', 'keLYmW9uWm', '2024-10-02 06:53:23', '2024-10-02 06:53:23'),
	(267, 'Ms. Loren Quigley IV', 'stoltenberg.lorna@example.org', '2024-10-02 06:53:23', '$2y$10$92IXUNpkjO0rOQ5byMi.Ye4oKoEa3Ro9llC/.og/at2.uheWG/igi', 'user', 'UgRM3DO8qE', '2024-10-02 06:53:23', '2024-10-02 06:53:23'),
	(268, 'Ms. Skyla Mayer I', 'utorphy@example.org', '2024-10-02 06:53:23', '$2y$10$92IXUNpkjO0rOQ5byMi.Ye4oKoEa3Ro9llC/.og/at2.uheWG/igi', 'user', 'KViApkNpNZ', '2024-10-02 06:53:23', '2024-10-02 06:53:23'),
	(269, 'Anne Cummings', 'edwina87@example.org', '2024-10-02 06:53:23', '$2y$10$92IXUNpkjO0rOQ5byMi.Ye4oKoEa3Ro9llC/.og/at2.uheWG/igi', 'user', 'snK4pLihoP', '2024-10-02 06:53:23', '2024-10-02 06:53:23'),
	(270, 'Miss Lexi Hagenes MD', 'general96@example.com', '2024-10-02 06:53:23', '$2y$10$92IXUNpkjO0rOQ5byMi.Ye4oKoEa3Ro9llC/.og/at2.uheWG/igi', 'user', 'r4Gi0CgWw1', '2024-10-02 06:53:23', '2024-10-02 06:53:23'),
	(271, 'Hattie Grimes', 'noel.ankunding@example.org', '2024-10-02 06:53:23', '$2y$10$92IXUNpkjO0rOQ5byMi.Ye4oKoEa3Ro9llC/.og/at2.uheWG/igi', 'user', 'DngI4wY3mV', '2024-10-02 06:53:23', '2024-10-02 06:53:23'),
	(272, 'Hollis Hauck', 'howell.callie@example.net', '2024-10-02 06:53:23', '$2y$10$92IXUNpkjO0rOQ5byMi.Ye4oKoEa3Ro9llC/.og/at2.uheWG/igi', 'user', 'dPAy6T3xLL', '2024-10-02 06:53:23', '2024-10-02 06:53:23'),
	(273, 'Mrs. Juanita Lesch III', 'cpfeffer@example.net', '2024-10-02 06:53:23', '$2y$10$92IXUNpkjO0rOQ5byMi.Ye4oKoEa3Ro9llC/.og/at2.uheWG/igi', 'user', 'vrHAFPRwD9', '2024-10-02 06:53:23', '2024-10-02 06:53:23'),
	(274, 'Prof. Esther Ankunding', 'roreilly@example.com', '2024-10-02 06:53:23', '$2y$10$92IXUNpkjO0rOQ5byMi.Ye4oKoEa3Ro9llC/.og/at2.uheWG/igi', 'user', '70bj0AO0tG', '2024-10-02 06:53:23', '2024-10-02 06:53:23'),
	(275, 'Skye Ratke', 'cornell.koch@example.net', '2024-10-02 06:53:23', '$2y$10$92IXUNpkjO0rOQ5byMi.Ye4oKoEa3Ro9llC/.og/at2.uheWG/igi', 'user', '8XmYHsGX9a', '2024-10-02 06:53:23', '2024-10-02 06:53:23'),
	(276, 'Heber Wehner DDS', 'nels50@example.net', '2024-10-02 06:53:23', '$2y$10$92IXUNpkjO0rOQ5byMi.Ye4oKoEa3Ro9llC/.og/at2.uheWG/igi', 'user', 'aKGSX9tXao', '2024-10-02 06:53:23', '2024-10-02 06:53:23'),
	(277, 'Mike Bode', 'hansen.marguerite@example.net', '2024-10-02 06:53:23', '$2y$10$92IXUNpkjO0rOQ5byMi.Ye4oKoEa3Ro9llC/.og/at2.uheWG/igi', 'user', '2BhqzT4ZLz', '2024-10-02 06:53:23', '2024-10-02 06:53:23'),
	(278, 'Dr. Braxton Rippin', 'iwyman@example.com', '2024-10-02 06:53:23', '$2y$10$92IXUNpkjO0rOQ5byMi.Ye4oKoEa3Ro9llC/.og/at2.uheWG/igi', 'user', 'QSVH87wwA9', '2024-10-02 06:53:23', '2024-10-02 06:53:23'),
	(279, 'Mr. Rollin Bechtelar DDS', 'carolyn.wolf@example.net', '2024-10-02 06:53:23', '$2y$10$92IXUNpkjO0rOQ5byMi.Ye4oKoEa3Ro9llC/.og/at2.uheWG/igi', 'user', 'EpBBfMbCWt', '2024-10-02 06:53:23', '2024-10-02 06:53:23'),
	(280, 'Arnaldo Mann', 'emard.hanna@example.net', '2024-10-02 06:53:23', '$2y$10$92IXUNpkjO0rOQ5byMi.Ye4oKoEa3Ro9llC/.og/at2.uheWG/igi', 'user', 'hqF72NToxb', '2024-10-02 06:53:23', '2024-10-02 06:53:23'),
	(281, 'Chadrick Heathcote', 'murazik.darrick@example.net', '2024-10-02 06:53:23', '$2y$10$92IXUNpkjO0rOQ5byMi.Ye4oKoEa3Ro9llC/.og/at2.uheWG/igi', 'user', 'HENg5OPLtG', '2024-10-02 06:53:23', '2024-10-02 06:53:23'),
	(282, 'Dr. Julie Veum', 'corkery.general@example.net', '2024-10-02 06:53:23', '$2y$10$92IXUNpkjO0rOQ5byMi.Ye4oKoEa3Ro9llC/.og/at2.uheWG/igi', 'user', 'Q42tBn8BPW', '2024-10-02 06:53:23', '2024-10-02 06:53:23'),
	(283, 'Prof. Julio Botsford PhD', 'gianni.ortiz@example.org', '2024-10-02 06:53:23', '$2y$10$92IXUNpkjO0rOQ5byMi.Ye4oKoEa3Ro9llC/.og/at2.uheWG/igi', 'user', '2ufldrvhlD', '2024-10-02 06:53:23', '2024-10-02 06:53:23'),
	(284, 'Dedric Monahan', 'antwon.mckenzie@example.com', '2024-10-02 06:53:23', '$2y$10$92IXUNpkjO0rOQ5byMi.Ye4oKoEa3Ro9llC/.og/at2.uheWG/igi', 'user', '6fwgS6t2BL', '2024-10-02 06:53:23', '2024-10-02 06:53:23'),
	(285, 'Mack Langworth', 'karen13@example.org', '2024-10-02 06:53:23', '$2y$10$92IXUNpkjO0rOQ5byMi.Ye4oKoEa3Ro9llC/.og/at2.uheWG/igi', 'user', 'vOvKbvHr0l', '2024-10-02 06:53:23', '2024-10-02 06:53:23'),
	(286, 'Jamey Franecki', 'matteo.beer@example.net', '2024-10-02 06:53:23', '$2y$10$92IXUNpkjO0rOQ5byMi.Ye4oKoEa3Ro9llC/.og/at2.uheWG/igi', 'user', 'h9PJnNTZXf', '2024-10-02 06:53:23', '2024-10-02 06:53:23'),
	(287, 'Dr. Shaniya Beatty', 'swalter@example.net', '2024-10-02 06:53:23', '$2y$10$92IXUNpkjO0rOQ5byMi.Ye4oKoEa3Ro9llC/.og/at2.uheWG/igi', 'user', 'KGytnbTWrm', '2024-10-02 06:53:23', '2024-10-02 06:53:23'),
	(288, 'Freddy Veum', 'jullrich@example.com', '2024-10-02 06:53:23', '$2y$10$92IXUNpkjO0rOQ5byMi.Ye4oKoEa3Ro9llC/.og/at2.uheWG/igi', 'user', '70hOOR1SnS', '2024-10-02 06:53:23', '2024-10-02 06:53:23'),
	(289, 'Ms. Delfina Sipes MD', 'jackeline63@example.org', '2024-10-02 06:53:23', '$2y$10$92IXUNpkjO0rOQ5byMi.Ye4oKoEa3Ro9llC/.og/at2.uheWG/igi', 'user', '46XFiGVpuO', '2024-10-02 06:53:23', '2024-10-02 06:53:23'),
	(290, 'Kaci Turcotte Jr.', 'dee71@example.net', '2024-10-02 06:53:23', '$2y$10$92IXUNpkjO0rOQ5byMi.Ye4oKoEa3Ro9llC/.og/at2.uheWG/igi', 'user', '6xCyz92CyI', '2024-10-02 06:53:23', '2024-10-02 06:53:23'),
	(291, 'Ms. Margarete Hane', 'ted.friesen@example.com', '2024-10-02 06:53:23', '$2y$10$92IXUNpkjO0rOQ5byMi.Ye4oKoEa3Ro9llC/.og/at2.uheWG/igi', 'user', 'xn7JbN6act', '2024-10-02 06:53:23', '2024-10-02 06:53:23'),
	(292, 'Mr. Arlo Grant III', 'jenkins.nelda@example.com', '2024-10-02 06:53:23', '$2y$10$92IXUNpkjO0rOQ5byMi.Ye4oKoEa3Ro9llC/.og/at2.uheWG/igi', 'user', '9e8XtV8gxi', '2024-10-02 06:53:23', '2024-10-02 06:53:23'),
	(293, 'Mrs. Eleanore Hamill', 'lynch.finn@example.org', '2024-10-02 06:53:23', '$2y$10$92IXUNpkjO0rOQ5byMi.Ye4oKoEa3Ro9llC/.og/at2.uheWG/igi', 'user', 'Ymh1pj7ucL', '2024-10-02 06:53:23', '2024-10-02 06:53:23'),
	(294, 'Cleve Reinger', 'marlon.robel@example.com', '2024-10-02 06:53:23', '$2y$10$92IXUNpkjO0rOQ5byMi.Ye4oKoEa3Ro9llC/.og/at2.uheWG/igi', 'user', 'v0hSSI0dN4', '2024-10-02 06:53:23', '2024-10-02 06:53:23'),
	(295, 'Izaiah Braun', 'kspencer@example.org', '2024-10-02 06:53:23', '$2y$10$92IXUNpkjO0rOQ5byMi.Ye4oKoEa3Ro9llC/.og/at2.uheWG/igi', 'user', '179IMaRmWL', '2024-10-02 06:53:23', '2024-10-02 06:53:23'),
	(296, 'Kyla Runte', 'eschroeder@example.net', '2024-10-02 06:53:23', '$2y$10$92IXUNpkjO0rOQ5byMi.Ye4oKoEa3Ro9llC/.og/at2.uheWG/igi', 'user', 'xnxWnqjqza', '2024-10-02 06:53:23', '2024-10-02 06:53:23'),
	(297, 'Aurelie Brakus', 'kdibbert@example.com', '2024-10-02 06:53:23', '$2y$10$92IXUNpkjO0rOQ5byMi.Ye4oKoEa3Ro9llC/.og/at2.uheWG/igi', 'user', 'dcFnMUkv7A', '2024-10-02 06:53:23', '2024-10-02 06:53:23'),
	(298, 'Jasmin Turner', 'rigoberto42@example.org', '2024-10-02 06:53:23', '$2y$10$92IXUNpkjO0rOQ5byMi.Ye4oKoEa3Ro9llC/.og/at2.uheWG/igi', 'user', 'HXfN7VCuQb', '2024-10-02 06:53:23', '2024-10-02 06:53:23'),
	(299, 'Mr. Bret Marvin DVM', 'prath@example.org', '2024-10-02 06:53:23', '$2y$10$92IXUNpkjO0rOQ5byMi.Ye4oKoEa3Ro9llC/.og/at2.uheWG/igi', 'user', '1B1zeLiz25', '2024-10-02 06:53:23', '2024-10-02 06:53:23'),
	(300, 'Prof. Herbert Rippin IV', 'zerdman@example.com', '2024-10-02 06:53:23', '$2y$10$92IXUNpkjO0rOQ5byMi.Ye4oKoEa3Ro9llC/.og/at2.uheWG/igi', 'user', '17GeFH36qK', '2024-10-02 06:53:23', '2024-10-02 06:53:23'),
	(301, 'Miss Evelyn Eichmann', 'gail.renner@example.com', '2024-10-02 06:53:23', '$2y$10$92IXUNpkjO0rOQ5byMi.Ye4oKoEa3Ro9llC/.og/at2.uheWG/igi', 'user', 'pYnL638WZh', '2024-10-02 06:53:23', '2024-10-02 06:53:23'),
	(302, 'Kareem Conn', 'jocelyn.farrell@example.com', '2024-10-02 06:53:23', '$2y$10$92IXUNpkjO0rOQ5byMi.Ye4oKoEa3Ro9llC/.og/at2.uheWG/igi', 'user', 'jT108DksH0', '2024-10-02 06:53:23', '2024-10-02 06:53:23'),
	(303, 'Dr. Collin Kuphal', 'bergnaum.jimmie@example.org', '2024-10-02 06:53:23', '$2y$10$92IXUNpkjO0rOQ5byMi.Ye4oKoEa3Ro9llC/.og/at2.uheWG/igi', 'user', 'QvTnPZ09zL', '2024-10-02 06:53:23', '2024-10-02 06:53:23'),
	(304, 'Abdiel Wilderman', 'tgoodwin@example.org', '2024-10-02 06:53:23', '$2y$10$92IXUNpkjO0rOQ5byMi.Ye4oKoEa3Ro9llC/.og/at2.uheWG/igi', 'user', 'VXH6tsYmxz', '2024-10-02 06:53:23', '2024-10-02 06:53:23'),
	(305, 'Oren Schinner', 'green.bailee@example.org', '2024-10-02 06:53:23', '$2y$10$92IXUNpkjO0rOQ5byMi.Ye4oKoEa3Ro9llC/.og/at2.uheWG/igi', 'user', 'tRRrTzLEq6', '2024-10-02 06:53:23', '2024-10-02 06:53:23'),
	(306, 'Alfredo Crooks', 'tbrakus@example.org', '2024-10-02 06:53:23', '$2y$10$92IXUNpkjO0rOQ5byMi.Ye4oKoEa3Ro9llC/.og/at2.uheWG/igi', 'user', 'hz5RvhjIUN', '2024-10-02 06:53:23', '2024-10-02 06:53:23'),
	(307, 'Curt Abbott', 'rachelle49@example.com', '2024-10-02 06:53:23', '$2y$10$92IXUNpkjO0rOQ5byMi.Ye4oKoEa3Ro9llC/.og/at2.uheWG/igi', 'user', 'xtqdvXXhdu', '2024-10-02 06:53:23', '2024-10-02 06:53:23'),
	(308, 'Kathryn Greenholt', 'bmurray@example.net', '2024-10-02 06:53:23', '$2y$10$92IXUNpkjO0rOQ5byMi.Ye4oKoEa3Ro9llC/.og/at2.uheWG/igi', 'user', 'MtAUKpNgwG', '2024-10-02 06:53:23', '2024-10-02 06:53:23'),
	(309, 'Kelli Wunsch', 'elmo.wiegand@example.com', '2024-10-02 06:53:23', '$2y$10$92IXUNpkjO0rOQ5byMi.Ye4oKoEa3Ro9llC/.og/at2.uheWG/igi', 'user', 'sp1wgqhUM9', '2024-10-02 06:53:23', '2024-10-02 06:53:23'),
	(310, 'Sharon Hickle', 'mckenzie.alia@example.net', '2024-10-02 06:53:23', '$2y$10$92IXUNpkjO0rOQ5byMi.Ye4oKoEa3Ro9llC/.og/at2.uheWG/igi', 'user', 'qf6gIJ96JE', '2024-10-02 06:53:23', '2024-10-02 06:53:23'),
	(311, 'Jacklyn Schroeder III', 'ian.hintz@example.com', '2024-10-02 06:53:23', '$2y$10$92IXUNpkjO0rOQ5byMi.Ye4oKoEa3Ro9llC/.og/at2.uheWG/igi', 'user', 'sW4B7uyY1M', '2024-10-02 06:53:23', '2024-10-02 06:53:23'),
	(312, 'Mr. Harmon Koepp DDS', 'cristobal89@example.net', '2024-10-02 06:53:23', '$2y$10$92IXUNpkjO0rOQ5byMi.Ye4oKoEa3Ro9llC/.og/at2.uheWG/igi', 'user', 'pffBMN3I0t', '2024-10-02 06:53:23', '2024-10-02 06:53:23'),
	(313, 'Mr. Emanuel Ankunding V', 'hermann.clifton@example.org', '2024-10-02 06:53:23', '$2y$10$92IXUNpkjO0rOQ5byMi.Ye4oKoEa3Ro9llC/.og/at2.uheWG/igi', 'user', 'CCXTEqoLUn', '2024-10-02 06:53:23', '2024-10-02 06:53:23'),
	(314, 'Prof. Ariane Ryan I', 'botsford.leatha@example.com', '2024-10-02 06:53:23', '$2y$10$92IXUNpkjO0rOQ5byMi.Ye4oKoEa3Ro9llC/.og/at2.uheWG/igi', 'user', 'JufE88rRzw', '2024-10-02 06:53:23', '2024-10-02 06:53:23'),
	(315, 'Prof. Mitchell Glover DVM', 'fritsch.ron@example.com', '2024-10-02 06:53:23', '$2y$10$92IXUNpkjO0rOQ5byMi.Ye4oKoEa3Ro9llC/.og/at2.uheWG/igi', 'user', 'cqipPCDpTc', '2024-10-02 06:53:23', '2024-10-02 06:53:23'),
	(316, 'Verona Swift', 'deangelo22@example.net', '2024-10-02 06:53:23', '$2y$10$92IXUNpkjO0rOQ5byMi.Ye4oKoEa3Ro9llC/.og/at2.uheWG/igi', 'user', 'qCfcv806C8', '2024-10-02 06:53:23', '2024-10-02 06:53:23'),
	(317, 'Alverta Dare DDS', 'lebsack.leila@example.net', '2024-10-02 06:53:23', '$2y$10$92IXUNpkjO0rOQ5byMi.Ye4oKoEa3Ro9llC/.og/at2.uheWG/igi', 'user', 'HSX3oNDVcp', '2024-10-02 06:53:23', '2024-10-02 06:53:23'),
	(318, 'Olaf Emmerich Jr.', 'emmie.ondricka@example.org', '2024-10-02 06:53:23', '$2y$10$92IXUNpkjO0rOQ5byMi.Ye4oKoEa3Ro9llC/.og/at2.uheWG/igi', 'user', 'eME1yy6WNB', '2024-10-02 06:53:23', '2024-10-02 06:53:23'),
	(319, 'Mr. Cade Wintheiser IV', 'owen25@example.net', '2024-10-02 06:53:23', '$2y$10$92IXUNpkjO0rOQ5byMi.Ye4oKoEa3Ro9llC/.og/at2.uheWG/igi', 'user', 'dSD10u2UuN', '2024-10-02 06:53:23', '2024-10-02 06:53:23'),
	(320, 'Caleb Sporer', 'crystal.swaniawski@example.org', '2024-10-02 06:53:23', '$2y$10$92IXUNpkjO0rOQ5byMi.Ye4oKoEa3Ro9llC/.og/at2.uheWG/igi', 'user', 'qyCmfdxUhQ', '2024-10-02 06:53:23', '2024-10-02 06:53:23'),
	(321, 'Deonte Donnelly', 'lelia02@example.org', '2024-10-02 06:53:23', '$2y$10$92IXUNpkjO0rOQ5byMi.Ye4oKoEa3Ro9llC/.og/at2.uheWG/igi', 'user', 'Wxv4Yk8Omb', '2024-10-02 06:53:23', '2024-10-02 06:53:23'),
	(322, 'Renee Hahn', 'jane.hackett@example.org', '2024-10-02 06:53:23', '$2y$10$92IXUNpkjO0rOQ5byMi.Ye4oKoEa3Ro9llC/.og/at2.uheWG/igi', 'user', 'xoOjBlCJHg', '2024-10-02 06:53:23', '2024-10-02 06:53:23'),
	(323, 'Mr. Kamron Blick', 'carley.yost@example.com', '2024-10-02 06:53:23', '$2y$10$92IXUNpkjO0rOQ5byMi.Ye4oKoEa3Ro9llC/.og/at2.uheWG/igi', 'user', '8D4jzsKN5H', '2024-10-02 06:53:23', '2024-10-02 06:53:23'),
	(324, 'Mr. Derek McGlynn', 'freddy.mohr@example.org', '2024-10-02 06:53:23', '$2y$10$92IXUNpkjO0rOQ5byMi.Ye4oKoEa3Ro9llC/.og/at2.uheWG/igi', 'user', 'fUugx8TOkQ', '2024-10-02 06:53:23', '2024-10-02 06:53:23'),
	(325, 'Miss Queenie Bradtke', 'rgraham@example.org', '2024-10-02 06:53:23', '$2y$10$92IXUNpkjO0rOQ5byMi.Ye4oKoEa3Ro9llC/.og/at2.uheWG/igi', 'user', 'RUE8vRV5Dz', '2024-10-02 06:53:23', '2024-10-02 06:53:23'),
	(326, 'Ms. Chaya Rolfson', 'kautzer.arthur@example.net', '2024-10-02 06:53:23', '$2y$10$92IXUNpkjO0rOQ5byMi.Ye4oKoEa3Ro9llC/.og/at2.uheWG/igi', 'user', '8XXHzgRe2b', '2024-10-02 06:53:23', '2024-10-02 06:53:23'),
	(327, 'Noelia Gorczany', 'johnson.leonora@example.net', '2024-10-02 06:53:23', '$2y$10$92IXUNpkjO0rOQ5byMi.Ye4oKoEa3Ro9llC/.og/at2.uheWG/igi', 'user', 'V3PUyspdn5', '2024-10-02 06:53:23', '2024-10-02 06:53:23'),
	(328, 'Elena Armstrong V', 'maryse.reynolds@example.net', '2024-10-02 06:53:23', '$2y$10$92IXUNpkjO0rOQ5byMi.Ye4oKoEa3Ro9llC/.og/at2.uheWG/igi', 'user', 'YfE6YxlCeY', '2024-10-02 06:53:23', '2024-10-02 06:53:23'),
	(329, 'Aleen Quitzon', 'tbayer@example.net', '2024-10-02 06:53:23', '$2y$10$92IXUNpkjO0rOQ5byMi.Ye4oKoEa3Ro9llC/.og/at2.uheWG/igi', 'user', 'jFIVLnXigx', '2024-10-02 06:53:23', '2024-10-02 06:53:23'),
	(330, 'Lavern Reichert', 'kenyon.littel@example.net', '2024-10-02 06:53:23', '$2y$10$92IXUNpkjO0rOQ5byMi.Ye4oKoEa3Ro9llC/.og/at2.uheWG/igi', 'user', 'hM9uN5P8hz', '2024-10-02 06:53:23', '2024-10-02 06:53:23'),
	(331, 'Dayne Leffler', 'hlangworth@example.org', '2024-10-02 06:53:23', '$2y$10$92IXUNpkjO0rOQ5byMi.Ye4oKoEa3Ro9llC/.og/at2.uheWG/igi', 'user', 'ui7F7OAABD', '2024-10-02 06:53:23', '2024-10-02 06:53:23'),
	(332, 'Rodrigo Metz', 'emorar@example.org', '2024-10-02 06:53:23', '$2y$10$92IXUNpkjO0rOQ5byMi.Ye4oKoEa3Ro9llC/.og/at2.uheWG/igi', 'user', 'eEq6IMyKnl', '2024-10-02 06:53:23', '2024-10-02 06:53:23'),
	(333, 'Allie D\'Amore', 'effie81@example.org', '2024-10-02 06:53:23', '$2y$10$92IXUNpkjO0rOQ5byMi.Ye4oKoEa3Ro9llC/.og/at2.uheWG/igi', 'user', 'wmh8SVod94', '2024-10-02 06:53:23', '2024-10-02 06:53:23'),
	(334, 'Samanta Sawayn', 'hyost@example.net', '2024-10-02 06:53:23', '$2y$10$92IXUNpkjO0rOQ5byMi.Ye4oKoEa3Ro9llC/.og/at2.uheWG/igi', 'user', 'm5SYXtXWwb', '2024-10-02 06:53:23', '2024-10-02 06:53:23'),
	(335, 'Perry Lind III', 'madie.bauch@example.org', '2024-10-02 06:53:23', '$2y$10$92IXUNpkjO0rOQ5byMi.Ye4oKoEa3Ro9llC/.og/at2.uheWG/igi', 'user', 'bE9Qjmgusc', '2024-10-02 06:53:23', '2024-10-02 06:53:23'),
	(336, 'Grant Tillman', 'carissa.thiel@example.com', '2024-10-02 06:53:23', '$2y$10$92IXUNpkjO0rOQ5byMi.Ye4oKoEa3Ro9llC/.og/at2.uheWG/igi', 'user', 'vBvi3raqvH', '2024-10-02 06:53:23', '2024-10-02 06:53:23'),
	(337, 'Kiley Stroman', 'cjacobson@example.net', '2024-10-02 06:53:23', '$2y$10$92IXUNpkjO0rOQ5byMi.Ye4oKoEa3Ro9llC/.og/at2.uheWG/igi', 'user', 'WSqgjkVjMI', '2024-10-02 06:53:23', '2024-10-02 06:53:23'),
	(338, 'Kaitlin Feil', 'heller.valentine@example.org', '2024-10-02 06:53:23', '$2y$10$92IXUNpkjO0rOQ5byMi.Ye4oKoEa3Ro9llC/.og/at2.uheWG/igi', 'user', 'hKvme1tGL7', '2024-10-02 06:53:23', '2024-10-02 06:53:23'),
	(339, 'Dr. Trevor Waelchi Jr.', 'tillman.devonte@example.com', '2024-10-02 06:53:23', '$2y$10$92IXUNpkjO0rOQ5byMi.Ye4oKoEa3Ro9llC/.og/at2.uheWG/igi', 'user', 'G0pBn65N4F', '2024-10-02 06:53:23', '2024-10-02 06:53:23'),
	(340, 'Alena Herzog II', 'blind@example.net', '2024-10-02 06:53:23', '$2y$10$92IXUNpkjO0rOQ5byMi.Ye4oKoEa3Ro9llC/.og/at2.uheWG/igi', 'user', '6nekchXlV7', '2024-10-02 06:53:23', '2024-10-02 06:53:23'),
	(341, 'Savion Nolan', 'ngoldner@example.org', '2024-10-02 06:53:23', '$2y$10$92IXUNpkjO0rOQ5byMi.Ye4oKoEa3Ro9llC/.og/at2.uheWG/igi', 'user', 'bfOHjubtf3', '2024-10-02 06:53:23', '2024-10-02 06:53:23'),
	(342, 'Mr. Elian Stroman DVM', 'ora.abshire@example.org', '2024-10-02 06:53:23', '$2y$10$92IXUNpkjO0rOQ5byMi.Ye4oKoEa3Ro9llC/.og/at2.uheWG/igi', 'user', 'FQcG5rLeR0', '2024-10-02 06:53:23', '2024-10-02 06:53:23'),
	(343, 'Mr. Juwan Von Sr.', 'wunsch.lera@example.org', '2024-10-02 06:53:23', '$2y$10$92IXUNpkjO0rOQ5byMi.Ye4oKoEa3Ro9llC/.og/at2.uheWG/igi', 'user', 'jkbAvSQUIi', '2024-10-02 06:53:23', '2024-10-02 06:53:23'),
	(344, 'Brionna Kuhn', 'jaden00@example.org', '2024-10-02 06:53:23', '$2y$10$92IXUNpkjO0rOQ5byMi.Ye4oKoEa3Ro9llC/.og/at2.uheWG/igi', 'user', 'TKsAGhVfjo', '2024-10-02 06:53:23', '2024-10-02 06:53:23'),
	(345, 'Luella O\'Keefe', 'river21@example.net', '2024-10-02 06:53:23', '$2y$10$92IXUNpkjO0rOQ5byMi.Ye4oKoEa3Ro9llC/.og/at2.uheWG/igi', 'user', 'CgZcx9Wgyq', '2024-10-02 06:53:23', '2024-10-02 06:53:23'),
	(346, 'Rocky Stracke Sr.', 'bernhard.glennie@example.net', '2024-10-02 06:53:23', '$2y$10$92IXUNpkjO0rOQ5byMi.Ye4oKoEa3Ro9llC/.og/at2.uheWG/igi', 'user', 'RqcK7ESxaU', '2024-10-02 06:53:23', '2024-10-02 06:53:23'),
	(347, 'Billy Stroman', 'chauncey.white@example.com', '2024-10-02 06:53:23', '$2y$10$92IXUNpkjO0rOQ5byMi.Ye4oKoEa3Ro9llC/.og/at2.uheWG/igi', 'user', 'HfqppZZeQz', '2024-10-02 06:53:23', '2024-10-02 06:53:23'),
	(348, 'Madisyn Crona III', 'gregg22@example.net', '2024-10-02 06:53:23', '$2y$10$92IXUNpkjO0rOQ5byMi.Ye4oKoEa3Ro9llC/.og/at2.uheWG/igi', 'user', 'wDZkSUO5k3', '2024-10-02 06:53:23', '2024-10-02 06:53:23'),
	(349, 'Mr. Judah Schroeder Sr.', 'nestor80@example.net', '2024-10-02 06:53:23', '$2y$10$92IXUNpkjO0rOQ5byMi.Ye4oKoEa3Ro9llC/.og/at2.uheWG/igi', 'user', 'JSm9f4lTcZ', '2024-10-02 06:53:23', '2024-10-02 06:53:23'),
	(350, 'Tanya Swift MD', 'irohan@example.net', '2024-10-02 06:53:23', '$2y$10$92IXUNpkjO0rOQ5byMi.Ye4oKoEa3Ro9llC/.og/at2.uheWG/igi', 'user', 'ScxM7T8N34', '2024-10-02 06:53:23', '2024-10-02 06:53:23'),
	(351, 'Terrance Stoltenberg', 'grunolfsson@example.com', '2024-10-02 06:53:23', '$2y$10$92IXUNpkjO0rOQ5byMi.Ye4oKoEa3Ro9llC/.og/at2.uheWG/igi', 'user', 'PMHtCYPbNL', '2024-10-02 06:53:23', '2024-10-02 06:53:23'),
	(352, 'Euna Considine Jr.', 'gorczany.zackary@example.net', '2024-10-02 06:53:23', '$2y$10$92IXUNpkjO0rOQ5byMi.Ye4oKoEa3Ro9llC/.og/at2.uheWG/igi', 'user', 'U2heqoFZYd', '2024-10-02 06:53:23', '2024-10-02 06:53:23'),
	(353, 'Mrs. Edythe Dickens I', 'streich.kadin@example.com', '2024-10-02 06:53:23', '$2y$10$92IXUNpkjO0rOQ5byMi.Ye4oKoEa3Ro9llC/.og/at2.uheWG/igi', 'user', 'yvWdHrPM7g', '2024-10-02 06:53:23', '2024-10-02 06:53:23'),
	(354, 'Dr. Doug Walker', 'rglover@example.org', '2024-10-02 06:53:23', '$2y$10$92IXUNpkjO0rOQ5byMi.Ye4oKoEa3Ro9llC/.og/at2.uheWG/igi', 'user', 'xPJcGnwIbM', '2024-10-02 06:53:23', '2024-10-02 06:53:23'),
	(355, 'Rogelio Botsford I', 'royce.conn@example.net', '2024-10-02 06:53:23', '$2y$10$92IXUNpkjO0rOQ5byMi.Ye4oKoEa3Ro9llC/.og/at2.uheWG/igi', 'user', 'MTdltFgFQ6', '2024-10-02 06:53:23', '2024-10-02 06:53:23'),
	(356, 'Jeromy Nader MD', 'cole.jordi@example.org', '2024-10-02 06:53:23', '$2y$10$92IXUNpkjO0rOQ5byMi.Ye4oKoEa3Ro9llC/.og/at2.uheWG/igi', 'user', 'ND6wZ7PNDB', '2024-10-02 06:53:23', '2024-10-02 06:53:23'),
	(357, 'Mr. Lonzo Heller', 'iklein@example.org', '2024-10-02 06:53:23', '$2y$10$92IXUNpkjO0rOQ5byMi.Ye4oKoEa3Ro9llC/.og/at2.uheWG/igi', 'user', 'upHUGd1Xia', '2024-10-02 06:53:23', '2024-10-02 06:53:23'),
	(358, 'Ewell Hansen MD', 'gward@example.net', '2024-10-02 06:53:23', '$2y$10$92IXUNpkjO0rOQ5byMi.Ye4oKoEa3Ro9llC/.og/at2.uheWG/igi', 'user', 'gMqbU57dEN', '2024-10-02 06:53:23', '2024-10-02 06:53:23'),
	(359, 'Dr. Susana Gusikowski V', 'natalie29@example.org', '2024-10-02 06:53:23', '$2y$10$92IXUNpkjO0rOQ5byMi.Ye4oKoEa3Ro9llC/.og/at2.uheWG/igi', 'user', 'BVER0HMzOj', '2024-10-02 06:53:23', '2024-10-02 06:53:23'),
	(360, 'Charity Terry', 'rau.chanelle@example.com', '2024-10-02 06:53:23', '$2y$10$92IXUNpkjO0rOQ5byMi.Ye4oKoEa3Ro9llC/.og/at2.uheWG/igi', 'user', 'FVtlL0s82j', '2024-10-02 06:53:23', '2024-10-02 06:53:23'),
	(361, 'Eula Kuhlman', 'maxwell59@example.net', '2024-10-02 06:53:23', '$2y$10$92IXUNpkjO0rOQ5byMi.Ye4oKoEa3Ro9llC/.og/at2.uheWG/igi', 'user', '8hZ5f67ArJ', '2024-10-02 06:53:23', '2024-10-02 06:53:23'),
	(362, 'Uriah Pfannerstill MD', 'christy86@example.org', '2024-10-02 06:53:23', '$2y$10$92IXUNpkjO0rOQ5byMi.Ye4oKoEa3Ro9llC/.og/at2.uheWG/igi', 'user', 'vFZQ6F6BlG', '2024-10-02 06:53:23', '2024-10-02 06:53:23'),
	(363, 'Anabelle Ullrich', 'raul.rohan@example.org', '2024-10-02 06:53:23', '$2y$10$92IXUNpkjO0rOQ5byMi.Ye4oKoEa3Ro9llC/.og/at2.uheWG/igi', 'user', 'K2aOUSMsrH', '2024-10-02 06:53:23', '2024-10-02 06:53:23'),
	(364, 'Jeanne Hegmann', 'grant.vita@example.net', '2024-10-02 06:53:23', '$2y$10$92IXUNpkjO0rOQ5byMi.Ye4oKoEa3Ro9llC/.og/at2.uheWG/igi', 'user', 'YqtDwksHni', '2024-10-02 06:53:23', '2024-10-02 06:53:23'),
	(365, 'Mr. Jedediah Simonis', 'wconsidine@example.net', '2024-10-02 06:53:23', '$2y$10$92IXUNpkjO0rOQ5byMi.Ye4oKoEa3Ro9llC/.og/at2.uheWG/igi', 'user', '7zf3eAU45A', '2024-10-02 06:53:23', '2024-10-02 06:53:23'),
	(366, 'Prof. Claudine Bartoletti', 'sonny34@example.net', '2024-10-02 06:53:23', '$2y$10$92IXUNpkjO0rOQ5byMi.Ye4oKoEa3Ro9llC/.og/at2.uheWG/igi', 'user', 'wYjGodabyW', '2024-10-02 06:53:23', '2024-10-02 06:53:23'),
	(367, 'Garth Jast', 'yasmine.hoeger@example.com', '2024-10-02 06:53:23', '$2y$10$92IXUNpkjO0rOQ5byMi.Ye4oKoEa3Ro9llC/.og/at2.uheWG/igi', 'user', 'Q5AJ5NIMHQ', '2024-10-02 06:53:23', '2024-10-02 06:53:23'),
	(368, 'Karen Lind', 'zwalsh@example.com', '2024-10-02 06:53:23', '$2y$10$92IXUNpkjO0rOQ5byMi.Ye4oKoEa3Ro9llC/.og/at2.uheWG/igi', 'user', 'ObCrz7QYlL', '2024-10-02 06:53:23', '2024-10-02 06:53:23'),
	(369, 'Loy Mueller', 'jframi@example.org', '2024-10-02 06:53:23', '$2y$10$92IXUNpkjO0rOQ5byMi.Ye4oKoEa3Ro9llC/.og/at2.uheWG/igi', 'user', 'ET6QqFv3YR', '2024-10-02 06:53:23', '2024-10-02 06:53:23'),
	(370, 'Phoebe Rempel', 'marc.shields@example.org', '2024-10-02 06:53:23', '$2y$10$92IXUNpkjO0rOQ5byMi.Ye4oKoEa3Ro9llC/.og/at2.uheWG/igi', 'user', 'OpqqAN37ab', '2024-10-02 06:53:23', '2024-10-02 06:53:23'),
	(371, 'Samara Pfeffer', 'fjohnson@example.org', '2024-10-02 06:53:23', '$2y$10$92IXUNpkjO0rOQ5byMi.Ye4oKoEa3Ro9llC/.og/at2.uheWG/igi', 'user', 'cQBLTsjeDi', '2024-10-02 06:53:23', '2024-10-02 06:53:23'),
	(372, 'Jaylen Crona', 'felicia.johnson@example.net', '2024-10-02 06:53:23', '$2y$10$92IXUNpkjO0rOQ5byMi.Ye4oKoEa3Ro9llC/.og/at2.uheWG/igi', 'user', 'AE8EZT2WVF', '2024-10-02 06:53:23', '2024-10-02 06:53:23'),
	(373, 'Easton Leannon', 'deborah.considine@example.net', '2024-10-02 06:53:23', '$2y$10$92IXUNpkjO0rOQ5byMi.Ye4oKoEa3Ro9llC/.og/at2.uheWG/igi', 'user', 'jZbFOgzAfV', '2024-10-02 06:53:23', '2024-10-02 06:53:23'),
	(374, 'Vernon Lockman', 'epacocha@example.net', '2024-10-02 06:53:23', '$2y$10$92IXUNpkjO0rOQ5byMi.Ye4oKoEa3Ro9llC/.og/at2.uheWG/igi', 'user', '7EtbYhI1jC', '2024-10-02 06:53:23', '2024-10-02 06:53:23'),
	(375, 'Aryanna Wehner', 'gina81@example.com', '2024-10-02 06:53:23', '$2y$10$92IXUNpkjO0rOQ5byMi.Ye4oKoEa3Ro9llC/.og/at2.uheWG/igi', 'user', 'lFGbx3j66l', '2024-10-02 06:53:23', '2024-10-02 06:53:23'),
	(376, 'Mr. Jermey Baumbach', 'murphy.adeline@example.org', '2024-10-02 06:53:23', '$2y$10$92IXUNpkjO0rOQ5byMi.Ye4oKoEa3Ro9llC/.og/at2.uheWG/igi', 'user', 'Mpj8cjIRfR', '2024-10-02 06:53:23', '2024-10-02 06:53:23'),
	(377, 'Ms. Jenifer Hand DDS', 'margret.herzog@example.net', '2024-10-02 06:53:23', '$2y$10$92IXUNpkjO0rOQ5byMi.Ye4oKoEa3Ro9llC/.og/at2.uheWG/igi', 'user', 'cpVgnYVBpg', '2024-10-02 06:53:23', '2024-10-02 06:53:23'),
	(378, 'Geovany Turner', 'zachary.satterfield@example.org', '2024-10-02 06:53:23', '$2y$10$92IXUNpkjO0rOQ5byMi.Ye4oKoEa3Ro9llC/.og/at2.uheWG/igi', 'user', 'ELatm2UJbe', '2024-10-02 06:53:23', '2024-10-02 06:53:23'),
	(379, 'Rylee Runte', 'barton.jovany@example.net', '2024-10-02 06:53:23', '$2y$10$92IXUNpkjO0rOQ5byMi.Ye4oKoEa3Ro9llC/.og/at2.uheWG/igi', 'user', '8R727hlGOS', '2024-10-02 06:53:23', '2024-10-02 06:53:23'),
	(380, 'Pascale Carroll', 'lbeatty@example.net', '2024-10-02 06:53:23', '$2y$10$92IXUNpkjO0rOQ5byMi.Ye4oKoEa3Ro9llC/.og/at2.uheWG/igi', 'user', 'vRS8HMnTor', '2024-10-02 06:53:23', '2024-10-02 06:53:23'),
	(381, 'Mr. Edgardo Langosh V', 'annalise.gerhold@example.org', '2024-10-02 06:53:23', '$2y$10$92IXUNpkjO0rOQ5byMi.Ye4oKoEa3Ro9llC/.og/at2.uheWG/igi', 'user', 'cu6aF8VGSG', '2024-10-02 06:53:23', '2024-10-02 06:53:23'),
	(382, 'Clementina Boyle', 'randi09@example.org', '2024-10-02 06:53:23', '$2y$10$92IXUNpkjO0rOQ5byMi.Ye4oKoEa3Ro9llC/.og/at2.uheWG/igi', 'user', 's2a7bN3xkE', '2024-10-02 06:53:23', '2024-10-02 06:53:23'),
	(383, 'Zachary Leffler', 'kkunde@example.net', '2024-10-02 06:53:23', '$2y$10$92IXUNpkjO0rOQ5byMi.Ye4oKoEa3Ro9llC/.og/at2.uheWG/igi', 'user', 'MW7nkO5TL2', '2024-10-02 06:53:23', '2024-10-02 06:53:23'),
	(384, 'Ms. Bridget Heidenreich I', 'eherman@example.com', '2024-10-02 06:53:23', '$2y$10$92IXUNpkjO0rOQ5byMi.Ye4oKoEa3Ro9llC/.og/at2.uheWG/igi', 'user', 'pbrRuRUAvg', '2024-10-02 06:53:23', '2024-10-02 06:53:23'),
	(385, 'Imani Ferry', 'ryley73@example.org', '2024-10-02 06:53:23', '$2y$10$92IXUNpkjO0rOQ5byMi.Ye4oKoEa3Ro9llC/.og/at2.uheWG/igi', 'user', 'fFMux6I7e2', '2024-10-02 06:53:23', '2024-10-02 06:53:23'),
	(386, 'Linda Johns', 'heidenreich.ed@example.com', '2024-10-02 06:53:23', '$2y$10$92IXUNpkjO0rOQ5byMi.Ye4oKoEa3Ro9llC/.og/at2.uheWG/igi', 'user', 'stMysV5ZQr', '2024-10-02 06:53:23', '2024-10-02 06:53:23'),
	(387, 'Alfredo Runolfsdottir Sr.', 'shields.reese@example.org', '2024-10-02 06:53:23', '$2y$10$92IXUNpkjO0rOQ5byMi.Ye4oKoEa3Ro9llC/.og/at2.uheWG/igi', 'user', '7rKZTQU9tt', '2024-10-02 06:53:23', '2024-10-02 06:53:23'),
	(388, 'Forest Gleason', 'thomas.heller@example.net', '2024-10-02 06:53:23', '$2y$10$92IXUNpkjO0rOQ5byMi.Ye4oKoEa3Ro9llC/.og/at2.uheWG/igi', 'user', 'ThDOli7QfV', '2024-10-02 06:53:23', '2024-10-02 06:53:23'),
	(389, 'Shane Littel', 'bonita19@example.org', '2024-10-02 06:53:23', '$2y$10$92IXUNpkjO0rOQ5byMi.Ye4oKoEa3Ro9llC/.og/at2.uheWG/igi', 'user', 'OqA5mRjKJe', '2024-10-02 06:53:23', '2024-10-02 06:53:23'),
	(390, 'Rowan Glover', 'hkozey@example.net', '2024-10-02 06:53:23', '$2y$10$92IXUNpkjO0rOQ5byMi.Ye4oKoEa3Ro9llC/.og/at2.uheWG/igi', 'user', '52Z2uNdekN', '2024-10-02 06:53:23', '2024-10-02 06:53:23'),
	(391, 'Jeremie Koss', 'karlie46@example.net', '2024-10-02 06:53:23', '$2y$10$92IXUNpkjO0rOQ5byMi.Ye4oKoEa3Ro9llC/.og/at2.uheWG/igi', 'user', 'pYS1YxDt56', '2024-10-02 06:53:23', '2024-10-02 06:53:23'),
	(392, 'Mr. Harold Kirlin', 'dillan10@example.com', '2024-10-02 06:53:23', '$2y$10$92IXUNpkjO0rOQ5byMi.Ye4oKoEa3Ro9llC/.og/at2.uheWG/igi', 'user', 'b3tFo7OyXH', '2024-10-02 06:53:23', '2024-10-02 06:53:23'),
	(393, 'Dereck Waelchi', 'ybarrows@example.com', '2024-10-02 06:53:23', '$2y$10$92IXUNpkjO0rOQ5byMi.Ye4oKoEa3Ro9llC/.og/at2.uheWG/igi', 'user', 'HdKxMJqugx', '2024-10-02 06:53:23', '2024-10-02 06:53:23'),
	(394, 'Vance Friesen', 'kieran40@example.com', '2024-10-02 06:53:23', '$2y$10$92IXUNpkjO0rOQ5byMi.Ye4oKoEa3Ro9llC/.og/at2.uheWG/igi', 'user', 'OzWhGUfLUw', '2024-10-02 06:53:23', '2024-10-02 06:53:23'),
	(395, 'Margarette Medhurst', 'powlowski.adele@example.org', '2024-10-02 06:53:23', '$2y$10$92IXUNpkjO0rOQ5byMi.Ye4oKoEa3Ro9llC/.og/at2.uheWG/igi', 'user', '3rgE9NtqIP', '2024-10-02 06:53:23', '2024-10-02 06:53:23'),
	(396, 'Dr. Alfreda Toy PhD', 'abbott.omer@example.net', '2024-10-02 06:53:23', '$2y$10$92IXUNpkjO0rOQ5byMi.Ye4oKoEa3Ro9llC/.og/at2.uheWG/igi', 'user', 'Ohsqg7yY4j', '2024-10-02 06:53:23', '2024-10-02 06:53:23'),
	(397, 'Prof. Perry Rohan PhD', 'mitchel.cremin@example.com', '2024-10-02 06:53:23', '$2y$10$92IXUNpkjO0rOQ5byMi.Ye4oKoEa3Ro9llC/.og/at2.uheWG/igi', 'user', '7f2f9pO7Re', '2024-10-02 06:53:23', '2024-10-02 06:53:23'),
	(398, 'Prof. Dean Heaney III', 'sschaden@example.org', '2024-10-02 06:53:23', '$2y$10$92IXUNpkjO0rOQ5byMi.Ye4oKoEa3Ro9llC/.og/at2.uheWG/igi', 'user', 'w0ydgQJWDu', '2024-10-02 06:53:23', '2024-10-02 06:53:23'),
	(399, 'Dr. Berry Shields', 'friesen.carrie@example.com', '2024-10-02 06:53:23', '$2y$10$92IXUNpkjO0rOQ5byMi.Ye4oKoEa3Ro9llC/.og/at2.uheWG/igi', 'user', 'RXxWWh62Bb', '2024-10-02 06:53:23', '2024-10-02 06:53:23'),
	(400, 'Ms. Marlee Reinger Jr.', 'nbogisich@example.com', '2024-10-02 06:53:23', '$2y$10$92IXUNpkjO0rOQ5byMi.Ye4oKoEa3Ro9llC/.og/at2.uheWG/igi', 'user', '5PjaqjVe98', '2024-10-02 06:53:23', '2024-10-02 06:53:23'),
	(401, 'Raheem Braun III', 'brenden86@example.com', '2024-10-02 06:53:23', '$2y$10$92IXUNpkjO0rOQ5byMi.Ye4oKoEa3Ro9llC/.og/at2.uheWG/igi', 'user', 'GVRHcW6qm6', '2024-10-02 06:53:23', '2024-10-02 06:53:23'),
	(402, 'Darien O\'Hara IV', 'dasia36@example.org', '2024-10-02 06:53:23', '$2y$10$92IXUNpkjO0rOQ5byMi.Ye4oKoEa3Ro9llC/.og/at2.uheWG/igi', 'user', 'sJuA80O04v', '2024-10-02 06:53:23', '2024-10-02 06:53:23'),
	(403, 'Einar Frami', 'kirk.schoen@example.com', '2024-10-02 06:53:23', '$2y$10$92IXUNpkjO0rOQ5byMi.Ye4oKoEa3Ro9llC/.og/at2.uheWG/igi', 'user', 'rGO0d86R5Q', '2024-10-02 06:53:23', '2024-10-02 06:53:23'),
	(404, 'Donnell Lebsack', 'mcglynn.ezra@example.org', '2024-10-02 06:53:23', '$2y$10$92IXUNpkjO0rOQ5byMi.Ye4oKoEa3Ro9llC/.og/at2.uheWG/igi', 'user', 'sr8lXLgL79', '2024-10-02 06:53:23', '2024-10-02 06:53:23'),
	(405, 'Miss Breanna Trantow DVM', 'hritchie@example.net', '2024-10-02 06:53:23', '$2y$10$92IXUNpkjO0rOQ5byMi.Ye4oKoEa3Ro9llC/.og/at2.uheWG/igi', 'user', 'Ml9yPDIi8H', '2024-10-02 06:53:23', '2024-10-02 06:53:23'),
	(406, 'Kari Wuckert', 'hills.rebecca@example.com', '2024-10-02 06:53:23', '$2y$10$92IXUNpkjO0rOQ5byMi.Ye4oKoEa3Ro9llC/.og/at2.uheWG/igi', 'user', '9zmb0TRejP', '2024-10-02 06:53:23', '2024-10-02 06:53:23'),
	(407, 'Miss Alexandrine Volkman', 'manley51@example.net', '2024-10-02 06:53:23', '$2y$10$92IXUNpkjO0rOQ5byMi.Ye4oKoEa3Ro9llC/.og/at2.uheWG/igi', 'user', 'ovOgBANDRt', '2024-10-02 06:53:23', '2024-10-02 06:53:23'),
	(408, 'Hans Hamill', 'xcrooks@example.com', '2024-10-02 06:53:23', '$2y$10$92IXUNpkjO0rOQ5byMi.Ye4oKoEa3Ro9llC/.og/at2.uheWG/igi', 'user', 'cc9b7cF3h7', '2024-10-02 06:53:23', '2024-10-02 06:53:23'),
	(409, 'Ms. Lorena Bechtelar', 'kozey.francisco@example.net', '2024-10-02 06:53:23', '$2y$10$92IXUNpkjO0rOQ5byMi.Ye4oKoEa3Ro9llC/.og/at2.uheWG/igi', 'user', 'DRtWgBKTm0', '2024-10-02 06:53:23', '2024-10-02 06:53:23'),
	(410, 'Hailie Williamson', 'kellie97@example.com', '2024-10-02 06:53:23', '$2y$10$92IXUNpkjO0rOQ5byMi.Ye4oKoEa3Ro9llC/.og/at2.uheWG/igi', 'user', 'HDXYQKx1Ga', '2024-10-02 06:53:23', '2024-10-02 06:53:23'),
	(411, 'Prof. Wyman Runolfsson MD', 'grady.rachael@example.org', '2024-10-02 06:53:23', '$2y$10$92IXUNpkjO0rOQ5byMi.Ye4oKoEa3Ro9llC/.og/at2.uheWG/igi', 'user', 'GVZsKAnhR8', '2024-10-02 06:53:23', '2024-10-02 06:53:23'),
	(412, 'Darrell Rogahn', 'jnader@example.org', '2024-10-02 06:53:23', '$2y$10$92IXUNpkjO0rOQ5byMi.Ye4oKoEa3Ro9llC/.og/at2.uheWG/igi', 'user', 'lVhNAAYDYV', '2024-10-02 06:53:23', '2024-10-02 06:53:23'),
	(413, 'Mya Waelchi', 'emard.lane@example.com', '2024-10-02 06:53:23', '$2y$10$92IXUNpkjO0rOQ5byMi.Ye4oKoEa3Ro9llC/.og/at2.uheWG/igi', 'user', 'gr9R3qwVMY', '2024-10-02 06:53:23', '2024-10-02 06:53:23'),
	(414, 'Silas Bins', 'schowalter.therese@example.org', '2024-10-02 06:53:23', '$2y$10$92IXUNpkjO0rOQ5byMi.Ye4oKoEa3Ro9llC/.og/at2.uheWG/igi', 'user', 'ri2X8xFMHv', '2024-10-02 06:53:23', '2024-10-02 06:53:23'),
	(415, 'Toy Veum', 'vinnie27@example.com', '2024-10-02 06:53:23', '$2y$10$92IXUNpkjO0rOQ5byMi.Ye4oKoEa3Ro9llC/.og/at2.uheWG/igi', 'user', '8yN7qLXv7C', '2024-10-02 06:53:23', '2024-10-02 06:53:23'),
	(416, 'Prof. Rowena Hane PhD', 'reese12@example.org', '2024-10-02 06:53:23', '$2y$10$92IXUNpkjO0rOQ5byMi.Ye4oKoEa3Ro9llC/.og/at2.uheWG/igi', 'user', 'OtlCeDiLlo', '2024-10-02 06:53:23', '2024-10-02 06:53:23'),
	(417, 'Prof. Chelsea Streich', 'diana.schuster@example.org', '2024-10-02 06:53:23', '$2y$10$92IXUNpkjO0rOQ5byMi.Ye4oKoEa3Ro9llC/.og/at2.uheWG/igi', 'user', 'ultkR1uCs3', '2024-10-02 06:53:23', '2024-10-02 06:53:23'),
	(418, 'Cassandra Mayert Jr.', 'rice.eldred@example.org', '2024-10-02 06:53:23', '$2y$10$92IXUNpkjO0rOQ5byMi.Ye4oKoEa3Ro9llC/.og/at2.uheWG/igi', 'user', '1OF7hEnCok', '2024-10-02 06:53:23', '2024-10-02 06:53:23'),
	(419, 'Gay Langosh', 'olabadie@example.com', '2024-10-02 06:53:23', '$2y$10$92IXUNpkjO0rOQ5byMi.Ye4oKoEa3Ro9llC/.og/at2.uheWG/igi', 'user', '0ZKbUBX15F', '2024-10-02 06:53:23', '2024-10-02 06:53:23'),
	(420, 'Prof. Libby Rutherford', 'brain12@example.com', '2024-10-02 06:53:23', '$2y$10$92IXUNpkjO0rOQ5byMi.Ye4oKoEa3Ro9llC/.og/at2.uheWG/igi', 'user', 'ApYBCI1MFG', '2024-10-02 06:53:23', '2024-10-02 06:53:23'),
	(421, 'Ernie Leannon', 'lenny.dickinson@example.net', '2024-10-02 06:53:23', '$2y$10$92IXUNpkjO0rOQ5byMi.Ye4oKoEa3Ro9llC/.og/at2.uheWG/igi', 'user', '0JQpsrblqq', '2024-10-02 06:53:23', '2024-10-02 06:53:23'),
	(422, 'Justina Dicki', 'funk.electa@example.net', '2024-10-02 06:53:23', '$2y$10$92IXUNpkjO0rOQ5byMi.Ye4oKoEa3Ro9llC/.og/at2.uheWG/igi', 'user', 'nPjuYqlD3c', '2024-10-02 06:53:23', '2024-10-02 06:53:23'),
	(423, 'Prof. Angel Morissette DDS', 'schroeder.lenny@example.com', '2024-10-02 06:53:23', '$2y$10$92IXUNpkjO0rOQ5byMi.Ye4oKoEa3Ro9llC/.og/at2.uheWG/igi', 'user', 'EVAOtTHVaR', '2024-10-02 06:53:23', '2024-10-02 06:53:23'),
	(424, 'Prof. Emmett Christiansen', 'florida.goodwin@example.net', '2024-10-02 06:53:23', '$2y$10$92IXUNpkjO0rOQ5byMi.Ye4oKoEa3Ro9llC/.og/at2.uheWG/igi', 'user', 'w810CJJxh5', '2024-10-02 06:53:23', '2024-10-02 06:53:23'),
	(425, 'Kristoffer Stiedemann', 'benny.runte@example.net', '2024-10-02 06:53:23', '$2y$10$92IXUNpkjO0rOQ5byMi.Ye4oKoEa3Ro9llC/.og/at2.uheWG/igi', 'user', '10wwvZcPDF', '2024-10-02 06:53:23', '2024-10-02 06:53:23'),
	(426, 'Prof. Kaia Ankunding IV', 'swilderman@example.com', '2024-10-02 06:53:23', '$2y$10$92IXUNpkjO0rOQ5byMi.Ye4oKoEa3Ro9llC/.og/at2.uheWG/igi', 'user', 'Jef0fS5FP2', '2024-10-02 06:53:23', '2024-10-02 06:53:23'),
	(427, 'Dario Macejkovic', 'blowe@example.org', '2024-10-02 06:53:23', '$2y$10$92IXUNpkjO0rOQ5byMi.Ye4oKoEa3Ro9llC/.og/at2.uheWG/igi', 'user', 'i8o7sIHmtK', '2024-10-02 06:53:23', '2024-10-02 06:53:23'),
	(428, 'Fay Leuschke Sr.', 'odell38@example.com', '2024-10-02 06:53:23', '$2y$10$92IXUNpkjO0rOQ5byMi.Ye4oKoEa3Ro9llC/.og/at2.uheWG/igi', 'user', 'hPe0CEFG0v', '2024-10-02 06:53:23', '2024-10-02 06:53:23'),
	(429, 'Camila Rath', 'flavio64@example.net', '2024-10-02 06:53:23', '$2y$10$92IXUNpkjO0rOQ5byMi.Ye4oKoEa3Ro9llC/.og/at2.uheWG/igi', 'user', 'WYSsSRzuxI', '2024-10-02 06:53:23', '2024-10-02 06:53:23'),
	(430, 'Prof. Ansel Harber', 'keebler.cora@example.net', '2024-10-02 06:53:23', '$2y$10$92IXUNpkjO0rOQ5byMi.Ye4oKoEa3Ro9llC/.og/at2.uheWG/igi', 'user', 'MikBVD82jr', '2024-10-02 06:53:23', '2024-10-02 06:53:23'),
	(431, 'Jayne Auer', 'vkunze@example.org', '2024-10-02 06:53:23', '$2y$10$92IXUNpkjO0rOQ5byMi.Ye4oKoEa3Ro9llC/.og/at2.uheWG/igi', 'user', 'BgEgJBObdW', '2024-10-02 06:53:23', '2024-10-02 06:53:23'),
	(432, 'Dr. Arlo Lueilwitz V', 'ullrich.izaiah@example.org', '2024-10-02 06:53:23', '$2y$10$92IXUNpkjO0rOQ5byMi.Ye4oKoEa3Ro9llC/.og/at2.uheWG/igi', 'user', 'yd1aMn0cH8', '2024-10-02 06:53:23', '2024-10-02 06:53:23'),
	(433, 'Dr. Ivah Leffler Sr.', 'oberbrunner.erich@example.net', '2024-10-02 06:53:23', '$2y$10$92IXUNpkjO0rOQ5byMi.Ye4oKoEa3Ro9llC/.og/at2.uheWG/igi', 'user', 'Xuf3l1aHi4', '2024-10-02 06:53:23', '2024-10-02 06:53:23'),
	(434, 'Prof. Berry Zemlak I', 'aubree90@example.org', '2024-10-02 06:53:23', '$2y$10$92IXUNpkjO0rOQ5byMi.Ye4oKoEa3Ro9llC/.og/at2.uheWG/igi', 'user', 'PEZeELBiuB', '2024-10-02 06:53:23', '2024-10-02 06:53:23'),
	(435, 'Prof. Kailee Russel', 'weber.savanah@example.net', '2024-10-02 06:53:23', '$2y$10$92IXUNpkjO0rOQ5byMi.Ye4oKoEa3Ro9llC/.og/at2.uheWG/igi', 'user', 'qokioNzDbj', '2024-10-02 06:53:23', '2024-10-02 06:53:23'),
	(436, 'Enola King', 'ujenkins@example.org', '2024-10-02 06:53:23', '$2y$10$92IXUNpkjO0rOQ5byMi.Ye4oKoEa3Ro9llC/.og/at2.uheWG/igi', 'user', 'QAYf2qKmiA', '2024-10-02 06:53:23', '2024-10-02 06:53:23'),
	(437, 'Kaylee Kshlerin MD', 'hodkiewicz.eloisa@example.org', '2024-10-02 06:53:23', '$2y$10$92IXUNpkjO0rOQ5byMi.Ye4oKoEa3Ro9llC/.og/at2.uheWG/igi', 'user', 'rT44ma2SPn', '2024-10-02 06:53:23', '2024-10-02 06:53:23'),
	(438, 'Orlando Russel', 'destinee02@example.org', '2024-10-02 06:53:23', '$2y$10$92IXUNpkjO0rOQ5byMi.Ye4oKoEa3Ro9llC/.og/at2.uheWG/igi', 'user', 'ae7ArvQuSj', '2024-10-02 06:53:23', '2024-10-02 06:53:23'),
	(439, 'Ms. Raina Jakubowski II', 'makenzie95@example.net', '2024-10-02 06:53:23', '$2y$10$92IXUNpkjO0rOQ5byMi.Ye4oKoEa3Ro9llC/.og/at2.uheWG/igi', 'user', '6YS2zuPNi1', '2024-10-02 06:53:23', '2024-10-02 06:53:23'),
	(440, 'Miss Adrianna Witting', 'granville.okeefe@example.net', '2024-10-02 06:53:23', '$2y$10$92IXUNpkjO0rOQ5byMi.Ye4oKoEa3Ro9llC/.og/at2.uheWG/igi', 'user', 'NwhgvGUa0q', '2024-10-02 06:53:23', '2024-10-02 06:53:23'),
	(441, 'Oleta Kutch DVM', 'fernando17@example.com', '2024-10-02 06:53:23', '$2y$10$92IXUNpkjO0rOQ5byMi.Ye4oKoEa3Ro9llC/.og/at2.uheWG/igi', 'user', 'Jj8soxrP7g', '2024-10-02 06:53:23', '2024-10-02 06:53:23'),
	(442, 'Bradley Mueller Jr.', 'betty.rath@example.net', '2024-10-02 06:53:23', '$2y$10$92IXUNpkjO0rOQ5byMi.Ye4oKoEa3Ro9llC/.og/at2.uheWG/igi', 'user', 'EW36vzh9Lx', '2024-10-02 06:53:23', '2024-10-02 06:53:23'),
	(443, 'Tomasa Bergstrom', 'reilly51@example.org', '2024-10-02 06:53:23', '$2y$10$92IXUNpkjO0rOQ5byMi.Ye4oKoEa3Ro9llC/.og/at2.uheWG/igi', 'user', 'xLsDREJEby', '2024-10-02 06:53:23', '2024-10-02 06:53:23'),
	(444, 'Sylvester Dickens', 'casey76@example.com', '2024-10-02 06:53:23', '$2y$10$92IXUNpkjO0rOQ5byMi.Ye4oKoEa3Ro9llC/.og/at2.uheWG/igi', 'user', 'aJSI0ZQtKx', '2024-10-02 06:53:23', '2024-10-02 06:53:23'),
	(445, 'Golda Champlin', 'cletus.dicki@example.net', '2024-10-02 06:53:23', '$2y$10$92IXUNpkjO0rOQ5byMi.Ye4oKoEa3Ro9llC/.og/at2.uheWG/igi', 'user', 'sLSpfX6sE2', '2024-10-02 06:53:23', '2024-10-02 06:53:23'),
	(446, 'Hans Lowe MD', 'dorian.hayes@example.net', '2024-10-02 06:53:23', '$2y$10$92IXUNpkjO0rOQ5byMi.Ye4oKoEa3Ro9llC/.og/at2.uheWG/igi', 'user', 'SFxA0O93DO', '2024-10-02 06:53:23', '2024-10-02 06:53:23'),
	(447, 'Noemie Keeling', 'archibald69@example.com', '2024-10-02 06:53:23', '$2y$10$92IXUNpkjO0rOQ5byMi.Ye4oKoEa3Ro9llC/.og/at2.uheWG/igi', 'user', 'HhqAXYerUV', '2024-10-02 06:53:23', '2024-10-02 06:53:23'),
	(448, 'Madyson Schmidt', 'clarabelle93@example.net', '2024-10-02 06:53:23', '$2y$10$92IXUNpkjO0rOQ5byMi.Ye4oKoEa3Ro9llC/.og/at2.uheWG/igi', 'user', 'gkS8JIqcUp', '2024-10-02 06:53:23', '2024-10-02 06:53:23'),
	(449, 'Myah Windler', 'jeremy.damore@example.com', '2024-10-02 06:53:23', '$2y$10$92IXUNpkjO0rOQ5byMi.Ye4oKoEa3Ro9llC/.og/at2.uheWG/igi', 'user', 'lKaSZgwsWK', '2024-10-02 06:53:23', '2024-10-02 06:53:23'),
	(450, 'Matilda Hintz', 'igrady@example.org', '2024-10-02 06:53:23', '$2y$10$92IXUNpkjO0rOQ5byMi.Ye4oKoEa3Ro9llC/.og/at2.uheWG/igi', 'user', 'h1nTTZtxbL', '2024-10-02 06:53:23', '2024-10-02 06:53:23'),
	(451, 'Adah Koss', 'micaela.bradtke@example.net', '2024-10-02 06:53:23', '$2y$10$92IXUNpkjO0rOQ5byMi.Ye4oKoEa3Ro9llC/.og/at2.uheWG/igi', 'user', 'fVuwK2uM0C', '2024-10-02 06:53:23', '2024-10-02 06:53:23'),
	(452, 'Anya Herman', 'jena06@example.org', '2024-10-02 06:53:23', '$2y$10$92IXUNpkjO0rOQ5byMi.Ye4oKoEa3Ro9llC/.og/at2.uheWG/igi', 'user', 'OB73i2ex5s', '2024-10-02 06:53:23', '2024-10-02 06:53:23'),
	(453, 'Prof. Robin Sipes', 'weimann.kylie@example.net', '2024-10-02 06:53:23', '$2y$10$92IXUNpkjO0rOQ5byMi.Ye4oKoEa3Ro9llC/.og/at2.uheWG/igi', 'user', 'tFNPaANcWC', '2024-10-02 06:53:23', '2024-10-02 06:53:23'),
	(454, 'Darrel Schimmel', 'kkuphal@example.org', '2024-10-02 06:53:23', '$2y$10$92IXUNpkjO0rOQ5byMi.Ye4oKoEa3Ro9llC/.og/at2.uheWG/igi', 'user', 'RmI2FjYcPq', '2024-10-02 06:53:23', '2024-10-02 06:53:23'),
	(455, 'Janelle Brown', 'alena.kemmer@example.net', '2024-10-02 06:53:23', '$2y$10$92IXUNpkjO0rOQ5byMi.Ye4oKoEa3Ro9llC/.og/at2.uheWG/igi', 'user', 'BHSaD5KlVA', '2024-10-02 06:53:23', '2024-10-02 06:53:23'),
	(456, 'Jarod Zulauf', 'casper.evelyn@example.org', '2024-10-02 06:53:23', '$2y$10$92IXUNpkjO0rOQ5byMi.Ye4oKoEa3Ro9llC/.og/at2.uheWG/igi', 'user', 'OS9hozfeJB', '2024-10-02 06:53:23', '2024-10-02 06:53:23'),
	(457, 'Zaria Becker', 'myrtis.wuckert@example.net', '2024-10-02 06:53:23', '$2y$10$92IXUNpkjO0rOQ5byMi.Ye4oKoEa3Ro9llC/.og/at2.uheWG/igi', 'user', '4jyNRLXeU1', '2024-10-02 06:53:23', '2024-10-02 06:53:23'),
	(458, 'Brad Kunze', 'ernest76@example.org', '2024-10-02 06:53:23', '$2y$10$92IXUNpkjO0rOQ5byMi.Ye4oKoEa3Ro9llC/.og/at2.uheWG/igi', 'user', '6R9mbDFPaC', '2024-10-02 06:53:23', '2024-10-02 06:53:23'),
	(459, 'Taurean Hane', 'ward.celine@example.org', '2024-10-02 06:53:23', '$2y$10$92IXUNpkjO0rOQ5byMi.Ye4oKoEa3Ro9llC/.og/at2.uheWG/igi', 'user', 'ryw4FsYsrB', '2024-10-02 06:53:23', '2024-10-02 06:53:23'),
	(460, 'Lon Volkman', 'kamille.hodkiewicz@example.org', '2024-10-02 06:53:23', '$2y$10$92IXUNpkjO0rOQ5byMi.Ye4oKoEa3Ro9llC/.og/at2.uheWG/igi', 'user', 'YrrlEFWYaH', '2024-10-02 06:53:23', '2024-10-02 06:53:23'),
	(461, 'Prof. Miller Hartmann Jr.', 'haylee44@example.org', '2024-10-02 06:53:23', '$2y$10$92IXUNpkjO0rOQ5byMi.Ye4oKoEa3Ro9llC/.og/at2.uheWG/igi', 'user', 'Lkl4YpAtri', '2024-10-02 06:53:23', '2024-10-02 06:53:23'),
	(462, 'Kyle Reichel DDS', 'rippin.lenora@example.org', '2024-10-02 06:53:23', '$2y$10$92IXUNpkjO0rOQ5byMi.Ye4oKoEa3Ro9llC/.og/at2.uheWG/igi', 'user', 'iVS67WiRFb', '2024-10-02 06:53:23', '2024-10-02 06:53:23'),
	(463, 'Mrs. Leola Von', 'marjorie.considine@example.net', '2024-10-02 06:53:23', '$2y$10$92IXUNpkjO0rOQ5byMi.Ye4oKoEa3Ro9llC/.og/at2.uheWG/igi', 'user', '0MGAdthYpj', '2024-10-02 06:53:23', '2024-10-02 06:53:23'),
	(464, 'Abigale Witting Sr.', 'aubrey51@example.com', '2024-10-02 06:53:23', '$2y$10$92IXUNpkjO0rOQ5byMi.Ye4oKoEa3Ro9llC/.og/at2.uheWG/igi', 'user', 'jRgwWtAbPA', '2024-10-02 06:53:23', '2024-10-02 06:53:23'),
	(465, 'Rosalyn Jenkins Sr.', 'maximus16@example.org', '2024-10-02 06:53:23', '$2y$10$92IXUNpkjO0rOQ5byMi.Ye4oKoEa3Ro9llC/.og/at2.uheWG/igi', 'user', 'Te6FPB6sX7', '2024-10-02 06:53:23', '2024-10-02 06:53:23'),
	(466, 'Dr. Barry Osinski', 'ffadel@example.com', '2024-10-02 06:53:23', '$2y$10$92IXUNpkjO0rOQ5byMi.Ye4oKoEa3Ro9llC/.og/at2.uheWG/igi', 'user', 'H2lCDU5mPo', '2024-10-02 06:53:23', '2024-10-02 06:53:23'),
	(467, 'Newton Steuber', 'clementina.dicki@example.net', '2024-10-02 06:53:23', '$2y$10$92IXUNpkjO0rOQ5byMi.Ye4oKoEa3Ro9llC/.og/at2.uheWG/igi', 'user', 'PAA2Za2lvq', '2024-10-02 06:53:23', '2024-10-02 06:53:23'),
	(468, 'Prof. Tiara Hartmann', 'moses24@example.org', '2024-10-02 06:53:23', '$2y$10$92IXUNpkjO0rOQ5byMi.Ye4oKoEa3Ro9llC/.og/at2.uheWG/igi', 'user', 'ji8i0ibVUY', '2024-10-02 06:53:23', '2024-10-02 06:53:23'),
	(469, 'Prof. Ariel Simonis MD', 'wilma62@example.org', '2024-10-02 06:53:23', '$2y$10$92IXUNpkjO0rOQ5byMi.Ye4oKoEa3Ro9llC/.og/at2.uheWG/igi', 'user', 'A0T6AgYwkF', '2024-10-02 06:53:23', '2024-10-02 06:53:23'),
	(470, 'Libbie Murazik', 'noemy62@example.net', '2024-10-02 06:53:23', '$2y$10$92IXUNpkjO0rOQ5byMi.Ye4oKoEa3Ro9llC/.og/at2.uheWG/igi', 'user', 'qkmDZBcmqF', '2024-10-02 06:53:23', '2024-10-02 06:53:23'),
	(471, 'Monserrate Ebert', 'nikolas12@example.com', '2024-10-02 06:53:23', '$2y$10$92IXUNpkjO0rOQ5byMi.Ye4oKoEa3Ro9llC/.og/at2.uheWG/igi', 'user', 'plYhC4IXUs', '2024-10-02 06:53:23', '2024-10-02 06:53:23'),
	(472, 'Gwen Mills', 'lucile32@example.org', '2024-10-02 06:53:23', '$2y$10$92IXUNpkjO0rOQ5byMi.Ye4oKoEa3Ro9llC/.og/at2.uheWG/igi', 'user', 'iGuXqAk6CO', '2024-10-02 06:53:23', '2024-10-02 06:53:23'),
	(473, 'Thelma Fritsch', 'cremin.juliana@example.com', '2024-10-02 06:53:23', '$2y$10$92IXUNpkjO0rOQ5byMi.Ye4oKoEa3Ro9llC/.og/at2.uheWG/igi', 'user', 'Ge1xhl1AWu', '2024-10-02 06:53:23', '2024-10-02 06:53:23'),
	(474, 'Alexandria Hyatt', 'vaughn.armstrong@example.org', '2024-10-02 06:53:23', '$2y$10$92IXUNpkjO0rOQ5byMi.Ye4oKoEa3Ro9llC/.og/at2.uheWG/igi', 'user', 'hYTJGj38xC', '2024-10-02 06:53:23', '2024-10-02 06:53:23'),
	(475, 'Jaren Sauer PhD', 'heaney.rosanna@example.org', '2024-10-02 06:53:23', '$2y$10$92IXUNpkjO0rOQ5byMi.Ye4oKoEa3Ro9llC/.og/at2.uheWG/igi', 'user', 'pSAQxv05Hr', '2024-10-02 06:53:23', '2024-10-02 06:53:23'),
	(476, 'Dayna Wintheiser', 'oconner.guy@example.net', '2024-10-02 06:53:23', '$2y$10$92IXUNpkjO0rOQ5byMi.Ye4oKoEa3Ro9llC/.og/at2.uheWG/igi', 'user', 'hZaFPT31Mg', '2024-10-02 06:53:23', '2024-10-02 06:53:23'),
	(477, 'Dr. Waino Heaney V', 'emmy.langworth@example.org', '2024-10-02 06:53:23', '$2y$10$92IXUNpkjO0rOQ5byMi.Ye4oKoEa3Ro9llC/.og/at2.uheWG/igi', 'user', '2A9NjQyu3R', '2024-10-02 06:53:23', '2024-10-02 06:53:23'),
	(478, 'Edward Wuckert III', 'bailee71@example.net', '2024-10-02 06:53:23', '$2y$10$92IXUNpkjO0rOQ5byMi.Ye4oKoEa3Ro9llC/.og/at2.uheWG/igi', 'user', 'cQrZCXqJRc', '2024-10-02 06:53:23', '2024-10-02 06:53:23'),
	(479, 'Zakary Watsica', 'jammie.wehner@example.net', '2024-10-02 06:53:23', '$2y$10$92IXUNpkjO0rOQ5byMi.Ye4oKoEa3Ro9llC/.og/at2.uheWG/igi', 'user', '2bjrBjrqhE', '2024-10-02 06:53:23', '2024-10-02 06:53:23'),
	(480, 'Larissa Bashirian', 'judy.stamm@example.com', '2024-10-02 06:53:23', '$2y$10$92IXUNpkjO0rOQ5byMi.Ye4oKoEa3Ro9llC/.og/at2.uheWG/igi', 'user', 'cx7ggOqRAM', '2024-10-02 06:53:23', '2024-10-02 06:53:23'),
	(481, 'Dr. Stefan Farrell V', 'tlarkin@example.net', '2024-10-02 06:53:23', '$2y$10$92IXUNpkjO0rOQ5byMi.Ye4oKoEa3Ro9llC/.og/at2.uheWG/igi', 'user', 'pMcFpAF5PB', '2024-10-02 06:53:23', '2024-10-02 06:53:23'),
	(482, 'Deron Anderson', 'cdenesik@example.net', '2024-10-02 06:53:23', '$2y$10$92IXUNpkjO0rOQ5byMi.Ye4oKoEa3Ro9llC/.og/at2.uheWG/igi', 'user', '6gFAd8W6Xw', '2024-10-02 06:53:23', '2024-10-02 06:53:23'),
	(483, 'Miss Noemi Abbott', 'tcronin@example.com', '2024-10-02 06:53:23', '$2y$10$92IXUNpkjO0rOQ5byMi.Ye4oKoEa3Ro9llC/.og/at2.uheWG/igi', 'user', 'ggERkccWbl', '2024-10-02 06:53:23', '2024-10-02 06:53:23'),
	(484, 'Prof. Kelsi Lindgren Jr.', 'ebruen@example.org', '2024-10-02 06:53:23', '$2y$10$92IXUNpkjO0rOQ5byMi.Ye4oKoEa3Ro9llC/.og/at2.uheWG/igi', 'user', '5YXS5QiIhX', '2024-10-02 06:53:23', '2024-10-02 06:53:23'),
	(485, 'Eliza D\'Amore', 'wolf.idella@example.org', '2024-10-02 06:53:23', '$2y$10$92IXUNpkjO0rOQ5byMi.Ye4oKoEa3Ro9llC/.og/at2.uheWG/igi', 'user', 'orqRuZpj5a', '2024-10-02 06:53:23', '2024-10-02 06:53:23'),
	(486, 'Miss Leonie Miller DVM', 'sawayn.elyssa@example.net', '2024-10-02 06:53:23', '$2y$10$92IXUNpkjO0rOQ5byMi.Ye4oKoEa3Ro9llC/.og/at2.uheWG/igi', 'user', '7S9wUM15kq', '2024-10-02 06:53:23', '2024-10-02 06:53:23'),
	(487, 'Vesta Renner', 'madonna.simonis@example.org', '2024-10-02 06:53:23', '$2y$10$92IXUNpkjO0rOQ5byMi.Ye4oKoEa3Ro9llC/.og/at2.uheWG/igi', 'user', 'dsY7RxlPaS', '2024-10-02 06:53:23', '2024-10-02 06:53:23'),
	(488, 'Bernard Gutkowski', 'jones.evans@example.com', '2024-10-02 06:53:23', '$2y$10$92IXUNpkjO0rOQ5byMi.Ye4oKoEa3Ro9llC/.og/at2.uheWG/igi', 'user', 'IIuPvv0K04', '2024-10-02 06:53:23', '2024-10-02 06:53:23'),
	(489, 'Leora Abbott', 'curt64@example.com', '2024-10-02 06:53:23', '$2y$10$92IXUNpkjO0rOQ5byMi.Ye4oKoEa3Ro9llC/.og/at2.uheWG/igi', 'user', 'vXdn7CgiFF', '2024-10-02 06:53:23', '2024-10-02 06:53:23'),
	(490, 'Amir Orn', 'lyla.cummings@example.com', '2024-10-02 06:53:23', '$2y$10$92IXUNpkjO0rOQ5byMi.Ye4oKoEa3Ro9llC/.og/at2.uheWG/igi', 'user', '1GUjsqltbq', '2024-10-02 06:53:23', '2024-10-02 06:53:23'),
	(491, 'Camron Langosh', 'klocko.anne@example.com', '2024-10-02 06:53:23', '$2y$10$92IXUNpkjO0rOQ5byMi.Ye4oKoEa3Ro9llC/.og/at2.uheWG/igi', 'user', 'gSzQMhSl2A', '2024-10-02 06:53:23', '2024-10-02 06:53:23'),
	(492, 'Mr. Mariano Parisian I', 'wyman.ashtyn@example.org', '2024-10-02 06:53:23', '$2y$10$92IXUNpkjO0rOQ5byMi.Ye4oKoEa3Ro9llC/.og/at2.uheWG/igi', 'user', 'SEABN7UimI', '2024-10-02 06:53:23', '2024-10-02 06:53:23'),
	(493, 'Lavada Leannon', 'augustus.tillman@example.com', '2024-10-02 06:53:23', '$2y$10$92IXUNpkjO0rOQ5byMi.Ye4oKoEa3Ro9llC/.og/at2.uheWG/igi', 'user', '09wSdeKb4n', '2024-10-02 06:53:23', '2024-10-02 06:53:23'),
	(494, 'Mrs. Gia Hills PhD', 'estella03@example.org', '2024-10-02 06:53:23', '$2y$10$92IXUNpkjO0rOQ5byMi.Ye4oKoEa3Ro9llC/.og/at2.uheWG/igi', 'user', '4QAcxQeCWH', '2024-10-02 06:53:23', '2024-10-02 06:53:23'),
	(495, 'Jody Glover', 'bwelch@example.net', '2024-10-02 06:53:23', '$2y$10$92IXUNpkjO0rOQ5byMi.Ye4oKoEa3Ro9llC/.og/at2.uheWG/igi', 'user', 'V7fCxN4y6a', '2024-10-02 06:53:23', '2024-10-02 06:53:23'),
	(496, 'Tyra Bauch', 'colton.wisoky@example.org', '2024-10-02 06:53:23', '$2y$10$92IXUNpkjO0rOQ5byMi.Ye4oKoEa3Ro9llC/.og/at2.uheWG/igi', 'user', 'LNmtDMZtZ4', '2024-10-02 06:53:23', '2024-10-02 06:53:23'),
	(497, 'Dr. Antwan Gislason III', 'mblick@example.org', '2024-10-02 06:53:24', '$2y$10$92IXUNpkjO0rOQ5byMi.Ye4oKoEa3Ro9llC/.og/at2.uheWG/igi', 'user', '3JpuBLDzxL', '2024-10-02 06:53:24', '2024-10-02 06:53:24'),
	(498, 'Domenica Beatty DVM', 'ondricka.erik@example.net', '2024-10-02 06:53:24', '$2y$10$92IXUNpkjO0rOQ5byMi.Ye4oKoEa3Ro9llC/.og/at2.uheWG/igi', 'user', '6vSGlGz1HR', '2024-10-02 06:53:24', '2024-10-02 06:53:24'),
	(499, 'Corene Murray IV', 'nikolaus.shanelle@example.org', '2024-10-02 06:53:24', '$2y$10$92IXUNpkjO0rOQ5byMi.Ye4oKoEa3Ro9llC/.og/at2.uheWG/igi', 'user', 'gN73bvAQ0z', '2024-10-02 06:53:24', '2024-10-02 06:53:24'),
	(500, 'Dudley Windler', 'isauer@example.net', '2024-10-02 06:53:24', '$2y$10$92IXUNpkjO0rOQ5byMi.Ye4oKoEa3Ro9llC/.og/at2.uheWG/igi', 'user', 'mBvBMayw7S', '2024-10-02 06:53:24', '2024-10-02 06:53:24'),
	(501, 'Andy Hintz', 'monserrate.muller@example.com', '2024-10-02 06:53:24', '$2y$10$92IXUNpkjO0rOQ5byMi.Ye4oKoEa3Ro9llC/.og/at2.uheWG/igi', 'user', 'HnIroVh0rm', '2024-10-02 06:53:24', '2024-10-02 06:53:24'),
	(502, 'Ocie Ebert', 'skylar.pagac@example.com', '2024-10-02 06:53:24', '$2y$10$92IXUNpkjO0rOQ5byMi.Ye4oKoEa3Ro9llC/.og/at2.uheWG/igi', 'user', 'ydQcRmxL6y', '2024-10-02 06:53:24', '2024-10-02 06:53:24'),
	(503, 'Hilton Kohler', 'shaina.wolf@example.net', '2024-10-02 06:53:24', '$2y$10$92IXUNpkjO0rOQ5byMi.Ye4oKoEa3Ro9llC/.og/at2.uheWG/igi', 'user', 'pYWXxQ4cY8', '2024-10-02 06:53:24', '2024-10-02 06:53:24'),
	(504, 'Shanny Langworth', 'clemke@example.org', '2024-10-02 06:53:24', '$2y$10$92IXUNpkjO0rOQ5byMi.Ye4oKoEa3Ro9llC/.og/at2.uheWG/igi', 'user', 'G8vb45eKvb', '2024-10-02 06:53:24', '2024-10-02 06:53:24'),
	(505, 'Rae McDermott', 'kristopher87@example.net', '2024-10-02 06:53:24', '$2y$10$92IXUNpkjO0rOQ5byMi.Ye4oKoEa3Ro9llC/.og/at2.uheWG/igi', 'user', 'rrUgHn8fqb', '2024-10-02 06:53:24', '2024-10-02 06:53:24'),
	(506, 'Miss Annamarie Hirthe II', 'shayna00@example.com', '2024-10-02 06:53:24', '$2y$10$92IXUNpkjO0rOQ5byMi.Ye4oKoEa3Ro9llC/.og/at2.uheWG/igi', 'user', 'tdANmJ3GdP', '2024-10-02 06:53:24', '2024-10-02 06:53:24'),
	(507, 'Reinhold Frami', 'jast.anabel@example.com', '2024-10-02 06:53:24', '$2y$10$92IXUNpkjO0rOQ5byMi.Ye4oKoEa3Ro9llC/.og/at2.uheWG/igi', 'user', 'lsNu4pb3Gc', '2024-10-02 06:53:24', '2024-10-02 06:53:24'),
	(508, 'Rosella Nicolas', 'alexane58@example.com', '2024-10-02 06:53:24', '$2y$10$92IXUNpkjO0rOQ5byMi.Ye4oKoEa3Ro9llC/.og/at2.uheWG/igi', 'user', 'cHnJmJFiI9', '2024-10-02 06:53:24', '2024-10-02 06:53:24'),
	(509, 'Jamarcus Shields', 'dannie97@example.org', '2024-10-02 06:53:24', '$2y$10$92IXUNpkjO0rOQ5byMi.Ye4oKoEa3Ro9llC/.og/at2.uheWG/igi', 'user', 'DUYFy2wNAO', '2024-10-02 06:53:24', '2024-10-02 06:53:24'),
	(510, 'Rylee Pfeffer', 'stanton.ethyl@example.org', '2024-10-02 06:53:24', '$2y$10$92IXUNpkjO0rOQ5byMi.Ye4oKoEa3Ro9llC/.og/at2.uheWG/igi', 'user', 'AwArqMVSKE', '2024-10-02 06:53:24', '2024-10-02 06:53:24'),
	(511, 'Arely Stark III', 'gordon69@example.org', '2024-10-02 06:53:24', '$2y$10$92IXUNpkjO0rOQ5byMi.Ye4oKoEa3Ro9llC/.og/at2.uheWG/igi', 'user', 'bejnbEXN0R', '2024-10-02 06:53:24', '2024-10-02 06:53:24'),
	(512, 'Ahmed Hegmann', 'bfay@example.org', '2024-10-02 06:53:24', '$2y$10$92IXUNpkjO0rOQ5byMi.Ye4oKoEa3Ro9llC/.og/at2.uheWG/igi', 'user', 'trNseLdnvC', '2024-10-02 06:53:24', '2024-10-02 06:53:24');

/*!40103 SET TIME_ZONE=IFNULL(@OLD_TIME_ZONE, 'system') */;
/*!40101 SET SQL_MODE=IFNULL(@OLD_SQL_MODE, '') */;
/*!40014 SET FOREIGN_KEY_CHECKS=IFNULL(@OLD_FOREIGN_KEY_CHECKS, 1) */;
/*!40101 SET CHARACTER_SET_CLIENT=@OLD_CHARACTER_SET_CLIENT */;
/*!40111 SET SQL_NOTES=IFNULL(@OLD_SQL_NOTES, 1) */;
